factor,day,equity
聪明钱Q,2024-06-02,0.992839087614015
聪明钱Q,2024-06-03,1.016934535499092
聪明钱Q,2024-06-04,1.01608361863303
聪明钱Q,2024-06-05,1.0059148582505513
聪明钱Q,2024-06-06,0.9864277964496895
聪明钱Q,2024-06-07,0.9605075891405833
聪明钱Q,2024-06-08,0.9748657096449226
聪明钱Q,2024-06-09,0.982421255052446
聪明钱Q,2024-06-10,0.9868666223884347
聪明钱Q,2024-06-11,0.9689584928615232
聪明钱Q,2024-06-12,0.9480884782826992
聪明钱Q,2024-06-13,0.9585443042157886
聪明钱Q,2024-06-14,0.955963146881497
聪明钱Q,2024-06-15,0.9346020987010358
聪明钱Q,2024-06-16,0.9096093500549262
聪明钱Q,2024-06-17,0.8725501904801195
聪明钱Q,2024-06-18,0.8742905767058893
聪明钱Q,2024-06-19,0.877945130915566
聪明钱Q,2024-06-20,0.8748850942584205
聪明钱Q,2024-06-21,0.8703634947270131
聪明钱Q,2024-06-22,0.8599617911824443
聪明钱Q,2024-06-23,0.863498254160164
聪明钱Q,2024-06-24,0.8341564508259702
聪明钱Q,2024-06-25,0.8426095457888104
聪明钱Q,2024-06-26,0.8550075844444345
聪明钱Q,2024-06-27,0.8487861978615889
聪明钱Q,2024-06-28,0.8434592047663503
聪明钱Q,2024-06-29,0.8411916184911604
聪明钱Q,2024-06-30,0.8309385866311068
聪明钱Q,2024-07-01,0.8127839997421326
聪明钱Q,2024-07-02,0.8100359442955769
聪明钱Q,2024-07-03,0.7934353896917525
聪明钱Q,2024-07-04,0.8046957736034769
聪明钱Q,2024-07-05,0.8135018148556826
聪明钱Q,2024-07-06,0.8129919304594644
聪明钱Q,2024-07-07,0.8109896343655397
聪明钱Q,2024-07-08,0.8103188461482428
聪明钱Q,2024-07-09,0.8137098810470347
聪明钱Q,2024-07-10,0.8076808701234743
聪明钱Q,2024-07-11,0.812568245751073
聪明钱Q,2024-07-12,0.788983841866777
聪明钱Q,2024-07-13,0.7912223171672269
聪明钱Q,2024-07-14,0.7710783750539622
聪明钱Q,2024-07-15,0.7339529370456589
聪明钱Q,2024-07-16,0.7230627205036454
聪明钱Q,2024-07-17,0.7257025198129139
聪明钱Q,2024-07-18,0.7220717885870799
聪明钱Q,2024-07-19,0.7117497299079335
聪明钱Q,2024-07-20,0.7152089851024982
聪明钱Q,2024-07-21,0.7035126256853951
聪明钱Q,2024-07-22,0.7095686959109909
聪明钱Q,2024-07-23,0.6847279104574745
聪明钱Q,2024-07-24,0.6880128285498183
聪明钱Q,2024-07-25,0.6824892760564205
聪明钱Q,2024-07-26,0.683504051562606
聪明钱Q,2024-07-27,0.6652669204592485
聪明钱Q,2024-07-28,0.6741480734602183
聪明钱Q,2024-07-29,0.6699129340516148
聪明钱Q,2024-07-30,0.6719907546630463
聪明钱Q,2024-07-31,0.6493251598876236
聪明钱Q,2024-08-01,0.6472972574239816
聪明钱Q,2024-08-02,0.6495007760921109
聪明钱Q,2024-08-03,0.6504172307939637
聪明钱Q,2024-08-04,0.6557855239366905
聪明钱Q,2024-08-05,0.6524823550318795
聪明钱Q,2024-08-06,0.6571388928979599
聪明钱Q,2024-08-07,0.7055212201289227
聪明钱Q,2024-08-08,0.714091359699544
聪明钱Q,2024-08-09,0.6982133219811768
聪明钱Q,2024-08-10,0.676018315624147
聪明钱Q,2024-08-11,0.6921577528399544
聪明钱Q,2024-08-12,0.6939946143373619
聪明钱Q,2024-08-13,0.6993462530927611
聪明钱Q,2024-08-14,0.7053204370639639
聪明钱Q,2024-08-15,0.715885846840275
聪明钱Q,2024-08-16,0.7012518447398779
聪明钱Q,2024-08-17,0.6990282698360226
聪明钱Q,2024-08-18,0.6968147682507647
聪明钱Q,2024-08-19,0.6808627600964416
聪明钱Q,2024-08-20,0.6748412540999182
聪明钱Q,2024-08-21,0.6823479208518388
聪明钱Q,2024-08-22,0.6906558295025341
聪明钱Q,2024-08-23,0.6907198064693755
聪明钱Q,2024-08-24,0.6815606763675149
聪明钱Q,2024-08-25,0.6801944028981738
聪明钱Q,2024-08-26,0.6926981872293139
聪明钱Q,2024-08-27,0.7118561633123063
聪明钱Q,2024-08-28,0.7209407749519667
聪明钱Q,2024-08-29,0.7172687337505396
聪明钱Q,2024-08-30,0.7209987715218567
聪明钱Q,2024-08-31,0.7135680438868529
聪明钱Q,2024-09-01,0.695815354571955
聪明钱Q,2024-09-02,0.694052592859297
聪明钱Q,2024-09-03,0.6864042381951528
聪明钱Q,2024-09-04,0.705667289014345
聪明钱Q,2024-09-05,0.6973520250092835
聪明钱Q,2024-09-06,0.6783544297253724
聪明钱Q,2024-09-07,0.6737899003368197
聪明钱Q,2024-09-08,0.6689658296489714
聪明钱Q,2024-09-09,0.6782250991232214
聪明钱Q,2024-09-10,0.6887787280245207
聪明钱Q,2024-09-11,0.698718186205146
聪明钱Q,2024-09-12,0.7014415185065731
聪明钱Q,2024-09-13,0.7130955305040427
聪明钱Q,2024-09-14,0.7105171771729287
聪明钱Q,2024-09-15,0.7082754070497012
聪明钱Q,2024-09-16,0.7235821900926729
聪明钱Q,2024-09-17,0.7353140169701184
聪明钱Q,2024-09-18,0.7548658437615922
聪明钱Q,2024-09-19,0.7682718961882018
聪明钱Q,2024-09-20,0.778130099753168
聪明钱Q,2024-09-21,0.7892408679500538
聪明钱Q,2024-09-22,0.7710755950738444
聪明钱Q,2024-09-23,0.7655244720097251
聪明钱Q,2024-09-24,0.7588922830000262
聪明钱Q,2024-09-25,0.7671067682499554
聪明钱Q,2024-09-26,0.7770731214573398
聪明钱Q,2024-09-27,0.771172333955844
聪明钱Q,2024-09-28,0.7822925222976764
聪明钱Q,2024-09-29,0.7731627136723289
聪明钱Q,2024-09-30,0.7981199556825164
聪明钱Q,2024-10-01,0.7946372148377261
聪明钱Q,2024-10-02,0.7711601059970947
聪明钱Q,2024-10-03,0.7916666577730261
聪明钱Q,2024-10-04,0.7843202075616624
聪明钱Q,2024-10-05,0.7946866473479385
聪明钱Q,2024-10-06,0.7912275721422416
聪明钱Q,2024-10-07,0.7871352552518851
聪明钱Q,2024-10-08,0.7757873369947279
聪明钱Q,2024-10-09,0.7781453717403913
聪明钱Q,2024-10-10,0.7618297862060647
聪明钱Q,2024-10-11,0.7616154877729149
聪明钱Q,2024-10-12,0.7683137936181832
聪明钱Q,2024-10-13,0.7528706153158402
聪明钱Q,2024-10-14,0.7658367846207482
聪明钱Q,2024-10-15,0.7668411633709076
聪明钱Q,2024-10-16,0.7748878124279589
聪明钱Q,2024-10-17,0.7749663184306566
聪明钱Q,2024-10-18,0.7733803455178451
聪明钱Q,2024-10-19,0.7738304150391264
聪明钱Q,2024-10-20,0.7720630935397146
聪明钱Q,2024-10-21,0.7735994985438721
聪明钱Q,2024-10-22,0.769204443698902
聪明钱Q,2024-10-23,0.7666207530467949
聪明钱Q,2024-10-24,0.760185487033275
聪明钱Q,2024-10-25,0.7571934309744898
聪明钱Q,2024-10-26,0.7661082105267126
聪明钱Q,2024-10-27,0.7621447004767159
聪明钱Q,2024-10-28,0.7540944292198898
聪明钱Q,2024-10-29,0.7593565651480939
聪明钱Q,2024-10-30,0.7697126574307819
聪明钱Q,2024-10-31,0.7712111137973141
聪明钱Q,2024-11-01,0.7682000355553266
聪明钱Q,2024-11-02,0.7689779373481537
聪明钱Q,2024-11-03,0.7692445297638159
聪明钱Q,2024-11-04,0.7570686974478151
聪明钱Q,2024-11-05,0.7476633372502928
聪明钱Q,2024-11-06,0.7608825593121565
聪明钱Q,2024-11-07,0.7663815313405883
聪明钱Q,2024-11-08,0.764277767939717
聪明钱Q,2024-11-09,0.7879805423277705
聪明钱Q,2024-11-10,0.7785809098939896
聪明钱Q,2024-11-11,0.731638636491415
聪明钱Q,2024-11-12,0.7206040710861872
聪明钱Q,2024-11-13,0.7179759850816273
聪明钱Q,2024-11-14,0.6681905361820802
聪明钱Q,2024-11-15,0.6634353663552532
聪明钱Q,2024-11-16,0.6982626159506572
聪明钱Q,2024-11-17,0.6792779543325338
聪明钱Q,2024-11-18,0.6846472912619816
聪明钱Q,2024-11-19,0.6669948929694134
聪明钱Q,2024-11-20,0.6335900904599326
聪明钱Q,2024-11-21,0.6734114667739795
聪明钱Q,2024-11-22,0.654283335327828
聪明钱Q,2024-11-23,0.658082685934844
聪明钱Q,2024-11-24,0.6452556163116808
聪明钱Q,2024-11-25,0.6728476634462212
聪明钱Q,2024-11-26,0.6351560631638397
聪明钱Q,2024-11-27,0.6469866387359668
聪明钱Q,2024-11-28,0.678449555418864
聪明钱Q,2024-11-29,0.6506680583445953
聪明钱Q,2024-11-30,0.6768916436466388
聪明钱Q,2024-12-01,0.676925644137849
聪明钱Q,2024-12-02,0.6866074346317891
聪明钱Q,2024-12-03,0.7437054900415837
聪明钱Q,2024-12-04,0.7433136342580959
聪明钱Q,2024-12-05,0.7564363705170581
聪明钱Q,2024-12-06,0.7638479652670861
聪明钱Q,2024-12-07,0.754408157524608
聪明钱Q,2024-12-08,0.7707030825037545
聪明钱Q,2024-12-09,0.7638752802930857
聪明钱Q,2024-12-10,0.7758599192984946
聪明钱Q,2024-12-11,0.8313426981474386
聪明钱Q,2024-12-12,0.8296140893427354
聪明钱Q,2024-12-13,0.8152539706711616
聪明钱Q,2024-12-14,0.8089489620265349
聪明钱Q,2024-12-15,0.8089422667599869
聪明钱Q,2024-12-16,0.7967127099798114
聪明钱Q,2024-12-17,0.8016883440293525
聪明钱Q,2024-12-18,0.7930875992009578
聪明钱Q,2024-12-19,0.7894184070488595
聪明钱Q,2024-12-20,0.7769646794788347
聪明钱Q,2024-12-21,0.7712858057177523
聪明钱Q,2024-12-22,0.7819027307080744
聪明钱Q,2024-12-23,0.7695382293102282
聪明钱Q,2024-12-24,0.7731255363346659
聪明钱Q,2024-12-25,0.7720147046876478
聪明钱Q,2024-12-26,0.7689374988327905
聪明钱Q,2024-12-27,0.7773394649474774
聪明钱Q,2024-12-28,0.7824024467557468
聪明钱Q,2024-12-29,0.7830954454532828
聪明钱Q,2024-12-30,0.8061840613313327
聪明钱Q,2024-12-31,0.7984568800902575
聪明钱Q,2025-01-01,0.7984843682950081
聪明钱Q,2025-01-02,0.8004920654959007
聪明钱Q,2025-01-03,0.7975747099076816
聪明钱Q,2025-01-04,0.8035719003050552
聪明钱Q,2025-01-05,0.8151204628692469
聪明钱Q,2025-01-06,0.8303402292252924
聪明钱Q,2025-01-07,0.8221786225344098
聪明钱Q,2025-01-08,0.8093609510076709
聪明钱Q,2025-01-09,0.8083439994932415
聪明钱Q,2025-01-10,0.8212797049179666
聪明钱Q,2025-01-11,0.8339623377631369
聪明钱Q,2025-01-12,0.8540792922264984
聪明钱Q,2025-01-13,0.835858186552656
聪明钱Q,2025-01-14,0.8160751118091523
聪明钱Q,2025-01-15,0.7964481859117263
聪明钱Q,2025-01-16,0.787280921531308
聪明钱Q,2025-01-17,0.837669910021324
聪明钱Q,2025-01-18,0.8211616426521664
聪明钱Q,2025-01-19,0.8061298663767227
聪明钱Q,2025-01-20,0.7903892090132987
聪明钱Q,2025-01-21,0.789882236980366
聪明钱Q,2025-01-22,0.7866227035931674
聪明钱Q,2025-01-23,0.7882193208965926
聪明钱Q,2025-01-24,0.801884230019198
聪明钱Q,2025-01-25,0.7921272567890498
聪明钱Q,2025-01-26,0.7810374300277245
聪明钱Q,2025-01-27,0.8049908654671415
聪明钱Q,2025-01-28,0.8031731337431139
聪明钱Q,2025-01-29,0.7815984805787888
聪明钱Q,2025-01-30,0.7771832088576639
聪明钱Q,2025-01-31,0.7689541754581259
聪明钱Q,2025-02-01,0.7358431197011092
聪明钱Q,2025-02-02,0.7324774562638104
聪明钱Q,2025-02-03,0.7192442172876097
聪明钱Q,2025-02-04,0.7153928217799804
聪明钱Q,2025-02-05,0.7004733206921289
聪明钱Q,2025-02-06,0.7060105289978154
聪明钱Q,2025-02-07,0.7040412326876154
聪明钱Q,2025-02-08,0.7165067622676481
聪明钱Q,2025-02-09,0.6934646247544153
聪明钱Q,2025-02-10,0.683154109369116
聪明钱Q,2025-02-11,0.697118442078721
聪明钱Q,2025-02-12,0.7049719058993541
聪明钱Q,2025-02-13,0.6970293850729266
聪明钱Q,2025-02-14,0.6906483634376922
聪明钱Q,2025-02-15,0.6992617206051167
聪明钱Q,2025-02-16,0.6887697067656713
聪明钱Q,2025-02-17,0.6573801685462112
聪明钱Q,2025-02-18,0.648754073881636
聪明钱Q,2025-02-19,0.6628321120763615
聪明钱Q,2025-02-20,0.6663887450690278
聪明钱Q,2025-02-21,0.6697451785283188
聪明钱Q,2025-02-22,0.6698127175025677
聪明钱Q,2025-02-23,0.6823450579933877
聪明钱Q,2025-02-24,0.6836474291856369
聪明钱Q,2025-02-25,0.6900894411221725
聪明钱Q,2025-02-26,0.6916268936154802
聪明钱Q,2025-02-27,0.6695022141641412
聪明钱Q,2025-02-28,0.6568817899020797
聪明钱Q,2025-03-01,0.6595243701295639
聪明钱Q,2025-03-02,0.6312709147704764
聪明钱Q,2025-03-03,0.6455812090741148
聪明钱Q,2025-03-04,0.5792451469512653
聪明钱Q,2025-03-05,0.5681370591383511
聪明钱Q,2025-03-06,0.5574750358987435
聪明钱Q,2025-03-07,0.5628784850323022
聪明钱Q,2025-03-08,0.5771090938827581
聪明钱Q,2025-03-09,0.5852589790092524
聪明钱Q,2025-03-10,0.5757755950009911
聪明钱Q,2025-03-11,0.5880191820822606
聪明钱Q,2025-03-12,0.5935221151183045
聪明钱Q,2025-03-13,0.6012561030947245
聪明钱Q,2025-03-14,0.5982088067699561
聪明钱Q,2025-03-15,0.6015229423142493
聪明钱Q,2025-03-16,0.6107998619988022
聪明钱Q,2025-03-17,0.6100740859155872
聪明钱Q,2025-03-18,0.6179329945605281
聪明钱Q,2025-03-19,0.6175523376155222
聪明钱Q,2025-03-20,0.6314676189105441
聪明钱Q,2025-03-21,0.6315920764283335
聪明钱Q,2025-03-22,0.6362049734585061
聪明钱Q,2025-03-23,0.6479685653517505
聪明钱Q,2025-03-24,0.6654329497472932
聪明钱Q,2025-03-25,0.6533365730055491
聪明钱Q,2025-03-26,0.6596326423627713
聪明钱Q,2025-03-27,0.6593550744482988
聪明钱Q,2025-03-28,0.6691533212148905
聪明钱Q,2025-03-29,0.670649652603368
聪明钱Q,2025-03-30,0.6678488223661164
聪明钱Q,2025-03-31,0.6644656926440333
聪明钱Q,2025-04-01,0.6754610918943151
聪明钱Q,2025-04-02,0.674244166752424
聪明钱Q,2025-04-03,0.6872968164568755
聪明钱Q,2025-04-04,0.6851768156669091
聪明钱Q,2025-04-05,0.6937662588451915
聪明钱Q,2025-04-06,0.6970346655309818
聪明钱Q,2025-04-07,0.6993146471743293
聪明钱Q,2025-04-08,0.7159830169636596
聪明钱Q,2025-04-09,0.7038948581427665
聪明钱Q,2025-04-10,0.709431225326223
聪明钱Q,2025-04-11,0.73401967851595
聪明钱Q,2025-04-12,0.7212338362249647
聪明钱Q,2025-04-13,0.7243724279249574
聪明钱Q,2025-04-14,0.7266355030922057
聪明钱Q,2025-04-15,0.7344743125395389
聪明钱Q,2025-04-16,0.7316949408750054
聪明钱Q,2025-04-17,0.7201529723215091
聪明钱Q,2025-04-18,0.7175976320862726
聪明钱Q,2025-04-19,0.706676771898789
聪明钱Q,2025-04-20,0.7019075628269723
聪明钱Q,2025-04-21,0.7027126800758574
聪明钱Q,2025-04-22,0.7025107180908354
聪明钱Q,2025-04-23,0.7016208321015468
聪明钱Q,2025-04-24,0.7009104074036177
聪明钱Q,2025-04-25,0.7024331651706602
聪明钱Q,2025-04-26,0.6876444341421105
聪明钱Q,2025-04-27,0.683910049297278
聪明钱Q,2025-04-28,0.6794296332198779
聪明钱Q,2025-04-29,0.6776771802405559
聪明钱Q,2025-04-30,0.6867194005164696
聪明钱Q,2025-05-01,0.6732139483020009
聪明钱Q,2025-05-02,0.6584875011260631
聪明钱Q,2025-05-03,0.6494762773594761
聪明钱Q,2025-05-04,0.6464341284221021
聪明钱Q,2025-05-05,0.6186051976985443
聪明钱Q,2025-05-06,0.6088014424177794
聪明钱Q,2025-05-07,0.6365705113450812
聪明钱Q,2025-05-08,0.654651485680434
聪明钱Q,2025-05-09,0.6632576490400366
聪明钱Q,2025-05-10,0.6695221881828208
聪明钱Q,2025-05-11,0.6615407064259643
聪明钱Q,2025-05-12,0.6535691914063687
聪明钱Q,2025-05-13,0.6333827729567116
聪明钱Q,2025-05-14,0.6205717476732443
聪明钱Q,2025-05-15,0.6235012820829993
聪明钱Q,2025-05-16,0.6104580410313519
聪明钱Q,2025-05-17,0.6101384048439549
聪明钱Q,2025-05-18,0.6278154388124253
聪明钱Q,2025-05-19,0.625283031169064
聪明钱Q,2025-05-20,0.6119600804755356
聪明钱Q,2025-05-21,0.6032238440910563
聪明钱Q,2025-05-22,0.5978396001559922
聪明钱Q,2025-05-23,0.6019644531980917
聪明钱Q,2025-05-24,0.5988342047240418
聪明钱Q,2025-05-25,0.6017681523000039
聪明钱Q,2025-05-26,0.5981248047384835
聪明钱Q,2025-05-27,0.6070818156619728
聪明钱Q,2025-05-28,0.5920818937603629
聪明钱Q,2025-05-29,0.5800487307725067
聪明钱Q,2025-05-30,0.5815345583730168
聪明钱Q,2025-05-31,0.5790594813828273
聪明钱Q,2025-06-01,0.587020242715339
聪明钱Q,2025-06-02,0.5832237617693907
聪明钱Q,2025-06-03,0.5798308113349419
聪明钱Q,2025-06-04,0.5780201651316718
聪明钱Q,2025-06-05,0.5800253746898489
聪明钱Q,2025-06-06,0.573987979125968
聪明钱Q,2025-06-07,0.5798959532766031
聪明钱Q,2025-06-08,0.569734559653685
聪明钱Q,2025-06-09,0.5782335843932704
聪明钱Q,2025-06-10,0.5715899622315594
聪明钱Q,2025-06-11,0.5546735448871383
聪明钱Q,2025-06-12,0.5372432114473141
聪明钱Q,2025-06-13,0.5446779051255346
聪明钱Q,2025-06-14,0.5429234441483385
聪明钱Q,2025-06-15,0.5442724231109034
聪明钱Q,2025-06-16,0.5426314968733715
聪明钱Q,2025-06-17,0.5422881634508399
聪明钱Q,2025-06-18,0.5413320741914855
聪明钱Q,2025-06-19,0.5441006240358062
聪明钱Q,2025-06-20,0.5475273717219358
聪明钱Q,2025-06-21,0.5493515715473473
聪明钱Q,2025-06-22,0.5386486339472754
聪明钱Q,2025-06-23,0.5211339993867549
聪明钱Q,2025-06-24,0.5219196114161232
聪明钱Q,2025-06-25,0.5214471779672054
聪明钱Q,2025-06-26,0.521721761501736
聪明钱Q,2025-06-27,0.515912683087379
聪明钱Q,2025-06-28,0.4930992521969384
聪明钱Q,2025-06-29,0.4936019411887923
聪明钱Q,2025-06-30,0.49519964664074323
聪明钱Q,2025-07-01,0.49946387818092297
聪明钱Q,2025-07-02,0.49679316350421354
聪明钱Q,2025-07-03,0.49152001369106846
聪明钱Q,2025-07-04,0.4816732711707825
聪明钱Q,2025-07-05,0.4776931866851577
聪明钱Q,2025-07-06,0.4772304870628403
聪明钱Q,2025-07-07,0.4783753870718356
聪明钱Q,2025-07-08,0.4744843279401286
聪明钱Q,2025-07-09,0.4882232034553614
聪明钱Q,2025-07-10,0.48185318664302096
聪明钱Q,2025-07-11,0.46881595146816185
聪明钱Q,2025-07-12,0.45039376434322526
聪明钱Q,2025-07-13,0.4471020628155334
聪明钱Q,2025-07-14,0.46137658190423747
聪明钱Q,2025-07-15,0.46069775504771276
聪明钱Q,2025-07-16,0.4600754956743873
聪明钱Q,2025-07-17,0.43883334395971385
聪明钱Q,2025-07-18,0.45270495267600486
聪明钱Q,2025-07-19,0.4535016650579026
聪明钱Q,2025-07-20,0.4608951731850738
聪明钱Q,2025-07-21,0.4625885649756492
聪明钱Q,2025-07-22,0.44693462364851616
聪明钱Q,2025-07-23,0.44475846675432906
聪明钱Q,2025-07-24,0.4386200107253457
聪明钱Q,2025-07-25,0.4362792596182774
聪明钱Q,2025-07-26,0.4346307281955383
聪明钱Q,2025-07-27,0.43580907903540494
聪明钱Q,2025-07-28,0.43208473185406976
聪明钱Q,2025-07-29,0.43263778755881055
聪明钱Q,2025-07-30,0.43713187898136396
聪明钱Q,2025-07-31,0.43563504280274407
聪明钱Q,2025-08-01,0.43311316497280367
聪明钱Q,2025-08-02,0.42974268331852133
聪明钱Q,2025-08-03,0.4249475808668459
聪明钱Q,2025-08-04,0.4280764328764728
聪明钱Q,2025-08-05,0.42618487955562534
聪明钱Q,2025-08-06,0.4293810251583212
聪明钱Q,2025-08-07,0.4278487585928736
聪明钱Q,2025-08-08,0.44162562510630987
聪明钱Q,2025-08-09,0.439197901779598
聪明钱Q,2025-08-10,0.439030146596783
聪明钱Q,2025-08-11,0.4441944653990759
聪明钱Q,2025-08-12,0.4508273302350193
聪明钱Q,2025-08-13,0.46029566136812766
聪明钱Q,2025-08-14,0.4639946440877498
聪明钱Q,2025-08-15,0.4678348378460116
聪明钱Q,2025-08-16,0.45915955543092135
聪明钱Q,2025-08-17,0.4679273622044707
聪明钱Q,2025-08-18,0.46175142852838647
聪明钱Q,2025-08-19,0.461399552435139
聪明钱Q,2025-08-20,0.45972177285260335
聪明钱Q,2025-08-21,0.4526174734171689
聪明钱Q,2025-08-22,0.457432998639743
聪明钱Q,2025-08-23,0.45077723291445043
聪明钱Q,2025-08-24,0.44947414080662756
聪明钱Q,2025-08-25,0.44572726543043867
聪明钱Q,2025-08-26,0.44961551387529386
聪明钱Q,2025-08-27,0.4430361541816443
聪明钱Q,2025-08-28,0.4491328347451846
聪明钱Q,2025-08-29,0.4456127229544505
聪明钱Q,2025-08-30,0.4465808464318966
聪明钱Q,2025-08-31,0.4485397779405596
聪明钱Q,2025-09-01,0.4392796406348883
聪明钱Q,2025-09-02,0.43598269073711077
聪明钱Q,2025-09-03,0.4377948603490607
聪明钱Q,2025-09-04,0.4421122157593974
聪明钱Q,2025-09-05,0.4469517615418141
聪明钱Q,2025-09-06,0.45589018437570156
聪明钱Q,2025-09-07,0.4527170509586264
聪明钱Q,2025-09-08,0.4547616288365316
聪明钱Q,2025-09-09,0.46710694703997263
聪明钱Q,2025-09-10,0.47042885456349576
聪明钱Q,2025-09-11,0.4734750739599289
聪明钱Q,2025-09-12,0.4654136921204928
聪明钱Q,2025-09-13,0.4551192176754251
聪明钱Q,2025-09-14,0.4486472243735627
聪明钱Q,2025-09-15,0.4529171333901385
聪明钱Q,2025-09-16,0.45369461688606383
聪明钱Q,2025-09-17,0.46680631800841005
聪明钱Q,2025-09-18,0.46420003268737736
聪明钱Q,2025-09-19,0.46483884937348696
聪明钱Q,2025-09-20,0.4645887707890455
聪明钱Q,2025-09-21,0.4548934724285669
聪明钱Q,2025-09-22,0.45320300010559106
聪明钱Q,2025-09-23,0.4509536450592786
聪明钱Q,2025-09-24,0.4483743776226592
聪明钱Q,2025-09-25,0.45274120983070165
聪明钱Q,2025-09-26,0.45345545449944663
聪明钱Q,2025-09-27,0.4496525680731679
聪明钱Q,2025-09-28,0.44895282002872633
聪明钱Q,2025-09-29,0.4568469558450439
聪明钱Q,2025-09-30,0.4527427822854479
聪明钱Q,2025-10-01,0.4533697978565574
聪明钱Q,2025-10-02,0.44663412697143284
聪明钱Q,2025-10-03,0.43670616827500974
聪明钱Q,2025-10-04,0.4357023548556495
聪明钱Q,2025-10-05,0.4448170610042949
聪明钱Q,2025-10-06,0.42109558313206147
聪明钱Q,2025-10-07,0.42816526688561884
聪明钱Q,2025-10-08,0.4284432871696817
聪明钱Q,2025-10-09,0.42213671365284783
聪明钱Q,2025-10-10,0.42942521402295347
聪明钱Q,2025-10-11,0.4418045015640718
聪明钱Q,2025-10-12,0.4565715585313334
聪明钱Q,2025-10-13,0.4507541756969342
聪明钱Q,2025-10-14,0.440967517416627
聪明钱Q,2025-10-15,0.4282494718355077
聪明钱Q,2025-10-16,0.42868132669603415
聪明钱Q,2025-10-17,0.42650033123212616
聪明钱Q,2025-10-18,0.4244961859464295
聪明钱Q,2025-10-19,0.421661855235345
聪明钱Q,2025-10-20,0.4179489435555666
聪明钱Q,2025-10-21,0.4163618793164288
聪明钱Q,2025-10-22,0.42510324511475434
聪明钱Q,2025-10-23,0.42853113647903257
聪明钱Q,2025-10-24,0.42369430797394725
聪明钱Q,2025-10-25,0.4165817552491316
聪明钱Q,2025-10-26,0.41234124728608834
聪明钱Q,2025-10-27,0.41543033100608234
聪明钱Q,2025-10-28,0.4119480772842635
聪明钱Q,2025-10-29,0.4118276537721002
聪明钱Q,2025-10-30,0.4148157828316219
聪明钱Q,2025-10-31,0.4018817257676407
聪明钱Q,2025-11-01,0.40094726808022685
聪明钱Q,2025-11-02,0.41621953333542905
聪明钱Q,2025-11-03,0.40505398272440496
聪明钱Q,2025-11-04,0.40388037050223996
聪明钱Q,2025-11-05,0.40902348230878494
聪明钱Q,2025-11-06,0.36678374131240116
聪明钱Q,2025-11-07,0.3710222710221311
聪明钱Q,2025-11-08,0.38625412928824665
聪明钱Q,2025-11-09,0.4376309992134421
聪明钱Q,2025-11-10,0.43549885448289216
聪明钱Q,2025-11-11,0.4312312716812513
聪明钱Q,2025-11-12,0.4361527542653292
聪明钱Q,2025-11-13,0.43042707600159336
聪明钱Q,2025-11-14,0.4287710518757479
聪明钱Q,2025-11-15,0.4284737420388375
聪明钱Q,2025-11-16,0.4217235919987234
聪明钱Q,2025-11-17,0.4389871993387178
聪明钱Q,2025-11-18,0.4377617493215583
聪明钱Q,2025-11-19,0.44263361183231603
聪明钱Q,2025-11-20,0.4463039612250153
聪明钱Q,2025-11-21,0.451598422432839
聪明钱Q,2025-11-22,0.44439059681446735
聪明钱Q,2025-11-23,0.4353414510507925
聪明钱Q,2025-11-24,0.4365456631341659
聪明钱Q,2025-11-25,0.4406338170423975
聪明钱Q,2025-11-26,0.44565737329297056
聪明钱Q,2025-11-27,0.4400334988765266
聪明钱Q,2025-11-28,0.4469498380912014
聪明钱Q,2025-11-29,0.4482699286295587
聪明钱Q,2025-11-30,0.4419151185719599
聪明钱Q,2025-12-01,0.44004717791591885
聪明钱Q,2025-12-02,0.44578519319565507
聪明钱Q,2025-12-03,0.44343695705511504
聪明钱Q,2025-12-04,0.43971336564964114
聪明钱Q,2025-12-05,0.43323495741980134
聪明钱Q,2025-12-06,0.4332070233388996
聪明钱Q,2025-12-07,0.44098513645467124
聪明钱Q,2025-12-08,0.443558431840069
聪明钱Q,2025-12-09,0.4397000005471208
聪明钱Q,2025-12-10,0.4405723744202917
聪明钱Q,2025-12-11,0.440148945981237
聪明钱Q,2025-12-12,0.44159220119731235
聪明钱Q,2025-12-13,0.4399642604608459
聪明钱Q,2025-12-14,0.44290201366643955
聪明钱Q,2025-12-15,0.44230619692562295
聪明钱Q,2025-12-16,0.44818748206033066
聪明钱Q,2025-12-17,0.4389847675967563
聪明钱Q,2025-12-18,0.4403943003363765
聪明钱Q,2025-12-19,0.4325467527638375
聪明钱Q,2025-12-20,0.43270636787636696
聪明钱Q,2025-12-21,0.42430401022639463
聪明钱Q,2025-12-22,0.42474799651989187
聪明钱Q,2025-12-23,0.42261202168416057
聪明钱Q,2025-12-24,0.4165321335999164
聪明钱Q,2025-12-25,0.4188832407910293
聪明钱Q,2025-12-26,0.41536010268615375
聪明钱Q,2025-12-27,0.42055611028732715
聪明钱Q,2025-12-28,0.4212226241370414
聪明钱Q,2025-12-29,0.42418560739549477
聪明钱Q,2025-12-30,0.42364776476047317
聪明钱Q,2025-12-31,0.4186644286194495
聪明钱Q,2026-01-01,0.42263408841818695
聪明钱Q,2026-01-02,0.416229468345783
聪明钱Q,2026-01-03,0.4177994146308212
聪明钱Q,2026-01-04,0.4158040791432992
聪明钱Q,2026-01-05,0.41356045226521854
聪明钱Q,2026-01-06,0.4183591278749295
聪明钱Q,2026-01-07,0.41612220066972044
聪明钱Q,2026-01-08,0.4091861618421878
聪明钱Q,2026-01-09,0.409165807648754
聪明钱Q,2026-01-10,0.4041042413999228
聪明钱Q,2026-01-11,0.4076802338075516
聪明钱Q,2026-01-12,0.4233436701785482
聪明钱Q,2026-01-13,0.41786879697738843
聪明钱Q,2026-01-14,0.41170905549569653
聪明钱Q,2026-01-15,0.41017884764481227
聪明钱Q,2026-01-16,0.4099294480406309
聪明钱Q,2026-01-17,0.40675177070053814
聪明钱Q,2026-01-18,0.41394860609243117
聪明钱Q,2026-01-19,0.4183484084323307
聪明钱Q,2026-01-20,0.4240755240331958
聪明钱Q,2026-01-21,0.4199471873902821
聪明钱Q,2026-01-22,0.4224230627911314
聪明钱Q,2026-01-23,0.4232774618535144
聪明钱Q,2026-01-24,0.41592574960477724
聪明钱Q,2026-01-25,0.4214865538870666
聪明钱Q,2026-01-26,0.4255933386861298
聪明钱Q,2026-01-27,0.4239682277443482
聪明钱Q,2026-01-28,0.4261271996808232
聪明钱Q,2026-01-29,0.4369183425521284
聪明钱Q,2026-01-30,0.42711176425631364
聪明钱Q,2026-01-31,0.4236243632149783
聪明钱Q,2026-02-01,0.42858606082550027
聪明钱Q,2026-02-02,0.42028227411586955
聪明钱Q,2026-02-03,0.426239741786365
聪明钱Q,2026-02-04,0.4156117339756863
聪明钱Q,2026-02-05,0.4383356726238006
聪明钱Q,2026-02-06,0.4366035726493986
聪明钱Q,2026-02-07,0.4282260154003939
聪明钱Q,2026-02-08,0.42350985554051807
聪明钱Q,2026-02-09,0.41649143575909464
聪明钱Q,2026-02-10,0.40970220417890046
聪明钱Q,2026-02-11,0.42016610274375893
聪明钱Q,2026-02-12,0.41017212098904016
聪明钱Q,2026-02-13,0.4191616205363796
聪明钱Q,2026-02-14,0.4150411797830262
聪明钱Q,2026-02-15,0.4093048264497679
聪明钱Q,2026-02-16,0.40735262341098044
聪明钱Q,2026-02-17,0.4124838638773434
聪明钱Q,2026-02-18,0.41757775274097814
聪明钱Q,2026-02-19,0.4253592556824483
聪明钱Q,2026-02-20,0.4140349450140894
聪明钱Q,2026-02-21,0.4229371981685613
聪明钱Q,2026-02-22,0.4145670291642209
聪明钱Q,2026-02-23,0.4215271069771781
聪明钱Q,2026-02-24,0.4801894070868459
聪明钱Q,2026-02-25,0.47845036287510134
聪明钱Q,2026-02-26,0.48251501419495857
聪明钱Q,2026-02-27,0.4854949255306175
聪明钱Q,2026-02-28,0.4908979720970984
聪明钱Q,2026-03-01,0.49114975691656526
聪明钱Q,2026-03-02,0.4929936851517486
聪明钱Q,2026-03-03,0.494958607324539
聪明钱Q,2026-03-04,0.49211513392799566
聪明钱Q,2026-03-05,0.4923510055473297
聪明钱Q,2026-03-06,0.48954710300730375
聪明钱Q,2026-03-07,0.4879362421393547
聪明钱Q,2026-03-08,0.4839353405667917
聪明钱Q,2026-03-09,0.47748764284831297
聪明钱Q,2026-03-10,0.48016031436885415
聪明钱Q,2026-03-11,0.4838427071408437
聪明钱Q,2026-03-12,0.47553549817532664
聪明钱Q,2026-03-13,0.47533813663277985
聪明钱Q,2026-03-14,0.4749770366537106
聪明钱Q,2026-03-15,0.4803187903065998
聪明钱Q,2026-03-16,0.48143378436007095
聪明钱Q,2026-03-17,0.47872296994232433
聪明钱Q,2026-03-18,0.47421093510615636
聪明钱Q,2026-03-19,0.46929772700427486
聪明钱Q,2026-03-20,0.46424205008173003
聪明钱Q,2026-03-21,0.469688319378411
聪明钱Q,2026-03-22,0.4591812656592742
聪明钱Q,2026-03-23,0.45935197261040406
聪明钱Q,2026-03-24,0.465736758974268
聪明钱Q,2026-03-25,0.46316079280929673
聪明钱Q,2026-03-26,0.4497812920045816
聪明钱Q,2026-03-27,0.4476653444984143
聪明钱Q,2026-03-28,0.44861020609957103
聪明钱Q,2026-03-29,0.4496763798292487
聪明钱Q,2026-03-30,0.448561283919257
聪明钱Q,2026-03-31,0.4478600087746178
聪明钱Q,2026-04-01,0.4424144425335624
聪明钱Q,2026-04-02,0.44683587934098
聪明钱Q,2026-04-03,0.45119458564066595
聪明钱Q,2026-04-04,0.448043546098432
聪明钱Q,2026-04-05,0.4426316458982757
聪明钱Q,2026-04-06,0.44837123223145026
聪明钱Q,2026-04-07,0.44750233778113446
聪明钱Q,2026-04-08,0.4519011447630359
聪明钱Q,2026-04-09,0.44295086273324935
聪明钱Q,2026-04-10,0.44080047431235136
聪明钱Q,2026-04-11,0.43557861688844224
聪明钱Q,2026-04-12,0.4337198505870637
聪明钱Q,2026-04-13,0.4372746431099286
聪明钱Q,2026-04-14,0.4345323559766085
聪明钱Q,2026-04-15,0.43870495503207935
聪明钱Q,2026-04-16,0.44068090369257573
聪明钱Q,2026-04-17,0.44832239546269914
聪明钱Q,2026-04-18,0.44855772060087107
聪明钱Q,2026-04-19,0.4486194465983635
聪明钱Q,2026-04-20,0.447139892209023
聪明钱Q,2026-04-21,0.45018754025358826
聪明钱Q,2026-04-22,0.4486929440155075
聪明钱Q,2026-04-23,0.4420628837504445
聪明钱Q,2026-04-24,0.43702106568008514
聪明钱Q,2026-04-25,0.43615307610494986
聪明钱Q,2026-04-26,0.4376221543783088
聪明钱Q,2026-04-27,0.4347983564005829
聪明钱Q,2026-04-28,0.44040929564122755
聪明钱Q,2026-04-29,0.4358825375726116
聪明钱Q,2026-04-30,0.4297094575878588
聪明钱Q,2026-05-01,0.4291656143306387
聪明钱Q,2026-05-02,0.423660044973254
聪明钱Q,2026-05-03,0.4221502279196481
聪明钱Q,2026-05-04,0.42177348941187753
聪明钱Q,2026-05-05,0.42589982088434997
聪明钱Q,2026-05-06,0.4314107946860755
聪明钱Q,2026-05-07,0.4271224751285622
聪明钱Q,2026-05-08,0.42969886479103825
聪明钱Q,2026-05-09,0.42896070946312287
聪明钱Q,2026-05-10,0.43298730087870324
聪明钱Q,2026-05-11,0.4408811194271665
聪明钱Q,2026-05-12,0.4399242598119591
聪明钱Q,2026-05-13,0.43574387043280866
聪明钱Q,2026-05-14,0.4348352825861771
聪明钱Q,2026-05-15,0.43802434316409267
聪明钱Q,2026-05-16,0.4368906574548593
聪明钱Q,2026-05-17,0.435693231538316
聪明钱Q,2026-05-18,0.4316477732649822
聪明钱Q,2026-05-19,0.4276446497578779
聪明钱Q,2026-05-20,0.4382063352462945
聪明钱Q,2026-05-21,0.4350098692336438
聪明钱Q,2026-05-22,0.44041252444117956
聪明钱Q,2026-05-23,0.43532821929628723
聪明钱Q,2026-05-24,0.4186137378817372
聪明钱Q,2026-05-25,0.4173452058693743
聪明钱Q,2026-05-26,0.42854215686903663
聪明钱Q,2026-05-27,0.44245049245868456
聪明钱Q,2026-05-28,0.4048971584882599
聪明钱Q,2026-05-29,0.408211738565996
聪明钱Q,2026-05-30,0.4007331080930552
理想反转hi,2024-06-02,1.0069599568005987
理想反转hi,2024-06-03,1.044128642123619
理想反转hi,2024-06-04,1.0453431965142739
理想反转hi,2024-06-05,1.0490457797673027
理想反转hi,2024-06-06,1.0211896963024625
理想反转hi,2024-06-07,1.0060696435474628
理想反转hi,2024-06-08,1.0170666073442336
理想反转hi,2024-06-09,0.9967881092965162
理想反转hi,2024-06-10,1.0166235232562486
理想反转hi,2024-06-11,1.0139566338561883
理想反转hi,2024-06-12,1.0215855577736288
理想反转hi,2024-06-13,1.0210636464259044
理想反转hi,2024-06-14,1.0096432970685218
理想反转hi,2024-06-15,1.001991662988439
理想反转hi,2024-06-16,1.0148110033717392
理想反转hi,2024-06-17,0.9957425626710926
理想反转hi,2024-06-18,0.9844659053781415
理想反转hi,2024-06-19,1.003026507203435
理想反转hi,2024-06-20,1.0153270868261763
理想反转hi,2024-06-21,1.0245245800604887
理想反转hi,2024-06-22,1.0194033469825046
理想反转hi,2024-06-23,0.9961225554424229
理想反转hi,2024-06-24,0.9887136153907866
理想反转hi,2024-06-25,0.9959030065941902
理想反转hi,2024-06-26,0.9899503423064357
理想反转hi,2024-06-27,1.0012764914691792
理想反转hi,2024-06-28,1.0003944985415678
理想反转hi,2024-06-29,1.010546373190293
理想反转hi,2024-06-30,1.0015180492973697
理想反转hi,2024-07-01,1.0044072717074368
理想反转hi,2024-07-02,1.0188235902234142
理想反转hi,2024-07-03,1.0276876675330262
理想反转hi,2024-07-04,1.0054402405213305
理想反转hi,2024-07-05,1.0402977347577391
理想反转hi,2024-07-06,1.0283815596758614
理想反转hi,2024-07-07,1.050776501212577
理想反转hi,2024-07-08,1.0313482023931284
理想反转hi,2024-07-09,1.0266175157080653
理想反转hi,2024-07-10,1.0469973626624305
理想反转hi,2024-07-11,1.032602357466472
理想反转hi,2024-07-12,1.041725323833413
理想反转hi,2024-07-13,1.0614880704936371
理想反转hi,2024-07-14,1.089396065204345
理想反转hi,2024-07-15,1.0803675140077802
理想反转hi,2024-07-16,1.050007516209575
理想反转hi,2024-07-17,1.059109518143693
理想反转hi,2024-07-18,1.0418887759098114
理想反转hi,2024-07-19,1.0670656363984432
理想反转hi,2024-07-20,1.0618588087965977
理想反转hi,2024-07-21,1.0754469090067098
理想反转hi,2024-07-22,1.1439447038183805
理想反转hi,2024-07-23,1.1746755500304469
理想反转hi,2024-07-24,1.1993303719372632
理想反转hi,2024-07-25,1.2308038745359067
理想反转hi,2024-07-26,1.2092110508097025
理想反转hi,2024-07-27,1.1881073346727478
理想反转hi,2024-07-28,1.1505338189505947
理想反转hi,2024-07-29,1.1584974563681885
理想反转hi,2024-07-30,1.1558353549610048
理想反转hi,2024-07-31,1.1459544068320433
理想反转hi,2024-08-01,1.1314720758344108
理想反转hi,2024-08-02,1.1328055125004495
理想反转hi,2024-08-03,1.160747433043704
理想反转hi,2024-08-04,1.1351068252389598
理想反转hi,2024-08-05,1.1453262627907372
理想反转hi,2024-08-06,1.127539879762278
理想反转hi,2024-08-07,1.2598682045632952
理想反转hi,2024-08-08,1.2908051261478806
理想反转hi,2024-08-09,1.2965671020202898
理想反转hi,2024-08-10,1.3286529021130729
理想反转hi,2024-08-11,1.2948313983173578
理想反转hi,2024-08-12,1.2670671597258865
理想反转hi,2024-08-13,1.2624415328287832
理想反转hi,2024-08-14,1.2491010487962915
理想反转hi,2024-08-15,1.2368643474712373
理想反转hi,2024-08-16,1.2447505059426465
理想反转hi,2024-08-17,1.2596512521976648
理想反转hi,2024-08-18,1.2410540468090754
理想反转hi,2024-08-19,1.1782530467006045
理想反转hi,2024-08-20,1.184738804295559
理想反转hi,2024-08-21,1.1653310793075102
理想反转hi,2024-08-22,1.146244659868549
理想反转hi,2024-08-23,1.1568012704571151
理想反转hi,2024-08-24,1.1441544911878527
理想反转hi,2024-08-25,1.1578416889494392
理想反转hi,2024-08-26,1.1676155993414177
理想反转hi,2024-08-27,1.1766117783872991
理想反转hi,2024-08-28,1.1820020536529263
理想反转hi,2024-08-29,1.196614370764263
理想反转hi,2024-08-30,1.1954675863263344
理想反转hi,2024-08-31,1.1859478624587338
理想反转hi,2024-09-01,1.1738808262072702
理想反转hi,2024-09-02,1.1773354440098998
理想反转hi,2024-09-03,1.145005691712329
理想反转hi,2024-09-04,1.1470185780381994
理想反转hi,2024-09-05,1.1390722426121027
理想反转hi,2024-09-06,1.1498908511727979
理想反转hi,2024-09-07,1.15463616961811
理想反转hi,2024-09-08,1.1304686665009982
理想反转hi,2024-09-09,1.1147949900025742
理想反转hi,2024-09-10,1.1316659211036657
理想反转hi,2024-09-11,1.1472356621919106
理想反转hi,2024-09-12,1.1423373585831649
理想反转hi,2024-09-13,1.150097601890539
理想反转hi,2024-09-14,1.1680559377888051
理想反转hi,2024-09-15,1.1767300735394859
理想反转hi,2024-09-16,1.177265207388542
理想反转hi,2024-09-17,1.1773517805173115
理想反转hi,2024-09-18,1.1879052463498376
理想反转hi,2024-09-19,1.1749115523408593
理想反转hi,2024-09-20,1.1455485832581034
理想反转hi,2024-09-21,1.143897957807805
理想反转hi,2024-09-22,1.1203484806529151
理想反转hi,2024-09-23,1.1183680437963914
理想反转hi,2024-09-24,1.1231959414279578
理想反转hi,2024-09-25,1.130317723740276
理想反转hi,2024-09-26,1.172858044248275
理想反转hi,2024-09-27,1.1763367149711508
理想反转hi,2024-09-28,1.1885081483950084
理想反转hi,2024-09-29,1.1891383927282215
理想反转hi,2024-09-30,1.201311726488401
理想反转hi,2024-10-01,1.1815706507178938
理想反转hi,2024-10-02,1.1814719517971934
理想反转hi,2024-10-03,1.1801787593088402
理想反转hi,2024-10-04,1.190260241304004
理想反转hi,2024-10-05,1.1912845811287927
理想反转hi,2024-10-06,1.1922321583099467
理想反转hi,2024-10-07,1.1891262886724505
理想反转hi,2024-10-08,1.2117429613563864
理想反转hi,2024-10-09,1.1972577266128037
理想反转hi,2024-10-10,1.2127105430198541
理想反转hi,2024-10-11,1.1885799823339913
理想反转hi,2024-10-12,1.1857184528942475
理想反转hi,2024-10-13,1.2239665249188039
理想反转hi,2024-10-14,1.278752528470099
理想反转hi,2024-10-15,1.2873939964375332
理想反转hi,2024-10-16,1.2624033676079736
理想反转hi,2024-10-17,1.263142016958628
理想反转hi,2024-10-18,1.2376765907528386
理想反转hi,2024-10-19,1.269040587661991
理想反转hi,2024-10-20,1.2765213568472227
理想反转hi,2024-10-21,1.281167076519662
理想反转hi,2024-10-22,1.2814768232399238
理想反转hi,2024-10-23,1.2653936517876159
理想反转hi,2024-10-24,1.2954609790776155
理想反转hi,2024-10-25,1.2911623196642412
理想反转hi,2024-10-26,1.3085422238095052
理想反转hi,2024-10-27,1.2644510444352537
理想反转hi,2024-10-28,1.2707627665129464
理想反转hi,2024-10-29,1.2737587250704672
理想反转hi,2024-10-30,1.2851138727263212
理想反转hi,2024-10-31,1.2897180425513968
理想反转hi,2024-11-01,1.281610458712874
理想反转hi,2024-11-02,1.2911224255918077
理想反转hi,2024-11-03,1.301996463701812
理想反转hi,2024-11-04,1.3327404867370973
理想反转hi,2024-11-05,1.4263710980680964
理想反转hi,2024-11-06,1.4106743816415572
理想反转hi,2024-11-07,1.3862932578392022
理想反转hi,2024-11-08,1.3335095871959801
理想反转hi,2024-11-09,1.3322560938561874
理想反转hi,2024-11-10,1.3113287087711123
理想反转hi,2024-11-11,1.3951668373176207
理想反转hi,2024-11-12,1.3563337327686023
理想反转hi,2024-11-13,1.348732592140572
理想反转hi,2024-11-14,1.2757840272644785
理想反转hi,2024-11-15,1.1413727262043192
理想反转hi,2024-11-16,1.1613479082778162
理想反转hi,2024-11-17,1.1473469293263214
理想反转hi,2024-11-18,1.1548315791203636
理想反转hi,2024-11-19,1.1290019152055732
理想反转hi,2024-11-20,1.1522203003449425
理想反转hi,2024-11-21,1.1274277575671041
理想反转hi,2024-11-22,1.0045091943639615
理想反转hi,2024-11-23,1.0060965172979957
理想反转hi,2024-11-24,1.0464023485521672
理想反转hi,2024-11-25,1.0605280452028045
理想反转hi,2024-11-26,1.106351438037643
理想反转hi,2024-11-27,1.0942668271929652
理想反转hi,2024-11-28,1.0784066179788503
理想反转hi,2024-11-29,1.0781766814068297
理想反转hi,2024-11-30,1.0433098531896912
理想反转hi,2024-12-01,1.0044401663450655
理想反转hi,2024-12-02,1.0989851702457731
理想反转hi,2024-12-03,1.2026826437016913
理想反转hi,2024-12-04,1.211474966858298
理想反转hi,2024-12-05,1.2177765890945558
理想反转hi,2024-12-06,1.227225848979107
理想反转hi,2024-12-07,1.2194063549971876
理想反转hi,2024-12-08,1.1399048608428324
理想反转hi,2024-12-09,1.1390207940940391
理想反转hi,2024-12-10,1.1590953652594496
理想反转hi,2024-12-11,1.1323674940833017
理想反转hi,2024-12-12,1.1366723667151915
理想反转hi,2024-12-13,1.0982190453832836
理想反转hi,2024-12-14,1.1143407716694715
理想反转hi,2024-12-15,1.0951965052857908
理想反转hi,2024-12-16,1.1065400141007327
理想反转hi,2024-12-17,1.081905624651886
理想反转hi,2024-12-18,1.0746889464582556
理想反转hi,2024-12-19,1.0595329996805265
理想反转hi,2024-12-20,1.0388901472953693
理想反转hi,2024-12-21,1.031166751458711
理想反转hi,2024-12-22,1.0301970697164964
理想反转hi,2024-12-23,1.0343757786619903
理想反转hi,2024-12-24,1.0484832637512362
理想反转hi,2024-12-25,1.0439618585251595
理想反转hi,2024-12-26,1.0524527193264126
理想反转hi,2024-12-27,1.0409076249910545
理想反转hi,2024-12-28,1.0335417337877946
理想反转hi,2024-12-29,1.0229405623723877
理想反转hi,2024-12-30,1.0358147958606887
理想反转hi,2024-12-31,1.0523732500205327
理想反转hi,2025-01-01,1.0543593973879475
理想反转hi,2025-01-02,1.0521200547548042
理想反转hi,2025-01-03,1.0606269044617487
理想反转hi,2025-01-04,1.0542508707128986
理想反转hi,2025-01-05,1.0640304228628454
理想反转hi,2025-01-06,1.0841922822734282
理想反转hi,2025-01-07,1.1086371553965073
理想反转hi,2025-01-08,1.1331255010896155
理想反转hi,2025-01-09,1.1393867250256449
理想反转hi,2025-01-10,1.1464448386762636
理想反转hi,2025-01-11,1.1542744741997815
理想反转hi,2025-01-12,1.1521004649481328
理想反转hi,2025-01-13,1.1540187107216964
理想反转hi,2025-01-14,1.1225311555959163
理想反转hi,2025-01-15,1.1024526353059503
理想反转hi,2025-01-16,1.0734105912146377
理想反转hi,2025-01-17,1.104903572259612
理想反转hi,2025-01-18,1.1143843958553352
理想反转hi,2025-01-19,1.1218485961413238
理想反转hi,2025-01-20,1.0957714986546017
理想反转hi,2025-01-21,1.1154429696000077
理想反转hi,2025-01-22,1.0941156475235168
理想反转hi,2025-01-23,1.1217618479368288
理想反转hi,2025-01-24,1.1596262005664955
理想反转hi,2025-01-25,1.1520263696777557
理想反转hi,2025-01-26,1.1675100527622781
理想反转hi,2025-01-27,1.1736146699897214
理想反转hi,2025-01-28,1.1980517691353807
理想反转hi,2025-01-29,1.2191745355837644
理想反转hi,2025-01-30,1.1968827368847375
理想反转hi,2025-01-31,1.1796974781800786
理想反转hi,2025-02-01,1.1560339219536837
理想反转hi,2025-02-02,1.1658092302597234
理想反转hi,2025-02-03,1.1460941824043356
理想反转hi,2025-02-04,1.161872463700597
理想反转hi,2025-02-05,1.161863191030678
理想反转hi,2025-02-06,1.1815291448187484
理想反转hi,2025-02-07,1.1872180540833357
理想反转hi,2025-02-08,1.1951146624801376
理想反转hi,2025-02-09,1.2100674799704934
理想反转hi,2025-02-10,1.2024444639857412
理想反转hi,2025-02-11,1.1984140131287673
理想反转hi,2025-02-12,1.1963091598114681
理想反转hi,2025-02-13,1.2456356625218068
理想反转hi,2025-02-14,1.2540169263845153
理想反转hi,2025-02-15,1.2806441848436259
理想反转hi,2025-02-16,1.2454293754501156
理想反转hi,2025-02-17,1.2694348510616211
理想反转hi,2025-02-18,1.2748551391884664
理想反转hi,2025-02-19,1.3107756768902488
理想反转hi,2025-02-20,1.3242653886929814
理想反转hi,2025-02-21,1.333770798875627
理想反转hi,2025-02-22,1.3299018947643517
理想反转hi,2025-02-23,1.316182768425026
理想反转hi,2025-02-24,1.2990437799260581
理想反转hi,2025-02-25,1.2772055720447522
理想反转hi,2025-02-26,1.2708993549127263
理想反转hi,2025-02-27,1.284611850603105
理想反转hi,2025-02-28,1.3324976454401056
理想反转hi,2025-03-01,1.4256660375624186
理想反转hi,2025-03-02,1.5110329910002176
理想反转hi,2025-03-03,1.5459474382103686
理想反转hi,2025-03-04,1.5222214910035345
理想反转hi,2025-03-05,1.515146965816261
理想反转hi,2025-03-06,1.5750929222299994
理想反转hi,2025-03-07,1.5723139477171022
理想反转hi,2025-03-08,1.5871902070397157
理想反转hi,2025-03-09,1.5705122059743297
理想反转hi,2025-03-10,1.6099739985239958
理想反转hi,2025-03-11,1.5860457392757579
理想反转hi,2025-03-12,1.5923105902044958
理想反转hi,2025-03-13,1.6335595571421495
理想反转hi,2025-03-14,1.6214125709142486
理想反转hi,2025-03-15,1.6461227182672113
理想反转hi,2025-03-16,1.6293008806753828
理想反转hi,2025-03-17,1.6162277805565946
理想反转hi,2025-03-18,1.629873233695065
理想反转hi,2025-03-19,1.6082932226056974
理想反转hi,2025-03-20,1.6165190133031766
理想反转hi,2025-03-21,1.6121131508022302
理想反转hi,2025-03-22,1.6242495495651879
理想反转hi,2025-03-23,1.6240305589867106
理想反转hi,2025-03-24,1.6323483228686437
理想反转hi,2025-03-25,1.629500556925257
理想反转hi,2025-03-26,1.6502640515861262
理想反转hi,2025-03-27,1.7003054294149365
理想反转hi,2025-03-28,1.694651280945471
理想反转hi,2025-03-29,1.7184716133167175
理想反转hi,2025-03-30,1.7019321493452129
理想反转hi,2025-03-31,1.7209471773252003
理想反转hi,2025-04-01,1.7044414655608944
理想反转hi,2025-04-02,1.6792311341674528
理想反转hi,2025-04-03,1.7149477877981927
理想反转hi,2025-04-04,1.7267111271246125
理想反转hi,2025-04-05,1.7326005239508384
理想反转hi,2025-04-06,1.7764463952395213
理想反转hi,2025-04-07,1.8080780202099784
理想反转hi,2025-04-08,1.8016909845003724
理想反转hi,2025-04-09,1.7886094606300897
理想反转hi,2025-04-10,1.7965623767891241
理想反转hi,2025-04-11,1.7359001393789666
理想反转hi,2025-04-12,1.7635628757650736
理想反转hi,2025-04-13,1.7682816942212376
理想反转hi,2025-04-14,1.7657384345307314
理想反转hi,2025-04-15,1.7539783830283593
理想反转hi,2025-04-16,1.7555217655593753
理想反转hi,2025-04-17,1.784559843216133
理想反转hi,2025-04-18,1.7958954373290634
理想反转hi,2025-04-19,1.7511740800605446
理想反转hi,2025-04-20,1.791095206115621
理想反转hi,2025-04-21,1.8228497217581077
理想反转hi,2025-04-22,1.8035490513079104
理想反转hi,2025-04-23,1.757803910093525
理想反转hi,2025-04-24,1.7420983190469057
理想反转hi,2025-04-25,1.7488906834462048
理想反转hi,2025-04-26,1.8062810852927043
理想反转hi,2025-04-27,1.7989282474653134
理想反转hi,2025-04-28,1.8086228880725836
理想反转hi,2025-04-29,1.78730066397831
理想反转hi,2025-04-30,1.7955788137357929
理想反转hi,2025-05-01,1.7725072465104057
理想反转hi,2025-05-02,1.809168330834983
理想反转hi,2025-05-03,1.8175812792068167
理想反转hi,2025-05-04,1.7887936642532867
理想反转hi,2025-05-05,1.8451863942173314
理想反转hi,2025-05-06,1.829555957888013
理想反转hi,2025-05-07,1.8587370457172305
理想反转hi,2025-05-08,1.9443406901892357
理想反转hi,2025-05-09,2.070373663170111
理想反转hi,2025-05-10,2.1131493202747773
理想反转hi,2025-05-11,2.17221133421139
理想反转hi,2025-05-12,2.176745511080058
理想反转hi,2025-05-13,2.1424720141159055
理想反转hi,2025-05-14,2.1103782879446937
理想反转hi,2025-05-15,2.0867259578781403
理想反转hi,2025-05-16,2.084990537042869
理想反转hi,2025-05-17,2.1456417797694094
理想反转hi,2025-05-18,2.125547201786846
理想反转hi,2025-05-19,2.0872194219739164
理想反转hi,2025-05-20,2.127179561133939
理想反转hi,2025-05-21,2.148390705942207
理想反转hi,2025-05-22,2.1111417960453673
理想反转hi,2025-05-23,2.1007808546372075
理想反转hi,2025-05-24,2.090858769985257
理想反转hi,2025-05-25,2.088248273507627
理想反转hi,2025-05-26,2.072520728063261
理想反转hi,2025-05-27,2.0744507902154097
理想反转hi,2025-05-28,2.0998945172809083
理想反转hi,2025-05-29,2.1192062115114823
理想反转hi,2025-05-30,2.137582816690095
理想反转hi,2025-05-31,2.155574076894647
理想反转hi,2025-06-01,2.1617684891895945
理想反转hi,2025-06-02,2.1397985822882855
理想反转hi,2025-06-03,2.093546504696966
理想反转hi,2025-06-04,2.093399580743753
理想反转hi,2025-06-05,2.1170461484556395
理想反转hi,2025-06-06,2.1205961097059687
理想反转hi,2025-06-07,2.1277676123642797
理想反转hi,2025-06-08,2.1425537483589596
理想反转hi,2025-06-09,2.0269239534038594
理想反转hi,2025-06-10,2.0702663455344874
理想反转hi,2025-06-11,2.123855133023307
理想反转hi,2025-06-12,2.08689390445508
理想反转hi,2025-06-13,2.1012190132692448
理想反转hi,2025-06-14,2.085049192416676
理想反转hi,2025-06-15,2.079953934965776
理想反转hi,2025-06-16,2.0656651860542876
理想反转hi,2025-06-17,2.024130188817025
理想反转hi,2025-06-18,1.9853911778311724
理想反转hi,2025-06-19,2.0144415882351834
理想反转hi,2025-06-20,2.020106711123982
理想反转hi,2025-06-21,2.051884634104784
理想反转hi,2025-06-22,2.0395899433067046
理想反转hi,2025-06-23,1.9511489305191478
理想反转hi,2025-06-24,2.0160708664065097
理想反转hi,2025-06-25,2.018928715790434
理想反转hi,2025-06-26,2.0298103606002087
理想反转hi,2025-06-27,2.0288224021894203
理想反转hi,2025-06-28,1.9604725781413859
理想反转hi,2025-06-29,2.010638689702077
理想反转hi,2025-06-30,2.0311746307730414
理想反转hi,2025-07-01,2.043511743450529
理想反转hi,2025-07-02,2.0454000136374497
理想反转hi,2025-07-03,2.0867269261018353
理想反转hi,2025-07-04,2.0927714599315372
理想反转hi,2025-07-05,2.115450133214578
理想反转hi,2025-07-06,2.1181092417647824
理想反转hi,2025-07-07,2.1210394693855936
理想反转hi,2025-07-08,2.116959069343717
理想反转hi,2025-07-09,2.0768234883344916
理想反转hi,2025-07-10,2.062393416906968
理想反转hi,2025-07-11,2.074313052629152
理想反转hi,2025-07-12,1.9876521952417734
理想反转hi,2025-07-13,1.9865261461078394
理想反转hi,2025-07-14,1.9979332494514879
理想反转hi,2025-07-15,2.021042441825585
理想反转hi,2025-07-16,1.9416021281998634
理想反转hi,2025-07-17,2.011945661445332
理想反转hi,2025-07-18,2.0219375802387836
理想反转hi,2025-07-19,2.0085987166064507
理想反转hi,2025-07-20,2.038631167814784
理想反转hi,2025-07-21,2.0248277901277487
理想反转hi,2025-07-22,1.9896881579194081
理想反转hi,2025-07-23,2.0041479687146198
理想反转hi,2025-07-24,1.9973526672938802
理想反转hi,2025-07-25,1.992321561884126
理想反转hi,2025-07-26,1.9867730579693406
理想反转hi,2025-07-27,1.972807937923404
理想反转hi,2025-07-28,2.0014384853556892
理想反转hi,2025-07-29,1.9770173633935797
理想反转hi,2025-07-30,1.9570091270554166
理想反转hi,2025-07-31,1.9297545947300243
理想反转hi,2025-08-01,1.921607622809603
理想反转hi,2025-08-02,1.9581850846653506
理想反转hi,2025-08-03,1.9834701831900161
理想反转hi,2025-08-04,1.966279443945433
理想反转hi,2025-08-05,1.9823067342357175
理想反转hi,2025-08-06,2.0456394113616656
理想反转hi,2025-08-07,1.9940383969337383
理想反转hi,2025-08-08,1.90661223127158
理想反转hi,2025-08-09,1.9288893334094481
理想反转hi,2025-08-10,1.942768934461076
理想反转hi,2025-08-11,1.959245602739127
理想反转hi,2025-08-12,1.9979095080729135
理想反转hi,2025-08-13,2.019886307317109
理想反转hi,2025-08-14,2.049502703956361
理想反转hi,2025-08-15,2.0821117883999936
理想反转hi,2025-08-16,2.008896266296669
理想反转hi,2025-08-17,1.9853792667059744
理想反转hi,2025-08-18,1.986949620383377
理想反转hi,2025-08-19,1.9920626063624858
理想反转hi,2025-08-20,1.9960650375236935
理想反转hi,2025-08-21,2.0328447685635145
理想反转hi,2025-08-22,1.9855408338602538
理想反转hi,2025-08-23,1.9963712953102712
理想反转hi,2025-08-24,2.0393763414057173
理想反转hi,2025-08-25,2.0344003711740997
理想反转hi,2025-08-26,2.0439284652729377
理想反转hi,2025-08-27,2.0438399904237374
理想反转hi,2025-08-28,2.0510830430745064
理想反转hi,2025-08-29,2.0586353822540073
理想反转hi,2025-08-30,2.0640766724752106
理想反转hi,2025-08-31,2.055314937451166
理想反转hi,2025-09-01,2.0547315978426473
理想反转hi,2025-09-02,2.0684790280553402
理想反转hi,2025-09-03,2.0795779755854182
理想反转hi,2025-09-04,2.032671232431284
理想反转hi,2025-09-05,2.016658408873338
理想反转hi,2025-09-06,2.0129391981437617
理想反转hi,2025-09-07,2.049730058386635
理想反转hi,2025-09-08,2.030077030023558
理想反转hi,2025-09-09,1.9798569342882602
理想反转hi,2025-09-10,1.996095190684945
理想反转hi,2025-09-11,2.0064370297341556
理想反转hi,2025-09-12,1.9652413074900468
理想反转hi,2025-09-13,1.962419214340338
理想反转hi,2025-09-14,1.9518538233451523
理想反转hi,2025-09-15,1.9638173683438505
理想反转hi,2025-09-16,1.9594364569540852
理想反转hi,2025-09-17,1.9278061289629922
理想反转hi,2025-09-18,1.9049823424485748
理想反转hi,2025-09-19,1.883168713801292
理想反转hi,2025-09-20,1.867798900666379
理想反转hi,2025-09-21,1.8333720074383646
理想反转hi,2025-09-22,1.8126542644201762
理想反转hi,2025-09-23,1.8081672042013046
理想反转hi,2025-09-24,1.8469338862336246
理想反转hi,2025-09-25,1.869946651253287
理想反转hi,2025-09-26,1.866485474166049
理想反转hi,2025-09-27,1.8920828327184156
理想反转hi,2025-09-28,1.9223948983994545
理想反转hi,2025-09-29,1.8940839821418167
理想反转hi,2025-09-30,1.826500756104254
理想反转hi,2025-10-01,1.8275628233948273
理想反转hi,2025-10-02,1.8253399232802576
理想反转hi,2025-10-03,1.8402474953614563
理想反转hi,2025-10-04,1.8186057723428133
理想反转hi,2025-10-05,1.8471003476001864
理想反转hi,2025-10-06,1.8182957397997068
理想反转hi,2025-10-07,1.840254974709795
理想反转hi,2025-10-08,1.8914190043563843
理想反转hi,2025-10-09,1.8782924958313976
理想反转hi,2025-10-10,1.860034049374839
理想反转hi,2025-10-11,1.8986444751880431
理想反转hi,2025-10-12,1.915992826624142
理想反转hi,2025-10-13,1.9105759940724198
理想反转hi,2025-10-14,1.9085391623425698
理想反转hi,2025-10-15,1.8614327982987275
理想反转hi,2025-10-16,1.8789280002589401
理想反转hi,2025-10-17,1.8841169885305675
理想反转hi,2025-10-18,1.8620234676298826
理想反转hi,2025-10-19,1.8780091553783005
理想反转hi,2025-10-20,1.9001111201662408
理想反转hi,2025-10-21,1.9427569292873317
理想反转hi,2025-10-22,1.905270739262063
理想反转hi,2025-10-23,1.8987419437268895
理想反转hi,2025-10-24,1.8836122310532921
理想反转hi,2025-10-25,1.8472208772035104
理想反转hi,2025-10-26,1.8571521481097584
理想反转hi,2025-10-27,1.881561245436829
理想反转hi,2025-10-28,1.8667796812684048
理想反转hi,2025-10-29,1.8740320187620592
理想反转hi,2025-10-30,1.8806252282338827
理想反转hi,2025-10-31,1.8812452156770678
理想反转hi,2025-11-01,1.8797310216622518
理想反转hi,2025-11-02,1.9445381364938743
理想反转hi,2025-11-03,2.0013229432175716
理想反转hi,2025-11-04,2.00966541376368
理想反转hi,2025-11-05,2.184227664532012
理想反转hi,2025-11-06,1.74907103502031
理想反转hi,2025-11-07,1.8075388756161948
理想反转hi,2025-11-08,1.84993159749031
理想反转hi,2025-11-09,2.0017409766070444
理想反转hi,2025-11-10,2.081659299637059
理想反转hi,2025-11-11,2.0794924248169515
理想反转hi,2025-11-12,2.0268062906570887
理想反转hi,2025-11-13,2.112320977183496
理想反转hi,2025-11-14,2.084615314083712
理想反转hi,2025-11-15,2.1016399680132807
理想反转hi,2025-11-16,2.0808853218416203
理想反转hi,2025-11-17,2.0861890502800646
理想反转hi,2025-11-18,2.0679979281863186
理想反转hi,2025-11-19,2.131292566858682
理想反转hi,2025-11-20,2.174581690592238
理想反转hi,2025-11-21,2.1448764231970525
理想反转hi,2025-11-22,2.110088955703444
理想反转hi,2025-11-23,2.1457579184707454
理想反转hi,2025-11-24,2.1575157775003366
理想反转hi,2025-11-25,2.1408177837335365
理想反转hi,2025-11-26,2.149579121858574
理想反转hi,2025-11-27,2.141551020450159
理想反转hi,2025-11-28,2.1388004010490516
理想反转hi,2025-11-29,2.160096217338231
理想反转hi,2025-11-30,2.1426382035782012
理想反转hi,2025-12-01,2.141913034406052
理想反转hi,2025-12-02,2.1315380096775756
理想反转hi,2025-12-03,2.1324253319549378
理想反转hi,2025-12-04,2.12675869493623
理想反转hi,2025-12-05,2.1174793273796144
理想反转hi,2025-12-06,2.136484912918654
理想反转hi,2025-12-07,2.154239611739632
理想反转hi,2025-12-08,2.153445578344446
理想反转hi,2025-12-09,2.1736291131632495
理想反转hi,2025-12-10,2.2268953892340626
理想反转hi,2025-12-11,2.267474237249397
理想反转hi,2025-12-12,2.2311053704686397
理想反转hi,2025-12-13,2.2497942919736755
理想反转hi,2025-12-14,2.221508520749973
理想反转hi,2025-12-15,2.211831186074371
理想反转hi,2025-12-16,2.1897244686919777
理想反转hi,2025-12-17,2.1285978130733376
理想反转hi,2025-12-18,2.1760683742724116
理想反转hi,2025-12-19,2.19495543709953
理想反转hi,2025-12-20,2.2269860261461685
理想反转hi,2025-12-21,2.203976188664365
理想反转hi,2025-12-22,2.2122749434109013
理想反转hi,2025-12-23,2.201492911809847
理想反转hi,2025-12-24,2.2153645776433786
理想反转hi,2025-12-25,2.1945753079868506
理想反转hi,2025-12-26,2.166349924610404
理想反转hi,2025-12-27,2.2164548050059083
理想反转hi,2025-12-28,2.256033385917354
理想反转hi,2025-12-29,2.2596943252991855
理想反转hi,2025-12-30,2.2296202179232996
理想反转hi,2025-12-31,2.1531354901202535
理想反转hi,2026-01-01,2.227742186770601
理想反转hi,2026-01-02,2.2595001176995426
理想反转hi,2026-01-03,2.2521569556769987
理想反转hi,2026-01-04,2.234018778050484
理想反转hi,2026-01-05,2.218883201899818
理想反转hi,2026-01-06,2.2300713950489235
理想反转hi,2026-01-07,2.2046357404303416
理想反转hi,2026-01-08,2.1837193533017683
理想反转hi,2026-01-09,2.1705809334537927
理想反转hi,2026-01-10,2.135321543070569
理想反转hi,2026-01-11,2.1709084954176046
理想反转hi,2026-01-12,2.162282469224085
理想反转hi,2026-01-13,2.183230593141153
理想反转hi,2026-01-14,2.15532158689919
理想反转hi,2026-01-15,2.195584506557183
理想反转hi,2026-01-16,2.183046236303075
理想反转hi,2026-01-17,2.198929327136047
理想反转hi,2026-01-18,2.1634897418442263
理想反转hi,2026-01-19,2.1486358420661253
理想反转hi,2026-01-20,2.137247240233491
理想反转hi,2026-01-21,2.1317912537086214
理想反转hi,2026-01-22,2.1357939661660006
理想反转hi,2026-01-23,2.139920045253243
理想反转hi,2026-01-24,2.1730165438413516
理想反转hi,2026-01-25,2.197237760976295
理想反转hi,2026-01-26,2.1802822254785488
理想反转hi,2026-01-27,2.1894916541855727
理想反转hi,2026-01-28,2.218249555956451
理想反转hi,2026-01-29,2.2120172284010984
理想反转hi,2026-01-30,2.239860806517304
理想反转hi,2026-01-31,2.2254462759629883
理想反转hi,2026-02-01,2.2590725132218368
理想反转hi,2026-02-02,2.261001304391035
理想反转hi,2026-02-03,2.1925597816054125
理想反转hi,2026-02-04,2.2258400986812945
理想反转hi,2026-02-05,2.2220647854554345
理想反转hi,2026-02-06,2.2271783338618785
理想反转hi,2026-02-07,2.260258395861926
理想反转hi,2026-02-08,2.2732866609218507
理想反转hi,2026-02-09,2.2493469729635915
理想反转hi,2026-02-10,2.2358126066476025
理想反转hi,2026-02-11,2.220079190729638
理想反转hi,2026-02-12,2.205737030335194
理想反转hi,2026-02-13,2.194966651702127
理想反转hi,2026-02-14,2.218213182149947
理想反转hi,2026-02-15,2.208616890761724
理想反转hi,2026-02-16,2.1984987069707884
理想反转hi,2026-02-17,2.1751133300548107
理想反转hi,2026-02-18,2.1006871159442664
理想反转hi,2026-02-19,2.092635587289162
理想反转hi,2026-02-20,2.064150565572113
理想反转hi,2026-02-21,2.0673128922552406
理想反转hi,2026-02-22,2.15486848213907
理想反转hi,2026-02-23,2.179584334974022
理想反转hi,2026-02-24,2.0787304705340057
理想反转hi,2026-02-25,2.1161166428664133
理想反转hi,2026-02-26,2.114342784883038
理想反转hi,2026-02-27,2.0809651518483254
理想反转hi,2026-02-28,2.114179564247975
理想反转hi,2026-03-01,2.0781762663880214
理想反转hi,2026-03-02,2.105055174952425
理想反转hi,2026-03-03,2.1979989582468713
理想反转hi,2026-03-04,2.224172272761217
理想反转hi,2026-03-05,2.2349160188515285
理想反转hi,2026-03-06,2.2476487578068953
理想反转hi,2026-03-07,2.260079678860631
理想反转hi,2026-03-08,2.3074534975487873
理想反转hi,2026-03-09,2.329823403159049
理想反转hi,2026-03-10,2.350316718707295
理想反转hi,2026-03-11,2.3490191529541935
理想反转hi,2026-03-12,2.351545093316989
理想反转hi,2026-03-13,2.353337714003947
理想反转hi,2026-03-14,2.379427349608664
理想反转hi,2026-03-15,2.422954486142359
理想反转hi,2026-03-16,2.451864309675366
理想反转hi,2026-03-17,2.4298188324653434
理想反转hi,2026-03-18,2.4384380189722883
理想反转hi,2026-03-19,2.4482299909640792
理想反转hi,2026-03-20,2.4402489419006392
理想反转hi,2026-03-21,2.4270936883909795
理想反转hi,2026-03-22,2.471007613035017
理想反转hi,2026-03-23,2.458001657899423
理想反转hi,2026-03-24,2.4604677246112128
理想反转hi,2026-03-25,2.49407090579444
理想反转hi,2026-03-26,2.477972730716104
理想反转hi,2026-03-27,2.4726440545598805
理想反转hi,2026-03-28,2.509975714147614
理想反转hi,2026-03-29,2.4940305048995635
理想反转hi,2026-03-30,2.5051352349596616
理想反转hi,2026-03-31,2.5214440121057318
理想反转hi,2026-04-01,2.555920361620612
理想反转hi,2026-04-02,2.5489532293044737
理想反转hi,2026-04-03,2.5133549218101603
理想反转hi,2026-04-04,2.5254981582049703
理想反转hi,2026-04-05,2.528346919509859
理想反转hi,2026-04-06,2.540677103986078
理想反转hi,2026-04-07,2.539819057579196
理想反转hi,2026-04-08,2.4966460350784936
理想反转hi,2026-04-09,2.475742665358597
理想反转hi,2026-04-10,2.4983110406266635
理想反转hi,2026-04-11,2.532302279899487
理想反转hi,2026-04-12,2.6599001987387454
理想反转hi,2026-04-13,2.6729733457333538
理想反转hi,2026-04-14,2.704787099803228
理想反转hi,2026-04-15,2.688914328259118
理想反转hi,2026-04-16,2.701376877725167
理想反转hi,2026-04-17,2.6993484973126143
理想反转hi,2026-04-18,2.6864690205990245
理想反转hi,2026-04-19,2.6644123700142783
理想反转hi,2026-04-20,2.657562252292465
理想反转hi,2026-04-21,2.644889270343658
理想反转hi,2026-04-22,2.660936071777135
理想反转hi,2026-04-23,2.6864972924564703
理想反转hi,2026-04-24,2.682596361187294
理想反转hi,2026-04-25,2.70300646730403
理想反转hi,2026-04-26,2.704337477911296
理想反转hi,2026-04-27,2.7035776040173074
理想反转hi,2026-04-28,2.666491358424793
理想反转hi,2026-04-29,2.6515036023664886
理想反转hi,2026-04-30,2.667687906336638
理想反转hi,2026-05-01,2.687978413104649
理想反转hi,2026-05-02,2.650680651087551
理想反转hi,2026-05-03,2.6216714644102983
理想反转hi,2026-05-04,2.6170621289328735
理想反转hi,2026-05-05,2.722368125076313
理想反转hi,2026-05-06,2.739848643562886
理想反转hi,2026-05-07,2.8738471608216267
理想反转hi,2026-05-08,2.9304512461100423
理想反转hi,2026-05-09,2.9356077435280525
理想反转hi,2026-05-10,2.9470534261815953
理想反转hi,2026-05-11,2.920115292191783
理想反转hi,2026-05-12,2.872723250180223
理想反转hi,2026-05-13,2.849837868398533
理想反转hi,2026-05-14,2.801908781573363
理想反转hi,2026-05-15,2.7154058071591565
理想反转hi,2026-05-16,2.686480299068018
理想反转hi,2026-05-17,2.7867346276141785
理想反转hi,2026-05-18,2.720726285953411
理想反转hi,2026-05-19,2.6867003495578
理想反转hi,2026-05-20,2.6222285186770935
理想反转hi,2026-05-21,2.5216319702029466
理想反转hi,2026-05-22,2.409187855429266
理想反转hi,2026-05-23,2.3895060801368806
理想反转hi,2026-05-24,2.3578131176699983
理想反转hi,2026-05-25,2.3526761090300847
理想反转hi,2026-05-26,2.2932119984443986
理想反转hi,2026-05-27,2.153974962723495
理想反转hi,2026-05-28,1.9648144421203386
理想反转hi,2026-05-29,1.9629023762643625
理想反转hi,2026-05-30,1.9571933908488555
APM,2024-06-02,0.9925988236624483
APM,2024-06-03,1.0417480987012249
APM,2024-06-04,1.0492577971168464
APM,2024-06-05,1.0591605052767639
APM,2024-06-06,1.0656055402701992
APM,2024-06-07,1.035701752719122
APM,2024-06-08,1.040793164471294
APM,2024-06-09,1.0268765764668886
APM,2024-06-10,1.0259353697153657
APM,2024-06-11,1.055507990035899
APM,2024-06-12,1.045093946289951
APM,2024-06-13,1.0555919033580021
APM,2024-06-14,1.055549386606324
APM,2024-06-15,1.0571784425766269
APM,2024-06-16,1.0478953922922543
APM,2024-06-17,1.0416727909989618
APM,2024-06-18,1.0180962880139417
APM,2024-06-19,1.0123881999397941
APM,2024-06-20,1.043635025628195
APM,2024-06-21,1.0295042257985298
APM,2024-06-22,1.0223800698008205
APM,2024-06-23,1.0819222244052444
APM,2024-06-24,1.0572533771886456
APM,2024-06-25,1.0495010318989266
APM,2024-06-26,1.063283708735431
APM,2024-06-27,1.0801224811763177
APM,2024-06-28,1.0916882876227612
APM,2024-06-29,1.0762594315079037
APM,2024-06-30,1.0767437930002088
APM,2024-07-01,1.0457914472948862
APM,2024-07-02,1.063431243320544
APM,2024-07-03,1.0719028997855644
APM,2024-07-04,1.049484971313087
APM,2024-07-05,1.038930156434249
APM,2024-07-06,1.0556192398415998
APM,2024-07-07,1.0368780595793878
APM,2024-07-08,1.0419051123007879
APM,2024-07-09,1.0363794878127432
APM,2024-07-10,1.034517031517945
APM,2024-07-11,1.029879866978573
APM,2024-07-12,1.0547665757466276
APM,2024-07-13,1.0445903948185253
APM,2024-07-14,1.0583703538059783
APM,2024-07-15,1.0742862768599926
APM,2024-07-16,1.089904912871112
APM,2024-07-17,1.0663793097677512
APM,2024-07-18,1.071156115107312
APM,2024-07-19,1.0639306203289327
APM,2024-07-20,1.0670875135559466
APM,2024-07-21,1.073947273955293
APM,2024-07-22,1.1221111159092418
APM,2024-07-23,1.107978079332934
APM,2024-07-24,1.102283199088103
APM,2024-07-25,1.089735964819215
APM,2024-07-26,1.0790730631679757
APM,2024-07-27,1.0289678199720527
APM,2024-07-28,1.005090416024147
APM,2024-07-29,0.9958587597496333
APM,2024-07-30,0.9900326371227168
APM,2024-07-31,0.9530686392130236
APM,2024-08-01,0.9382367751605367
APM,2024-08-02,0.9103230198412524
APM,2024-08-03,0.9033570889426176
APM,2024-08-04,0.8766804473986812
APM,2024-08-05,0.8692751508568001
APM,2024-08-06,0.8333588742262266
APM,2024-08-07,0.8811482603709939
APM,2024-08-08,0.8955335852170748
APM,2024-08-09,0.8881961467001146
APM,2024-08-10,0.8819231416595031
APM,2024-08-11,0.9041146032194004
APM,2024-08-12,0.9038055658578892
APM,2024-08-13,0.9148864147474975
APM,2024-08-14,0.9032066891038117
APM,2024-08-15,0.8957139391373745
APM,2024-08-16,0.9084564751956399
APM,2024-08-17,0.916475264265719
APM,2024-08-18,0.8884002432941508
APM,2024-08-19,0.8539564780365883
APM,2024-08-20,0.8657619961342673
APM,2024-08-21,0.8308509472347236
APM,2024-08-22,0.8369500318947529
APM,2024-08-23,0.8503129288061153
APM,2024-08-24,0.8685846877986575
APM,2024-08-25,0.8815265020093032
APM,2024-08-26,0.8886342843217593
APM,2024-08-27,0.8961490518045381
APM,2024-08-28,0.8861484656895647
APM,2024-08-29,0.8854272265439819
APM,2024-08-30,0.8823893204068145
APM,2024-08-31,0.8606383477459243
APM,2024-09-01,0.8689259063059181
APM,2024-09-02,0.8603445898030954
APM,2024-09-03,0.8700547728251664
APM,2024-09-04,0.8609019380333123
APM,2024-09-05,0.8592697985214837
APM,2024-09-06,0.8602810753797551
APM,2024-09-07,0.8567353972660663
APM,2024-09-08,0.8438167480868976
APM,2024-09-09,0.8516056617329868
APM,2024-09-10,0.8506842200842294
APM,2024-09-11,0.8574225331204206
APM,2024-09-12,0.8682459736702377
APM,2024-09-13,0.8640665342057939
APM,2024-09-14,0.8652426682782559
APM,2024-09-15,0.861427176382834
APM,2024-09-16,0.8845209931058415
APM,2024-09-17,0.8804132205001487
APM,2024-09-18,0.8541293593386783
APM,2024-09-19,0.8457683745374632
APM,2024-09-20,0.8366620143832871
APM,2024-09-21,0.8267739224248781
APM,2024-09-22,0.7877785118844174
APM,2024-09-23,0.7972726090149523
APM,2024-09-24,0.8015482565955069
APM,2024-09-25,0.774079273956766
APM,2024-09-26,0.7769787414329243
APM,2024-09-27,0.7771765903308239
APM,2024-09-28,0.7855285295369722
APM,2024-09-29,0.7561050064781863
APM,2024-09-30,0.7601539659225914
APM,2024-10-01,0.7491378688638367
APM,2024-10-02,0.7204811672742548
APM,2024-10-03,0.7493177420307906
APM,2024-10-04,0.7344106403612128
APM,2024-10-05,0.7496399831257411
APM,2024-10-06,0.7447214651108642
APM,2024-10-07,0.7598247175980687
APM,2024-10-08,0.7606530641095092
APM,2024-10-09,0.741093286756109
APM,2024-10-10,0.7502461285986649
APM,2024-10-11,0.7526808785986017
APM,2024-10-12,0.7537627988476288
APM,2024-10-13,0.7632502898991658
APM,2024-10-14,0.7570117771683704
APM,2024-10-15,0.7426516602548423
APM,2024-10-16,0.7427132032021632
APM,2024-10-17,0.7475972711756516
APM,2024-10-18,0.7485193126063214
APM,2024-10-19,0.7495868776738261
APM,2024-10-20,0.772787989706403
APM,2024-10-21,0.7726075895785539
APM,2024-10-22,0.7682155373483872
APM,2024-10-23,0.7762775361524689
APM,2024-10-24,0.8040397737638295
APM,2024-10-25,0.7938020486614095
APM,2024-10-26,0.7788976519632136
APM,2024-10-27,0.7696143716545942
APM,2024-10-28,0.7538806958742285
APM,2024-10-29,0.7626167900038535
APM,2024-10-30,0.7575820079957432
APM,2024-10-31,0.7548810334888237
APM,2024-11-01,0.7570293803094778
APM,2024-11-02,0.7618968375328004
APM,2024-11-03,0.7489985940480404
APM,2024-11-04,0.7440918935466883
APM,2024-11-05,0.7473336325957186
APM,2024-11-06,0.7384093847317428
APM,2024-11-07,0.7313806629284897
APM,2024-11-08,0.7441284800209456
APM,2024-11-09,0.7382940837121204
APM,2024-11-10,0.7425655173235798
APM,2024-11-11,0.716444999667911
APM,2024-11-12,0.7258100477886701
APM,2024-11-13,0.7340362899529179
APM,2024-11-14,0.7100819544336754
APM,2024-11-15,0.5826732742283003
APM,2024-11-16,0.6094326332365774
APM,2024-11-17,0.5712942689647649
APM,2024-11-18,0.564802178696961
APM,2024-11-19,0.5590023785910054
APM,2024-11-20,0.5158066881020076
APM,2024-11-21,0.5320071878774539
APM,2024-11-22,0.5922524857409895
APM,2024-11-23,0.568220446611452
APM,2024-11-24,0.5340119483861263
APM,2024-11-25,0.5332875109428913
APM,2024-11-26,0.5065723498485117
APM,2024-11-27,0.5173456167176901
APM,2024-11-28,0.5116882907667906
APM,2024-11-29,0.4776443617555896
APM,2024-11-30,0.48826582463267415
APM,2024-12-01,0.4349801783609899
APM,2024-12-02,0.46176341106613594
APM,2024-12-03,0.4983060209454599
APM,2024-12-04,0.4829219956765072
APM,2024-12-05,0.4932558923077401
APM,2024-12-06,0.5111572710481487
APM,2024-12-07,0.4973731634717513
APM,2024-12-08,0.5084865442119848
APM,2024-12-09,0.47646582932425363
APM,2024-12-10,0.4890516785124776
APM,2024-12-11,0.5096812777099228
APM,2024-12-12,0.4985420476338627
APM,2024-12-13,0.49950031795700317
APM,2024-12-14,0.49965509861123947
APM,2024-12-15,0.5081831381650289
APM,2024-12-16,0.49322917205390626
APM,2024-12-17,0.503415679711036
APM,2024-12-18,0.49566138754032224
APM,2024-12-19,0.5096859982104326
APM,2024-12-20,0.49715339226704547
APM,2024-12-21,0.4902434789410834
APM,2024-12-22,0.48225064801216555
APM,2024-12-23,0.48291031101238263
APM,2024-12-24,0.500690799871817
APM,2024-12-25,0.5081609106963783
APM,2024-12-26,0.5145795706698972
APM,2024-12-27,0.5062717381123437
APM,2024-12-28,0.5158379718908505
APM,2024-12-29,0.5199928561720203
APM,2024-12-30,0.5172396542783313
APM,2024-12-31,0.48944459422269715
APM,2025-01-01,0.4919630997320625
APM,2025-01-02,0.5081801239397711
APM,2025-01-03,0.5061936736385182
APM,2025-01-04,0.5093275082050771
APM,2025-01-05,0.5117293137803371
APM,2025-01-06,0.50659631172384
APM,2025-01-07,0.5094350528233947
APM,2025-01-08,0.5059303088346605
APM,2025-01-09,0.5072393109978914
APM,2025-01-10,0.5227497374637596
APM,2025-01-11,0.5174628642158315
APM,2025-01-12,0.5213926821708044
APM,2025-01-13,0.5139258010854029
APM,2025-01-14,0.49018742130237625
APM,2025-01-15,0.48324327406732326
APM,2025-01-16,0.461593402470223
APM,2025-01-17,0.504876313558332
APM,2025-01-18,0.5150487084891945
APM,2025-01-19,0.5010418485049372
APM,2025-01-20,0.4997695506337772
APM,2025-01-21,0.5051948898194173
APM,2025-01-22,0.48414204921918774
APM,2025-01-23,0.488122148970236
APM,2025-01-24,0.4795359390552538
APM,2025-01-25,0.4759626865246152
APM,2025-01-26,0.46959560713784343
APM,2025-01-27,0.47230474256619487
APM,2025-01-28,0.46489753466420947
APM,2025-01-29,0.4597110513776928
APM,2025-01-30,0.46105377379796075
APM,2025-01-31,0.4518271108773896
APM,2025-02-01,0.43141124958583726
APM,2025-02-02,0.43312481540355896
APM,2025-02-03,0.43642994245262595
APM,2025-02-04,0.4355800764821193
APM,2025-02-05,0.4506125897767905
APM,2025-02-06,0.45632351942225585
APM,2025-02-07,0.4545992404612859
APM,2025-02-08,0.4524983143793117
APM,2025-02-09,0.4511614577553317
APM,2025-02-10,0.4505440019864261
APM,2025-02-11,0.4488533170572569
APM,2025-02-12,0.4606775323427651
APM,2025-02-13,0.45644800690855497
APM,2025-02-14,0.4638524991880093
APM,2025-02-15,0.4569653151963244
APM,2025-02-16,0.44197635603220853
APM,2025-02-17,0.4464064106384181
APM,2025-02-18,0.45079719984097844
APM,2025-02-19,0.4544737808501156
APM,2025-02-20,0.4499105987978323
APM,2025-02-21,0.4547685675214992
APM,2025-02-22,0.4575359208590376
APM,2025-02-23,0.430108063664988
APM,2025-02-24,0.43340638280497695
APM,2025-02-25,0.43467488302327495
APM,2025-02-26,0.43994237385753604
APM,2025-02-27,0.435645575288354
APM,2025-02-28,0.43088618201287515
APM,2025-03-01,0.45699583955864426
APM,2025-03-02,0.5025945803793542
APM,2025-03-03,0.4776289715566496
APM,2025-03-04,0.48228482341533485
APM,2025-03-05,0.4886685760874101
APM,2025-03-06,0.510418221751561
APM,2025-03-07,0.5048734408812223
APM,2025-03-08,0.5196402185365254
APM,2025-03-09,0.520059462714504
APM,2025-03-10,0.529386127601788
APM,2025-03-11,0.5501285375713243
APM,2025-03-12,0.5475934784417471
APM,2025-03-13,0.5608856211052227
APM,2025-03-14,0.5546532576048662
APM,2025-03-15,0.5460461609772247
APM,2025-03-16,0.5468746805942917
APM,2025-03-17,0.5331359572795471
APM,2025-03-18,0.5388275913230723
APM,2025-03-19,0.5336909760187946
APM,2025-03-20,0.5317427994895804
APM,2025-03-21,0.5255498094993625
APM,2025-03-22,0.5224158713196936
APM,2025-03-23,0.5250002196590233
APM,2025-03-24,0.5382845212214105
APM,2025-03-25,0.5190125059308898
APM,2025-03-26,0.5267168969539636
APM,2025-03-27,0.5159255664337601
APM,2025-03-28,0.5142381402343343
APM,2025-03-29,0.5054780964670997
APM,2025-03-30,0.5068229903154761
APM,2025-03-31,0.5022909958426746
APM,2025-04-01,0.5001347035344995
APM,2025-04-02,0.5109325312177463
APM,2025-04-03,0.5109772186229153
APM,2025-04-04,0.5134800441656997
APM,2025-04-05,0.5123656797741708
APM,2025-04-06,0.5163972365511065
APM,2025-04-07,0.5282350291845814
APM,2025-04-08,0.5191361943875781
APM,2025-04-09,0.5263936073331427
APM,2025-04-10,0.5245300659933788
APM,2025-04-11,0.5096353438508104
APM,2025-04-12,0.5156432989660362
APM,2025-04-13,0.515276217632215
APM,2025-04-14,0.5172551202702655
APM,2025-04-15,0.5175439611605017
APM,2025-04-16,0.5146469345853264
APM,2025-04-17,0.512196809143571
APM,2025-04-18,0.5253992208776148
APM,2025-04-19,0.511961678895283
APM,2025-04-20,0.5175443433649373
APM,2025-04-21,0.5294658582894723
APM,2025-04-22,0.51766784297009
APM,2025-04-23,0.5228668058328462
APM,2025-04-24,0.5203280061484072
APM,2025-04-25,0.5121881711482009
APM,2025-04-26,0.536454959176141
APM,2025-04-27,0.5362839935745325
APM,2025-04-28,0.5365017699642333
APM,2025-04-29,0.5396594364147368
APM,2025-04-30,0.5325494428328129
APM,2025-05-01,0.5292859315031312
APM,2025-05-02,0.5175544384804353
APM,2025-05-03,0.5105105728483053
APM,2025-05-04,0.5046527870979011
APM,2025-05-05,0.5095416320691085
APM,2025-05-06,0.5068313001307486
APM,2025-05-07,0.4836462926177389
APM,2025-05-08,0.49118683733897406
APM,2025-05-09,0.5043610654279418
APM,2025-05-10,0.5168871052308349
APM,2025-05-11,0.5337901800912958
APM,2025-05-12,0.5227584615928651
APM,2025-05-13,0.5383462828717429
APM,2025-05-14,0.5525538703588231
APM,2025-05-15,0.5566936748164966
APM,2025-05-16,0.5555001674408516
APM,2025-05-17,0.5510120377470743
APM,2025-05-18,0.5556525629105876
APM,2025-05-19,0.5549388200744236
APM,2025-05-20,0.5408628001456669
APM,2025-05-21,0.5295230777483845
APM,2025-05-22,0.5402386322562891
APM,2025-05-23,0.5349787017608619
APM,2025-05-24,0.5421104950993197
APM,2025-05-25,0.5521469433781241
APM,2025-05-26,0.5481319133429009
APM,2025-05-27,0.5634647553634959
APM,2025-05-28,0.5511160638185139
APM,2025-05-29,0.5212391392412896
APM,2025-05-30,0.5171636458221566
APM,2025-05-31,0.5252535949477716
APM,2025-06-01,0.53616606638096
APM,2025-06-02,0.5392618901522845
APM,2025-06-03,0.5424026958809819
APM,2025-06-04,0.5629909513335515
APM,2025-06-05,0.5737346497940465
APM,2025-06-06,0.5835357879480992
APM,2025-06-07,0.5945063840490243
APM,2025-06-08,0.6019385503651505
APM,2025-06-09,0.5996296770634341
APM,2025-06-10,0.5907916327736428
APM,2025-06-11,0.5900211362967953
APM,2025-06-12,0.6024590685692345
APM,2025-06-13,0.6024239321956812
APM,2025-06-14,0.6042709144573611
APM,2025-06-15,0.6022043054926743
APM,2025-06-16,0.6020374277199775
APM,2025-06-17,0.601460792802608
APM,2025-06-18,0.5914621872462322
APM,2025-06-19,0.5893139466135804
APM,2025-06-20,0.5756133645677461
APM,2025-06-21,0.5719837621493511
APM,2025-06-22,0.5808157573826124
APM,2025-06-23,0.6061671962971955
APM,2025-06-24,0.5993048689033406
APM,2025-06-25,0.6055617239774892
APM,2025-06-26,0.6032178850257384
APM,2025-06-27,0.6019508682953879
APM,2025-06-28,0.5883205801501634
APM,2025-06-29,0.6088862041336224
APM,2025-06-30,0.6204627076594488
APM,2025-07-01,0.6044840352289942
APM,2025-07-02,0.6074135556633056
APM,2025-07-03,0.6287325048713265
APM,2025-07-04,0.6364169927338125
APM,2025-07-05,0.6402988450590764
APM,2025-07-06,0.640993431487147
APM,2025-07-07,0.6383696228509356
APM,2025-07-08,0.6294460494277784
APM,2025-07-09,0.6176864554594624
APM,2025-07-10,0.6522650886203293
APM,2025-07-11,0.6530015601031036
APM,2025-07-12,0.6801916343593932
APM,2025-07-13,0.6895185089883211
APM,2025-07-14,0.7241787244010073
APM,2025-07-15,0.6964051247345219
APM,2025-07-16,0.7133867270229276
APM,2025-07-17,0.7173753898939647
APM,2025-07-18,0.7370590443621733
APM,2025-07-19,0.7428803899196436
APM,2025-07-20,0.7315706348216463
APM,2025-07-21,0.7246223286978007
APM,2025-07-22,0.7363274276335029
APM,2025-07-23,0.732987704710131
APM,2025-07-24,0.7256388248189556
APM,2025-07-25,0.7263834274916607
APM,2025-07-26,0.7228467586074834
APM,2025-07-27,0.7199196019678079
APM,2025-07-28,0.7008438696830196
APM,2025-07-29,0.7003106177032554
APM,2025-07-30,0.7053024813441359
APM,2025-07-31,0.690548173940365
APM,2025-08-01,0.6929684105251236
APM,2025-08-02,0.6938303639076752
APM,2025-08-03,0.6938568618855135
APM,2025-08-04,0.6805474582299907
APM,2025-08-05,0.6861630208365013
APM,2025-08-06,0.6867428573783292
APM,2025-08-07,0.6704895741773051
APM,2025-08-08,0.6442198036607165
APM,2025-08-09,0.6447341623100326
APM,2025-08-10,0.6565645968477869
APM,2025-08-11,0.653370717934536
APM,2025-08-12,0.6052424259973629
APM,2025-08-13,0.628690852179154
APM,2025-08-14,0.6545721304262624
APM,2025-08-15,0.6384955862344673
APM,2025-08-16,0.6053525380314835
APM,2025-08-17,0.609255306805757
APM,2025-08-18,0.6279843123318682
APM,2025-08-19,0.6321849151474688
APM,2025-08-20,0.6384156275046644
APM,2025-08-21,0.6609619410047795
APM,2025-08-22,0.6465234771988564
APM,2025-08-23,0.6598524320214364
APM,2025-08-24,0.6918592492558474
APM,2025-08-25,0.6861236669398271
APM,2025-08-26,0.699240641986713
APM,2025-08-27,0.6898925171211258
APM,2025-08-28,0.6997651987899366
APM,2025-08-29,0.6981228360999456
APM,2025-08-30,0.7078364554072851
APM,2025-08-31,0.6958463037679415
APM,2025-09-01,0.6864960729310686
APM,2025-09-02,0.6918330655995663
APM,2025-09-03,0.6799696890593551
APM,2025-09-04,0.6849734021637737
APM,2025-09-05,0.6821543609381824
APM,2025-09-06,0.6751749158082058
APM,2025-09-07,0.6741657644756196
APM,2025-09-08,0.6726486715086174
APM,2025-09-09,0.6699564932462257
APM,2025-09-10,0.6805287015631973
APM,2025-09-11,0.6721224659061688
APM,2025-09-12,0.6519804303335952
APM,2025-09-13,0.6501293009988857
APM,2025-09-14,0.6544806839188232
APM,2025-09-15,0.6460031707605013
APM,2025-09-16,0.6466554279902881
APM,2025-09-17,0.6469773200912368
APM,2025-09-18,0.6593373282484914
APM,2025-09-19,0.6550661647887084
APM,2025-09-20,0.6612344644671403
APM,2025-09-21,0.674239565521907
APM,2025-09-22,0.6806283691432508
APM,2025-09-23,0.6862509461775153
APM,2025-09-24,0.7112852443206393
APM,2025-09-25,0.7059504308959138
APM,2025-09-26,0.7141593851670728
APM,2025-09-27,0.7124635535264083
APM,2025-09-28,0.715466941439846
APM,2025-09-29,0.7264339159804177
APM,2025-09-30,0.714909628852049
APM,2025-10-01,0.7072811798879992
APM,2025-10-02,0.7142012029780241
APM,2025-10-03,0.7235291033646137
APM,2025-10-04,0.7164081628089244
APM,2025-10-05,0.719549967914097
APM,2025-10-06,0.7322130075124472
APM,2025-10-07,0.7312314751525485
APM,2025-10-08,0.7102337927594992
APM,2025-10-09,0.7477031814429109
APM,2025-10-10,0.7538330307746173
APM,2025-10-11,0.7785543240788836
APM,2025-10-12,0.7814085481648122
APM,2025-10-13,0.7769537812493854
APM,2025-10-14,0.7818624648513794
APM,2025-10-15,0.7972430519975483
APM,2025-10-16,0.7858533450668417
APM,2025-10-17,0.7872400634427351
APM,2025-10-18,0.792973248927077
APM,2025-10-19,0.8014150873480388
APM,2025-10-20,0.7900562029381367
APM,2025-10-21,0.7862486266883613
APM,2025-10-22,0.7858100158608076
APM,2025-10-23,0.7841366789534191
APM,2025-10-24,0.7825555695950108
APM,2025-10-25,0.7666986556049609
APM,2025-10-26,0.7660297188500009
APM,2025-10-27,0.7726647947331208
APM,2025-10-28,0.7756450752329296
APM,2025-10-29,0.7637364471774899
APM,2025-10-30,0.7727112585811867
APM,2025-10-31,0.7959800497761138
APM,2025-11-01,0.7841321636258993
APM,2025-11-02,0.7558214609334428
APM,2025-11-03,0.7516482901107506
APM,2025-11-04,0.7503550468819493
APM,2025-11-05,0.8220019580493843
APM,2025-11-06,0.6889863406590823
APM,2025-11-07,0.6795204514969597
APM,2025-11-08,0.703062704433505
APM,2025-11-09,0.7987924370699775
APM,2025-11-10,0.8422977277702948
APM,2025-11-11,0.8639993665240393
APM,2025-11-12,0.8412578136348731
APM,2025-11-13,0.8229014904172071
APM,2025-11-14,0.8138913882111534
APM,2025-11-15,0.8071943035176931
APM,2025-11-16,0.8025696176463548
APM,2025-11-17,0.8182600769648479
APM,2025-11-18,0.8386373403555472
APM,2025-11-19,0.8000616968955918
APM,2025-11-20,0.7511886783737262
APM,2025-11-21,0.7343573573854232
APM,2025-11-22,0.7287908603821062
APM,2025-11-23,0.7251102442927172
APM,2025-11-24,0.7152347985631599
APM,2025-11-25,0.7110838603900599
APM,2025-11-26,0.7125796784856199
APM,2025-11-27,0.7290026213557265
APM,2025-11-28,0.7332054873215259
APM,2025-11-29,0.7340823788885307
APM,2025-11-30,0.7416944276921746
APM,2025-12-01,0.7238359584763303
APM,2025-12-02,0.7329335471534234
APM,2025-12-03,0.7463045949818196
APM,2025-12-04,0.7587781931607603
APM,2025-12-05,0.7570528684768562
APM,2025-12-06,0.7619607161081745
APM,2025-12-07,0.755785462757935
APM,2025-12-08,0.7726977605602081
APM,2025-12-09,0.789713110911842
APM,2025-12-10,0.8242228577531578
APM,2025-12-11,0.8252567020552839
APM,2025-12-12,0.8071313831504561
APM,2025-12-13,0.8267897493404563
APM,2025-12-14,0.8333942214413528
APM,2025-12-15,0.8252901425119576
APM,2025-12-16,0.8005671324803296
APM,2025-12-17,0.7820262713246369
APM,2025-12-18,0.7933949600614987
APM,2025-12-19,0.8246901781877632
APM,2025-12-20,0.8099127003970675
APM,2025-12-21,0.7946592333950391
APM,2025-12-22,0.7928506750144385
APM,2025-12-23,0.7948560927131721
APM,2025-12-24,0.7975949770841834
APM,2025-12-25,0.7823043437311294
APM,2025-12-26,0.7793547695836512
APM,2025-12-27,0.7786912364305513
APM,2025-12-28,0.772862629025716
APM,2025-12-29,0.7678768413406705
APM,2025-12-30,0.7477702383980731
APM,2025-12-31,0.7793943338781597
APM,2026-01-01,0.8146419775419121
APM,2026-01-02,0.8148890714069192
APM,2026-01-03,0.8086525130930505
APM,2026-01-04,0.8117439679469785
APM,2026-01-05,0.8048324831004989
APM,2026-01-06,0.8217488798856737
APM,2026-01-07,0.8225813254607052
APM,2026-01-08,0.8183701379531844
APM,2026-01-09,0.8241699605402696
APM,2026-01-10,0.83370783383214
APM,2026-01-11,0.8259435739538171
APM,2026-01-12,0.8471912540547711
APM,2026-01-13,0.8472028240533899
APM,2026-01-14,0.8229000861659881
APM,2026-01-15,0.8315308377539494
APM,2026-01-16,0.8349652274679986
APM,2026-01-17,0.8192913370644828
APM,2026-01-18,0.8163277936719161
APM,2026-01-19,0.820884650872666
APM,2026-01-20,0.817748083616413
APM,2026-01-21,0.8220429449284482
APM,2026-01-22,0.8280105062264279
APM,2026-01-23,0.8275869178363167
APM,2026-01-24,0.8292989947319425
APM,2026-01-25,0.8329965237920928
APM,2026-01-26,0.8410255184657026
APM,2026-01-27,0.8401245451372138
APM,2026-01-28,0.8292202681384843
APM,2026-01-29,0.8221127560115377
APM,2026-01-30,0.8299908277188319
APM,2026-01-31,0.8290585337796074
APM,2026-02-01,0.836297132136787
APM,2026-02-02,0.7984877320901577
APM,2026-02-03,0.794732193856911
APM,2026-02-04,0.7620125901731123
APM,2026-02-05,0.7738952496662218
APM,2026-02-06,0.7646739822323949
APM,2026-02-07,0.7563550299752378
APM,2026-02-08,0.7556085268238948
APM,2026-02-09,0.7563076555740004
APM,2026-02-10,0.7723029473556338
APM,2026-02-11,0.7573729177668472
APM,2026-02-12,0.761243523119922
APM,2026-02-13,0.7569468085038793
APM,2026-02-14,0.7735027528371579
APM,2026-02-15,0.7567657035264838
APM,2026-02-16,0.7582355797894836
APM,2026-02-17,0.762332402930247
APM,2026-02-18,0.728008197550566
APM,2026-02-19,0.744869480526602
APM,2026-02-20,0.7596304394627372
APM,2026-02-21,0.7354447377173005
APM,2026-02-22,0.7481372470324263
APM,2026-02-23,0.746898469425214
APM,2026-02-24,0.7605107812632047
APM,2026-02-25,0.7619104524006459
APM,2026-02-26,0.7580529836106387
APM,2026-02-27,0.7401855802237038
APM,2026-02-28,0.7572255637689425
APM,2026-03-01,0.7314462291358936
APM,2026-03-02,0.710235412626528
APM,2026-03-03,0.7330208169467297
APM,2026-03-04,0.7301273891622612
APM,2026-03-05,0.7274539969733735
APM,2026-03-06,0.7283800670752131
APM,2026-03-07,0.7235033351347581
APM,2026-03-08,0.7362658539676803
APM,2026-03-09,0.7369115110891695
APM,2026-03-10,0.7253578277950135
APM,2026-03-11,0.7326620605602581
APM,2026-03-12,0.7256018058124473
APM,2026-03-13,0.7289411936360198
APM,2026-03-14,0.736077425485491
APM,2026-03-15,0.7330078243710768
APM,2026-03-16,0.7278911827091781
APM,2026-03-17,0.7273222251470145
APM,2026-03-18,0.7222556959627425
APM,2026-03-19,0.7174063172587469
APM,2026-03-20,0.715013553997419
APM,2026-03-21,0.715723609456643
APM,2026-03-22,0.7303399976959929
APM,2026-03-23,0.7252345929003822
APM,2026-03-24,0.7274441569038426
APM,2026-03-25,0.7159808783571554
APM,2026-03-26,0.7149554452349971
APM,2026-03-27,0.7249097553932632
APM,2026-03-28,0.7299093932491658
APM,2026-03-29,0.7370374079386338
APM,2026-03-30,0.7399597031239791
APM,2026-03-31,0.7469703661874665
APM,2026-04-01,0.7415785016873776
APM,2026-04-02,0.7464778497901777
APM,2026-04-03,0.7515065239579212
APM,2026-04-04,0.7452132531675222
APM,2026-04-05,0.7516391108192909
APM,2026-04-06,0.7627043234887585
APM,2026-04-07,0.770960209251203
APM,2026-04-08,0.7816329433883925
APM,2026-04-09,0.7655790258801604
APM,2026-04-10,0.7668393737414024
APM,2026-04-11,0.7874604626057808
APM,2026-04-12,0.7667233375870548
APM,2026-04-13,0.7899127916238147
APM,2026-04-14,0.7691078179358962
APM,2026-04-15,0.7332376542859178
APM,2026-04-16,0.732146241379212
APM,2026-04-17,0.7613251076684762
APM,2026-04-18,0.7601851040122704
APM,2026-04-19,0.7676908396598567
APM,2026-04-20,0.7615089414676509
APM,2026-04-21,0.7711150463373105
APM,2026-04-22,0.7752977507366513
APM,2026-04-23,0.7802702736330734
APM,2026-04-24,0.77728165664135
APM,2026-04-25,0.785160773364305
APM,2026-04-26,0.7718466196837195
APM,2026-04-27,0.7632793178619967
APM,2026-04-28,0.7543330026565843
APM,2026-04-29,0.757085397309605
APM,2026-04-30,0.753850426971823
APM,2026-05-01,0.7586279485712581
APM,2026-05-02,0.7453353325926999
APM,2026-05-03,0.7440779095288933
APM,2026-05-04,0.7435361777995655
APM,2026-05-05,0.6942194197009267
APM,2026-05-06,0.6834022120411448
APM,2026-05-07,0.6871941049347187
APM,2026-05-08,0.7064905967210292
APM,2026-05-09,0.7167123859125583
APM,2026-05-10,0.7310926588533153
APM,2026-05-11,0.759664080432809
APM,2026-05-12,0.7861433765870595
APM,2026-05-13,0.7792894241219633
APM,2026-05-14,0.7705056931391585
APM,2026-05-15,0.7749065165834282
APM,2026-05-16,0.7684967137064665
APM,2026-05-17,0.8010587501565132
APM,2026-05-18,0.8130547862143019
APM,2026-05-19,0.7961367416925985
APM,2026-05-20,0.7592819872339712
APM,2026-05-21,0.7385129594472722
APM,2026-05-22,0.7648388140340583
APM,2026-05-23,0.7772947504069172
APM,2026-05-24,0.728105180911508
APM,2026-05-25,0.7357427826406324
APM,2026-05-26,0.7476107012296885
APM,2026-05-27,0.7085611937789763
APM,2026-05-28,0.6983625747232137
APM,2026-05-29,0.7079564107942079
APM,2026-05-30,0.6872304326812784
振幅,2024-06-02,0.9989505142989313
振幅,2024-06-03,0.9485854363076668
振幅,2024-06-04,0.9378208755277206
振幅,2024-06-05,0.9461779185914626
振幅,2024-06-06,0.9693024359279591
振幅,2024-06-07,0.994004690900701
振幅,2024-06-08,0.9863875934427783
振幅,2024-06-09,0.9831277169865136
振幅,2024-06-10,1.0253713681964223
振幅,2024-06-11,0.9576181028439803
振幅,2024-06-12,0.9898596516043965
振幅,2024-06-13,1.0225947319715933
振幅,2024-06-14,1.0058668074824098
振幅,2024-06-15,1.0066573481121897
振幅,2024-06-16,1.0762156480128664
振幅,2024-06-17,1.1241923513621874
振幅,2024-06-18,1.1000441532642486
振幅,2024-06-19,1.1000881829443228
振幅,2024-06-20,1.0889269208778785
振幅,2024-06-21,1.1104371599452612
振幅,2024-06-22,1.114559817401719
振幅,2024-06-23,1.0562601889450889
振幅,2024-06-24,1.0564791335680153
振幅,2024-06-25,1.0639944912426116
振幅,2024-06-26,1.0331914139519764
振幅,2024-06-27,1.0437848000779328
振幅,2024-06-28,1.0442735895544082
振幅,2024-06-29,1.0151549707478182
振幅,2024-06-30,1.0289562099040703
振幅,2024-07-01,1.019076916170076
振幅,2024-07-02,1.073701099032163
振幅,2024-07-03,1.0945979920729614
振幅,2024-07-04,1.0998767153879825
振幅,2024-07-05,1.066243277307262
振幅,2024-07-06,1.0882445353503323
振幅,2024-07-07,1.0551383019416034
振幅,2024-07-08,1.036492380302041
振幅,2024-07-09,1.0267818537409414
振幅,2024-07-10,1.0438651237987262
振幅,2024-07-11,1.0496758641577442
振幅,2024-07-12,1.0788178812315232
振幅,2024-07-13,1.043506891520238
振幅,2024-07-14,1.0391716254981802
振幅,2024-07-15,0.9912766507379595
振幅,2024-07-16,0.9572858382159973
振幅,2024-07-17,0.964535805570444
振幅,2024-07-18,0.954019988069016
振幅,2024-07-19,0.9507292871253873
振幅,2024-07-20,0.9473565972214618
振幅,2024-07-21,0.9592444790802147
振幅,2024-07-22,0.9901237838873658
振幅,2024-07-23,0.9908951672634685
振幅,2024-07-24,1.0030133158282963
振幅,2024-07-25,0.9726866915425253
振幅,2024-07-26,0.9887310093190004
振幅,2024-07-27,1.0142391621846114
振幅,2024-07-28,1.0267392271499756
振幅,2024-07-29,1.0487281142899791
振幅,2024-07-30,1.0520404871821942
振幅,2024-07-31,1.039094403315111
振幅,2024-08-01,1.0532151774927998
振幅,2024-08-02,1.0895908716468015
振幅,2024-08-03,1.1025088104299197
振幅,2024-08-04,1.1320836733873991
振幅,2024-08-05,1.086577025281511
振幅,2024-08-06,1.136408982246652
振幅,2024-08-07,1.0588108877353728
振幅,2024-08-08,1.073764332737185
振幅,2024-08-09,1.075926354915086
振幅,2024-08-10,1.1039540980985052
振幅,2024-08-11,1.0790432252470468
振幅,2024-08-12,1.0448710282883877
振幅,2024-08-13,1.0499156006541621
振幅,2024-08-14,1.070556318252201
振幅,2024-08-15,1.0882156748795033
振幅,2024-08-16,1.0864579137630996
振幅,2024-08-17,1.0838441840384054
振幅,2024-08-18,1.0804292293889086
振幅,2024-08-19,1.0747905298489144
振幅,2024-08-20,1.022357316115458
振幅,2024-08-21,1.0035110584525462
振幅,2024-08-22,0.9933322834433799
振幅,2024-08-23,1.0044889816102185
振幅,2024-08-24,0.975811317111467
振幅,2024-08-25,0.9975164005358073
振幅,2024-08-26,1.0011439204341581
振幅,2024-08-27,1.0249883062877752
振幅,2024-08-28,1.0361185354778177
振幅,2024-08-29,1.037286330280489
振幅,2024-08-30,1.051864078354945
振幅,2024-08-31,1.074329988162657
振幅,2024-09-01,1.0530547163207669
振幅,2024-09-02,1.0960736660483805
振幅,2024-09-03,1.0485343117787262
振幅,2024-09-04,1.0565047307059792
振幅,2024-09-05,1.0506510677262264
振幅,2024-09-06,1.0429297400650563
振幅,2024-09-07,1.04080824035957
振幅,2024-09-08,0.9906466249547599
振幅,2024-09-09,0.959793077302608
振幅,2024-09-10,0.9655241397139083
振幅,2024-09-11,0.9660582550240049
振幅,2024-09-12,0.9688310220688007
振幅,2024-09-13,0.9844612042344164
振幅,2024-09-14,0.9857487014496518
振幅,2024-09-15,1.0040214731462298
振幅,2024-09-16,0.9842847360405254
振幅,2024-09-17,0.9819594036865762
振幅,2024-09-18,0.9467095237472808
振幅,2024-09-19,0.9145822860255869
振幅,2024-09-20,0.8810757902207437
振幅,2024-09-21,0.8944332626209599
振幅,2024-09-22,0.8569614999564188
振幅,2024-09-23,0.8600800156317676
振幅,2024-09-24,0.8604336389548123
振幅,2024-09-25,0.8572978959015828
振幅,2024-09-26,0.8373956249038295
振幅,2024-09-27,0.8482774954476738
振幅,2024-09-28,0.8578091848382803
振幅,2024-09-29,0.8733949164215883
振幅,2024-09-30,0.8922180991491261
振幅,2024-10-01,0.9025023649628284
振幅,2024-10-02,0.9105802308624026
振幅,2024-10-03,0.8766281621244837
振幅,2024-10-04,0.8990245777793863
振幅,2024-10-05,0.8799460704148057
振幅,2024-10-06,0.8805235860615226
振幅,2024-10-07,0.8980176133305143
振幅,2024-10-08,0.9217560931052742
振幅,2024-10-09,0.9300505699423298
振幅,2024-10-10,0.8997807933868778
振幅,2024-10-11,0.8676952347376593
振幅,2024-10-12,0.8680618172667899
振幅,2024-10-13,0.8668591222203658
振幅,2024-10-14,0.8733475732466919
振幅,2024-10-15,0.9019029457614463
振幅,2024-10-16,0.9002191113511161
振幅,2024-10-17,0.8794389292788042
振幅,2024-10-18,0.8770081047772318
振幅,2024-10-19,0.8685537249418379
振幅,2024-10-20,0.8775384996746755
振幅,2024-10-21,0.8715196164663344
振幅,2024-10-22,0.8736632835512297
振幅,2024-10-23,0.8735901832195012
振幅,2024-10-24,0.9155923614359047
振幅,2024-10-25,0.9148878980091433
振幅,2024-10-26,0.908815929041777
振幅,2024-10-27,0.8892996249187148
振幅,2024-10-28,0.853674147304602
振幅,2024-10-29,0.8498314283162978
振幅,2024-10-30,0.878735152786413
振幅,2024-10-31,0.8977518276959636
振幅,2024-11-01,0.9105395202823618
振幅,2024-11-02,0.9308067822294195
振幅,2024-11-03,0.9379274369004182
振幅,2024-11-04,0.8948359279930391
振幅,2024-11-05,0.8375227938649084
振幅,2024-11-06,0.8388618955131697
振幅,2024-11-07,0.8231558787810828
振幅,2024-11-08,0.7870256036258442
振幅,2024-11-09,0.7633653559109678
振幅,2024-11-10,0.7103011757543015
振幅,2024-11-11,0.7439380903299085
振幅,2024-11-12,0.7404596438405232
振幅,2024-11-13,0.7655768321531019
振幅,2024-11-14,0.7300004852004671
振幅,2024-11-15,0.6836807753937264
振幅,2024-11-16,0.7272014643385484
振幅,2024-11-17,0.687686757367901
振幅,2024-11-18,0.6812176882741074
振幅,2024-11-19,0.659326181727424
振幅,2024-11-20,0.6601567536982346
振幅,2024-11-21,0.5597937937654504
振幅,2024-11-22,0.4997308695493904
振幅,2024-11-23,0.5035313066112899
振幅,2024-11-24,0.504626730623671
振幅,2024-11-25,0.5096070004912472
振幅,2024-11-26,0.4975264682802576
振幅,2024-11-27,0.4895676247912827
振幅,2024-11-28,0.4593899659430959
振幅,2024-11-29,0.4498202109877485
振幅,2024-11-30,0.426638255225313
振幅,2024-12-01,0.3984880553642523
振幅,2024-12-02,0.5031005119022633
振幅,2024-12-03,0.4947665355226034
振幅,2024-12-04,0.5071844942106883
振幅,2024-12-05,0.4980698380388742
振幅,2024-12-06,0.5039816084827516
振幅,2024-12-07,0.5009668181711076
振幅,2024-12-08,0.5364774546932796
振幅,2024-12-09,0.5320676808223176
振幅,2024-12-10,0.5188615681010927
振幅,2024-12-11,0.48105886219813604
振幅,2024-12-12,0.47778984060489077
振幅,2024-12-13,0.4825098337323961
振幅,2024-12-14,0.4857989373964644
振幅,2024-12-15,0.4908600637284525
振幅,2024-12-16,0.509024598412548
振幅,2024-12-17,0.5182489452651875
振幅,2024-12-18,0.5286036122142725
振幅,2024-12-19,0.5197805796629691
振幅,2024-12-20,0.5397943116936041
振幅,2024-12-21,0.5247462942947203
振幅,2024-12-22,0.4997879378511256
振幅,2024-12-23,0.5012940662108407
振幅,2024-12-24,0.5159994091575956
振幅,2024-12-25,0.5335096441895227
振幅,2024-12-26,0.545679620864713
振幅,2024-12-27,0.533776020762125
振幅,2024-12-28,0.5477790893963895
振幅,2024-12-29,0.5497875866543114
振幅,2024-12-30,0.56233511329614
振幅,2024-12-31,0.544699872738108
振幅,2025-01-01,0.5395090936258166
振幅,2025-01-02,0.5270593750465948
振幅,2025-01-03,0.5276025858196146
振幅,2025-01-04,0.5244156155359074
振幅,2025-01-05,0.5344686033409317
振幅,2025-01-06,0.543241404261904
振幅,2025-01-07,0.5539050148462165
振幅,2025-01-08,0.5693758547359715
振幅,2025-01-09,0.5610875944138413
振幅,2025-01-10,0.5406056133567713
振幅,2025-01-11,0.5542469732774756
振幅,2025-01-12,0.5520574000923955
振幅,2025-01-13,0.5377136316982225
振幅,2025-01-14,0.5211284331154036
振幅,2025-01-15,0.5150407210689543
振幅,2025-01-16,0.5169629178057673
振幅,2025-01-17,0.5206735883544225
振幅,2025-01-18,0.5388182458677425
振幅,2025-01-19,0.5366470321271372
振幅,2025-01-20,0.5266384742234305
振幅,2025-01-21,0.5382713721819018
振幅,2025-01-22,0.5503819830130493
振幅,2025-01-23,0.551800308793592
振幅,2025-01-24,0.5582906175149233
振幅,2025-01-25,0.5639155896510291
振幅,2025-01-26,0.5825449620148123
振幅,2025-01-27,0.5977489378361116
振幅,2025-01-28,0.5856650716721099
振幅,2025-01-29,0.5694655686529285
振幅,2025-01-30,0.5576881500007796
振幅,2025-01-31,0.584650994189862
振幅,2025-02-01,0.6144794938199237
振幅,2025-02-02,0.5910041407010056
振幅,2025-02-03,0.5957833186437352
振幅,2025-02-04,0.6161218721881214
振幅,2025-02-05,0.6383998645421702
振幅,2025-02-06,0.637845803377467
振幅,2025-02-07,0.6438065572359721
振幅,2025-02-08,0.6463889743470894
振幅,2025-02-09,0.635480371530779
振幅,2025-02-10,0.6487361880564081
振幅,2025-02-11,0.6523748279267815
振幅,2025-02-12,0.6280598750864397
振幅,2025-02-13,0.6331301795701114
振幅,2025-02-14,0.6273990965542282
振幅,2025-02-15,0.6404027011460347
振幅,2025-02-16,0.63499396463282
振幅,2025-02-17,0.6451567176466002
振幅,2025-02-18,0.6254223021043336
振幅,2025-02-19,0.6186578454433801
振幅,2025-02-20,0.6295799800891737
振幅,2025-02-21,0.6320404957734379
振幅,2025-02-22,0.6219616795337906
振幅,2025-02-23,0.656353846573558
振幅,2025-02-24,0.6412878181037506
振幅,2025-02-25,0.6085302427598761
振幅,2025-02-26,0.5996130803695376
振幅,2025-02-27,0.601096241884258
振幅,2025-02-28,0.6089215447590377
振幅,2025-03-01,0.5490217079252558
振幅,2025-03-02,0.6108939752467625
振幅,2025-03-03,0.6154323594172139
振幅,2025-03-04,0.6208523274850211
振幅,2025-03-05,0.6297815971003822
振幅,2025-03-06,0.6713874677556118
振幅,2025-03-07,0.6782860178046975
振幅,2025-03-08,0.6886353038216342
振幅,2025-03-09,0.6985653384551892
振幅,2025-03-10,0.6905388528989097
振幅,2025-03-11,0.6855175282220697
振幅,2025-03-12,0.7076316788878962
振幅,2025-03-13,0.698423892567947
振幅,2025-03-14,0.7027559129484962
振幅,2025-03-15,0.7183419506348449
振幅,2025-03-16,0.7098732948693292
振幅,2025-03-17,0.7230666031349876
振幅,2025-03-18,0.6926269790682419
振幅,2025-03-19,0.7072026394155095
振幅,2025-03-20,0.7034291899798012
振幅,2025-03-21,0.6954716952282912
振幅,2025-03-22,0.6872824076889392
振幅,2025-03-23,0.6780848730951236
振幅,2025-03-24,0.6639476985443222
振幅,2025-03-25,0.6745761955038904
振幅,2025-03-26,0.6769207983451275
振幅,2025-03-27,0.7047741538465498
振幅,2025-03-28,0.7232529863390712
振幅,2025-03-29,0.7331029673447101
振幅,2025-03-30,0.7446972125428597
振幅,2025-03-31,0.7233845738676449
振幅,2025-04-01,0.7502388274116863
振幅,2025-04-02,0.7540253670720312
振幅,2025-04-03,0.7428703340556082
振幅,2025-04-04,0.7435284073696575
振幅,2025-04-05,0.7800446579266028
振幅,2025-04-06,0.783203626262895
振幅,2025-04-07,0.8119735742190116
振幅,2025-04-08,0.7635047454134914
振幅,2025-04-09,0.784874222468074
振幅,2025-04-10,0.7878644821432522
振幅,2025-04-11,0.7674951256926097
振幅,2025-04-12,0.793724037853034
振幅,2025-04-13,0.7942798846461242
振幅,2025-04-14,0.8010115237711849
振幅,2025-04-15,0.7985763974875822
振幅,2025-04-16,0.7827657425641333
振幅,2025-04-17,0.7853599713038484
振幅,2025-04-18,0.7716492920058465
振幅,2025-04-19,0.773932027756698
振幅,2025-04-20,0.7771634472526362
振幅,2025-04-21,0.7477039289790927
振幅,2025-04-22,0.7245136912416135
振幅,2025-04-23,0.7139795132567636
振幅,2025-04-24,0.7201400689625516
振幅,2025-04-25,0.7135768745649727
振幅,2025-04-26,0.7323986048751183
振幅,2025-04-27,0.728642356642256
振幅,2025-04-28,0.7353905684738503
振幅,2025-04-29,0.7524732716407336
振幅,2025-04-30,0.7391580225475798
振幅,2025-05-01,0.7503358472164166
振幅,2025-05-02,0.7554003048601737
振幅,2025-05-03,0.7642884137123346
振幅,2025-05-04,0.7769781360089557
振幅,2025-05-05,0.7802928463005001
振幅,2025-05-06,0.7947462218870397
振幅,2025-05-07,0.740899140627852
振幅,2025-05-08,0.7389554975926848
振幅,2025-05-09,0.6646494384012158
振幅,2025-05-10,0.6952980108004573
振幅,2025-05-11,0.7215109036796461
振幅,2025-05-12,0.6882847940370981
振幅,2025-05-13,0.719535811572283
振幅,2025-05-14,0.7586404120005378
振幅,2025-05-15,0.7633657924787228
振幅,2025-05-16,0.7759788216594415
振幅,2025-05-17,0.7526156034056414
振幅,2025-05-18,0.7446533059263472
振幅,2025-05-19,0.7378949257284848
振幅,2025-05-20,0.7418999234779252
振幅,2025-05-21,0.7323972758588779
振幅,2025-05-22,0.746552727061903
振幅,2025-05-23,0.744708226065963
振幅,2025-05-24,0.7440209954246512
振幅,2025-05-25,0.7262165459118769
振幅,2025-05-26,0.7237579845736124
振幅,2025-05-27,0.6981020456122414
振幅,2025-05-28,0.7269491774069825
振幅,2025-05-29,0.7638554739140493
振幅,2025-05-30,0.7600768509272002
振幅,2025-05-31,0.7579758232585718
振幅,2025-06-01,0.7443209023533591
振幅,2025-06-02,0.7337075386113657
振幅,2025-06-03,0.7522410219093514
振幅,2025-06-04,0.7868352243741696
振幅,2025-06-05,0.7780176105940273
振幅,2025-06-06,0.7470029277978788
振幅,2025-06-07,0.749974169693238
振幅,2025-06-08,0.7320776296153505
振幅,2025-06-09,0.6752277042942274
振幅,2025-06-10,0.6959919292420099
振幅,2025-06-11,0.7157968213070162
振幅,2025-06-12,0.7273538055329637
振幅,2025-06-13,0.7440689305308213
振幅,2025-06-14,0.7535406051642322
振幅,2025-06-15,0.7579507432887596
振幅,2025-06-16,0.7676084798832978
振幅,2025-06-17,0.760660008079972
振幅,2025-06-18,0.7639373621648179
振幅,2025-06-19,0.7871963693229398
振幅,2025-06-20,0.823241572042951
振幅,2025-06-21,0.8294742173710374
振幅,2025-06-22,0.7803750372303401
振幅,2025-06-23,0.7582859920968077
振幅,2025-06-24,0.769612116342936
振幅,2025-06-25,0.7743430511844354
振幅,2025-06-26,0.7694587400231081
振幅,2025-06-27,0.7603472301875809
振幅,2025-06-28,0.7094762328653802
振幅,2025-06-29,0.7318364867250102
振幅,2025-06-30,0.7641624797349641
振幅,2025-07-01,0.7385198562351231
振幅,2025-07-02,0.7373868336997469
振幅,2025-07-03,0.7642551989584777
振幅,2025-07-04,0.7536043445675251
振幅,2025-07-05,0.7525597973118759
振幅,2025-07-06,0.754484595427045
振幅,2025-07-07,0.7458969352052144
振幅,2025-07-08,0.7232827373052342
振幅,2025-07-09,0.6950518332108786
振幅,2025-07-10,0.7007907616916137
振幅,2025-07-11,0.6895282506420066
振幅,2025-07-12,0.6584855701608753
振幅,2025-07-13,0.6505916945572399
振幅,2025-07-14,0.6398903462915563
振幅,2025-07-15,0.6511941588728992
振幅,2025-07-16,0.6313060334187873
振幅,2025-07-17,0.6468479049947292
振幅,2025-07-18,0.6331841829455215
振幅,2025-07-19,0.6150034070886649
振幅,2025-07-20,0.6127807650858786
振幅,2025-07-21,0.6224300958043136
振幅,2025-07-22,0.6691098674682904
振幅,2025-07-23,0.6783268002314321
振幅,2025-07-24,0.6759795357158898
振幅,2025-07-25,0.6756943833638894
振幅,2025-07-26,0.6782734061453061
振幅,2025-07-27,0.6926151371757653
振幅,2025-07-28,0.706970830197746
振幅,2025-07-29,0.712190237121431
振幅,2025-07-30,0.7308165241842414
振幅,2025-07-31,0.7379647894885355
振幅,2025-08-01,0.7471670502850304
振幅,2025-08-02,0.7324197778007597
振幅,2025-08-03,0.7083777965149441
振幅,2025-08-04,0.7329858940861896
振幅,2025-08-05,0.7407531934002564
振幅,2025-08-06,0.7051678907884565
振幅,2025-08-07,0.6931549240122222
振幅,2025-08-08,0.6806623814478239
振幅,2025-08-09,0.6885283349854198
振幅,2025-08-10,0.7148732094374679
振幅,2025-08-11,0.6874861075802792
振幅,2025-08-12,0.6451135284201638
振幅,2025-08-13,0.6862235035222793
振幅,2025-08-14,0.697000470694944
振幅,2025-08-15,0.6871658111629408
振幅,2025-08-16,0.6502772392135688
振幅,2025-08-17,0.6627556983711378
振幅,2025-08-18,0.6911019824318692
振幅,2025-08-19,0.6626996484873782
振幅,2025-08-20,0.6763766814472217
振幅,2025-08-21,0.6407835212452853
振幅,2025-08-22,0.6319965939383615
振幅,2025-08-23,0.6433310747136943
振幅,2025-08-24,0.6698354632918944
振幅,2025-08-25,0.6605647770058172
振幅,2025-08-26,0.6700982135957896
振幅,2025-08-27,0.6649721359637027
振幅,2025-08-28,0.677043803954823
振幅,2025-08-29,0.6803077846477956
振幅,2025-08-30,0.6841973035408748
振幅,2025-08-31,0.7011983608543778
振幅,2025-09-01,0.6813055880570038
振幅,2025-09-02,0.6820322158761242
振幅,2025-09-03,0.6998925608366651
振幅,2025-09-04,0.6988308269493833
振幅,2025-09-05,0.6977054934843732
振幅,2025-09-06,0.70223565270632
振幅,2025-09-07,0.6857398990277701
振幅,2025-09-08,0.6799620687961726
振幅,2025-09-09,0.6869393283810347
振幅,2025-09-10,0.6828348118509461
振幅,2025-09-11,0.6734408591676264
振幅,2025-09-12,0.6618675150333807
振幅,2025-09-13,0.6794646141733643
振幅,2025-09-14,0.6891949456878659
振幅,2025-09-15,0.6887125885473032
振幅,2025-09-16,0.6700761300850117
振幅,2025-09-17,0.6539616114380393
振幅,2025-09-18,0.6707079974175069
振幅,2025-09-19,0.6759754302370228
振幅,2025-09-20,0.6834247909056864
振幅,2025-09-21,0.6921277438745641
振幅,2025-09-22,0.6975860644402743
振幅,2025-09-23,0.6989680861463864
振幅,2025-09-24,0.7277581623125283
振幅,2025-09-25,0.7206298576253971
振幅,2025-09-26,0.7241497113522937
振幅,2025-09-27,0.7103191511711321
振幅,2025-09-28,0.7143650710557495
振幅,2025-09-29,0.7274273436481817
振幅,2025-09-30,0.7222214298406872
振幅,2025-10-01,0.7066820177837086
振幅,2025-10-02,0.7038390175276317
振幅,2025-10-03,0.7110728730509059
振幅,2025-10-04,0.7065307523269355
振幅,2025-10-05,0.7019708862041261
振幅,2025-10-06,0.7114379693838858
振幅,2025-10-07,0.7163292935051172
振幅,2025-10-08,0.7256774112753677
振幅,2025-10-09,0.759935297093057
振幅,2025-10-10,0.7528522373163576
振幅,2025-10-11,0.7537681303207205
振幅,2025-10-12,0.7442091180812543
振幅,2025-10-13,0.7556379890740371
振幅,2025-10-14,0.772933452466574
振幅,2025-10-15,0.7913749866045344
振幅,2025-10-16,0.7899891343086938
振幅,2025-10-17,0.781183756394534
振幅,2025-10-18,0.7725831870932595
振幅,2025-10-19,0.761285402900646
振幅,2025-10-20,0.7783147460783364
振幅,2025-10-21,0.7871956636690683
振幅,2025-10-22,0.7674349348916836
振幅,2025-10-23,0.7532035708478286
振幅,2025-10-24,0.7512565313745461
振幅,2025-10-25,0.7295780701957802
振幅,2025-10-26,0.7371164548674328
振幅,2025-10-27,0.7496856510253064
振幅,2025-10-28,0.738686767062626
振幅,2025-10-29,0.7736303547028612
振幅,2025-10-30,0.7667962997022825
振幅,2025-10-31,0.7656284398875134
振幅,2025-11-01,0.7610121861508196
振幅,2025-11-02,0.813437605731266
振幅,2025-11-03,0.8107257720876782
振幅,2025-11-04,0.7886613960052478
振幅,2025-11-05,0.7131363382756741
振幅,2025-11-06,0.5572607401415925
振幅,2025-11-07,0.5635061908778295
振幅,2025-11-08,0.5680908812492825
振幅,2025-11-09,0.5967483993010483
振幅,2025-11-10,0.6363341479433458
振幅,2025-11-11,0.6568769776272838
振幅,2025-11-12,0.6591794132732819
振幅,2025-11-13,0.6637710557048796
振幅,2025-11-14,0.6630838552713826
振幅,2025-11-15,0.6735880059784588
振幅,2025-11-16,0.6614639646993973
振幅,2025-11-17,0.6595886542361955
振幅,2025-11-18,0.6571144172763227
振幅,2025-11-19,0.6767833696432395
振幅,2025-11-20,0.7133997319824135
振幅,2025-11-21,0.7226225507870273
振幅,2025-11-22,0.7388279455396077
振幅,2025-11-23,0.7262387682804968
振幅,2025-11-24,0.7190533181667101
振幅,2025-11-25,0.723665706362777
振幅,2025-11-26,0.733595851691762
振幅,2025-11-27,0.735586706880471
振幅,2025-11-28,0.7387485355139374
振幅,2025-11-29,0.7490059934838273
振幅,2025-11-30,0.7702534357179366
振幅,2025-12-01,0.7321410974702226
振幅,2025-12-02,0.7200602823413826
振幅,2025-12-03,0.7276479852253688
振幅,2025-12-04,0.7499240732998865
振幅,2025-12-05,0.7476469791193554
振幅,2025-12-06,0.7528789487812998
振幅,2025-12-07,0.7445717974785498
振幅,2025-12-08,0.716196056514909
振幅,2025-12-09,0.7320380578105921
振幅,2025-12-10,0.7389064131035659
振幅,2025-12-11,0.7539774190638919
振幅,2025-12-12,0.7505098101736737
振幅,2025-12-13,0.7669244478305607
振幅,2025-12-14,0.768778580162403
振幅,2025-12-15,0.7785188746570718
振幅,2025-12-16,0.7966000808983581
振幅,2025-12-17,0.8097384190817206
振幅,2025-12-18,0.7843536026041724
振幅,2025-12-19,0.7646052965540512
振幅,2025-12-20,0.7840070251465704
振幅,2025-12-21,0.7946253669957722
振幅,2025-12-22,0.8013238329523571
振幅,2025-12-23,0.809237069022272
振幅,2025-12-24,0.8006041269470938
振幅,2025-12-25,0.7909862283900109
振幅,2025-12-26,0.7781182406122787
振幅,2025-12-27,0.7785332980806019
振幅,2025-12-28,0.7903518902974093
振幅,2025-12-29,0.7984792544699466
振幅,2025-12-30,0.8125403981187909
振幅,2025-12-31,0.7641096070433385
振幅,2026-01-01,0.7508050732053029
振幅,2026-01-02,0.7606697676361667
振幅,2026-01-03,0.7573471306761524
振幅,2026-01-04,0.7474744615123149
振幅,2026-01-05,0.7456967875003374
振幅,2026-01-06,0.7607939218162595
振幅,2026-01-07,0.7688998823729378
振幅,2026-01-08,0.7742359720124679
振幅,2026-01-09,0.7787031500435592
振幅,2026-01-10,0.7755777798738379
振幅,2026-01-11,0.7895235354345704
振幅,2026-01-12,0.7595302110837547
振幅,2026-01-13,0.7819931477319714
振幅,2026-01-14,0.8055026297999257
振幅,2026-01-15,0.7926664056334464
振幅,2026-01-16,0.7915715608507325
振幅,2026-01-17,0.8230441755475723
振幅,2026-01-18,0.828127225505052
振幅,2026-01-19,0.8334417397552663
振幅,2026-01-20,0.8195996337149644
振幅,2026-01-21,0.8367039256258805
振幅,2026-01-22,0.8365739594248244
振幅,2026-01-23,0.835345723748806
振幅,2026-01-24,0.8597347590891102
振幅,2026-01-25,0.8433314184854733
振幅,2026-01-26,0.841412519536948
振幅,2026-01-27,0.8426460687691378
振幅,2026-01-28,0.8720405424773803
振幅,2026-01-29,0.8914241179998462
振幅,2026-01-30,0.9015302490134721
振幅,2026-01-31,0.920332274292252
振幅,2026-02-01,0.9115715038546703
振幅,2026-02-02,0.9422076072182527
振幅,2026-02-03,0.9414150502619298
振幅,2026-02-04,0.9775726953613821
振幅,2026-02-05,0.9190799809470255
振幅,2026-02-06,0.9178554134345913
振幅,2026-02-07,0.9186310612511966
振幅,2026-02-08,0.9172822313409931
振幅,2026-02-09,0.9300351737093081
振幅,2026-02-10,0.9490170292675615
振幅,2026-02-11,0.9716596040710735
振幅,2026-02-12,0.9697755338839666
振幅,2026-02-13,0.9513439177466981
振幅,2026-02-14,0.9527297856374082
振幅,2026-02-15,0.964476172527753
振幅,2026-02-16,0.9580962794979021
振幅,2026-02-17,0.9668062123856362
振幅,2026-02-18,0.9677037820351455
振幅,2026-02-19,0.9880872810044966
振幅,2026-02-20,0.9759046175562298
振幅,2026-02-21,0.9934793356140231
振幅,2026-02-22,0.9893251719787197
振幅,2026-02-23,0.9948706885274711
振幅,2026-02-24,0.9671045416208625
振幅,2026-02-25,0.9745828763650473
振幅,2026-02-26,0.979498782751702
振幅,2026-02-27,0.9660168416686378
振幅,2026-02-28,0.977291054929584
振幅,2026-03-01,0.9491744312317419
振幅,2026-03-02,0.9527004204068649
振幅,2026-03-03,0.9732463493780363
振幅,2026-03-04,0.9687514073092933
振幅,2026-03-05,0.9826380034126135
振幅,2026-03-06,0.9941430292173409
振幅,2026-03-07,1.0006870005144373
振幅,2026-03-08,0.9823085921738149
振幅,2026-03-09,0.9687494211049559
振幅,2026-03-10,0.9812981670595771
振幅,2026-03-11,0.9611508251131585
振幅,2026-03-12,0.97254073054264
振幅,2026-03-13,0.969877465914124
振幅,2026-03-14,0.9568518412465745
振幅,2026-03-15,0.9347724678252687
振幅,2026-03-16,0.9521154827650764
振幅,2026-03-17,0.9714002360107574
振幅,2026-03-18,0.97806984623898
振幅,2026-03-19,0.9961249957171193
振幅,2026-03-20,1.004625681205224
振幅,2026-03-21,1.01809551025931
振幅,2026-03-22,0.9704983667661687
振幅,2026-03-23,0.9589733438605537
振幅,2026-03-24,0.9663575080822169
振幅,2026-03-25,0.9849916686595681
振幅,2026-03-26,1.0168393526461752
振幅,2026-03-27,1.0337569097956338
振幅,2026-03-28,1.0379305754741293
振幅,2026-03-29,1.0338244902363989
振幅,2026-03-30,1.0299648655314995
振幅,2026-03-31,1.015386605215452
振幅,2026-04-01,1.024705939607783
振幅,2026-04-02,1.0226469385792878
振幅,2026-04-03,1.0396952931443302
振幅,2026-04-04,1.0248992201801808
振幅,2026-04-05,1.0434632297021198
振幅,2026-04-06,1.0217342715041537
振幅,2026-04-07,1.0351052436197279
振幅,2026-04-08,1.0298021043480254
振幅,2026-04-09,1.0109051345833626
振幅,2026-04-10,0.9999826821567096
振幅,2026-04-11,1.0177692892652923
振幅,2026-04-12,0.9761321487575725
振幅,2026-04-13,1.0028141477244223
振幅,2026-04-14,0.9981527960926102
振幅,2026-04-15,0.9326450608889336
振幅,2026-04-16,0.9448115955289297
振幅,2026-04-17,0.9777682779058905
振幅,2026-04-18,1.0110474094216146
振幅,2026-04-19,1.0016348385990455
振幅,2026-04-20,1.0089394328933363
振幅,2026-04-21,1.0119844826367153
振幅,2026-04-22,1.0157658668069414
振幅,2026-04-23,1.0165469205399542
振幅,2026-04-24,1.0169505852405942
振幅,2026-04-25,1.0151000818779852
振幅,2026-04-26,1.0222733618814281
振幅,2026-04-27,1.0300737461657004
振幅,2026-04-28,1.036983143675964
振幅,2026-04-29,1.0323671012678726
振幅,2026-04-30,1.0249394829093483
振幅,2026-05-01,1.0115783386549653
振幅,2026-05-02,1.017179758038111
振幅,2026-05-03,1.0291286992137332
振幅,2026-05-04,1.0158168165178734
振幅,2026-05-05,1.0021160602582206
振幅,2026-05-06,1.0009551889183825
振幅,2026-05-07,0.8934735473158789
振幅,2026-05-08,0.9170754441258253
振幅,2026-05-09,0.9380905798333685
振幅,2026-05-10,0.9511289133406238
振幅,2026-05-11,0.9684146024426948
振幅,2026-05-12,0.9757214738246582
振幅,2026-05-13,0.9737961784627412
振幅,2026-05-14,0.9977766437906824
振幅,2026-05-15,1.0152870986257778
振幅,2026-05-16,1.0096994749940558
振幅,2026-05-17,0.9583114975310122
振幅,2026-05-18,0.9762866609276962
振幅,2026-05-19,0.9677611719066694
振幅,2026-05-20,0.9248989595792972
振幅,2026-05-21,0.9128726920802612
振幅,2026-05-22,0.8829324577278383
振幅,2026-05-23,0.9094749446139363
振幅,2026-05-24,0.8654080323324111
振幅,2026-05-25,0.8713233881678702
振幅,2026-05-26,0.8706553701153773
振幅,2026-05-27,0.8807940490921352
振幅,2026-05-28,0.8048611308797283
振幅,2026-05-29,0.8474186344891252
振幅,2026-05-30,0.8249442826903347
低价位振幅,2024-06-02,0.9989505142989313
低价位振幅,2024-06-03,0.96537019289295
低价位振幅,2024-06-04,0.9462791365936143
低价位振幅,2024-06-05,0.9546169244015429
低价位振幅,2024-06-06,0.9779476904068399
低价位振幅,2024-06-07,1.009145229355692
低价位振幅,2024-06-08,0.9979804325564997
低价位振幅,2024-06-09,0.9896574128748914
低价位振幅,2024-06-10,1.0176926496963192
低价位振幅,2024-06-11,0.9641641097195849
低价位振幅,2024-06-12,1.010119949450891
低价位振幅,2024-06-13,1.0434240345039858
低价位振幅,2024-06-14,1.0263553777686538
低价位振幅,2024-06-15,1.0271620209749746
低价位振幅,2024-06-16,1.1158465034155205
低价位振幅,2024-06-17,1.1624458811832794
低价位振幅,2024-06-18,1.1374759786724384
低价位振幅,2024-06-19,1.1375215065753723
低价位振幅,2024-06-20,1.1259804539234624
低价位振幅,2024-06-21,1.1482226340778183
低价位振幅,2024-06-22,1.159748414045597
低价位振幅,2024-06-23,1.1078596117185693
低价位振幅,2024-06-24,1.1093517173689216
低价位振幅,2024-06-25,1.1167816681076879
低价位振幅,2024-06-26,1.0973615488156037
低价位振幅,2024-06-27,1.1238949148089008
低价位振幅,2024-06-28,1.1311001513445764
低价位振幅,2024-06-29,1.1011052848494138
低价位振幅,2024-06-30,1.1215519696021012
低价位振幅,2024-07-01,1.1133185547639477
低价位振幅,2024-07-02,1.1677578067447183
低价位振幅,2024-07-03,1.1967494126310803
低价位振幅,2024-07-04,1.2025207634579986
低价位振幅,2024-07-05,1.1657485442877091
低价位振幅,2024-07-06,1.1898030308031877
低价位振幅,2024-07-07,1.1665608089157011
低价位振幅,2024-07-08,1.1648271368956478
低价位振幅,2024-07-09,1.1579921017526162
低价位振幅,2024-07-10,1.1773742054138756
低价位振幅,2024-07-11,1.1839281324079767
低价位振幅,2024-07-12,1.225636339706318
低价位振幅,2024-07-13,1.1801803352389542
低价位振幅,2024-07-14,1.1658759132864265
低价位振幅,2024-07-15,1.1151553502448721
低价位振幅,2024-07-16,1.0769167450938097
低价位振幅,2024-07-17,1.0845136761274772
低价位振幅,2024-07-18,1.0725813527687003
低价位振幅,2024-07-19,1.0688816981348193
低价位振幅,2024-07-20,1.0650898653169936
低价位振幅,2024-07-21,1.0784551203064867
低价位振幅,2024-07-22,1.1220068886394394
低价位振幅,2024-07-23,1.1325561656244523
低价位振幅,2024-07-24,1.147940763877052
低价位振幅,2024-07-25,1.1056115738745809
低价位振幅,2024-07-26,1.1220350013405944
低价位振幅,2024-07-27,1.1510944514275174
低价位振幅,2024-07-28,1.1541549114928473
低价位振幅,2024-07-29,1.185464569380066
低价位振幅,2024-07-30,1.2000873936306096
低价位振幅,2024-07-31,1.2111954566632004
低价位振幅,2024-08-01,1.236270924035183
低价位振幅,2024-08-02,1.2803831513242934
低价位振幅,2024-08-03,1.3021614547457767
低价位振幅,2024-08-04,1.362422054611842
低价位振幅,2024-08-05,1.3260748506602273
低价位振幅,2024-08-06,1.3870231236279462
低价位振幅,2024-08-07,1.2923121937443856
低价位振幅,2024-08-08,1.3094976850087734
低价位振幅,2024-08-09,1.308233096262965
低价位振幅,2024-08-10,1.336787265159972
低价位振幅,2024-08-11,1.3064888018203935
低价位振幅,2024-08-12,1.2825605358815186
低价位振幅,2024-08-13,1.2887526584129847
低价位振幅,2024-08-14,1.314088770819973
低价位振幅,2024-08-15,1.3304647234053997
低价位振幅,2024-08-16,1.3198929795798264
低价位振幅,2024-08-17,1.3161041774897455
低价位振幅,2024-08-18,1.3119574226828004
低价位振幅,2024-08-19,1.2944595968193373
低价位振幅,2024-08-20,1.2281882982354229
低价位振幅,2024-08-21,1.2041851283266072
低价位振幅,2024-08-22,1.184156728920956
低价位振幅,2024-08-23,1.1898011398455355
低价位振幅,2024-08-24,1.1765486433553098
低价位振幅,2024-08-25,1.20229136205608
低价位振幅,2024-08-26,1.2064230984033575
低价位振幅,2024-08-27,1.245863440183383
低价位振幅,2024-08-28,1.2628841420545531
低价位振幅,2024-08-29,1.2632881236318154
低价位振幅,2024-08-30,1.2842025085677173
低价位振幅,2024-08-31,1.3095697390840202
低价位振幅,2024-09-01,1.2720659188927417
低价位振幅,2024-09-02,1.3055988546710378
低价位振幅,2024-09-03,1.242864046884631
低价位振幅,2024-09-04,1.257973736991876
低价位振幅,2024-09-05,1.2553212527540927
低价位振幅,2024-09-06,1.249155318790916
低价位振幅,2024-09-07,1.2464894050123512
低价位振幅,2024-09-08,1.1939714128324506
低价位振幅,2024-09-09,1.1566659465589826
低价位振幅,2024-09-10,1.1635725651682616
低价位振幅,2024-09-11,1.1578726123734608
低价位振幅,2024-09-12,1.1673892323247617
低价位振幅,2024-09-13,1.1826579725767485
低价位振幅,2024-09-14,1.1863756746216052
低价位振幅,2024-09-15,1.200770806711124
低价位振幅,2024-09-16,1.1733812351365005
低价位振幅,2024-09-17,1.1666517691225449
低价位振幅,2024-09-18,1.1248885616304416
低价位振幅,2024-09-19,1.0902874045401052
低价位振幅,2024-09-20,1.0534091641652068
低价位振幅,2024-09-21,1.0666021095855438
低价位振幅,2024-09-22,1.0341908616355318
低价位振幅,2024-09-23,1.0378509026505243
低价位振幅,2024-09-24,1.0347277397536276
低价位振幅,2024-09-25,1.0327301191135367
低价位振幅,2024-09-26,1.0086518955081398
低价位振幅,2024-09-27,1.0217592237820168
低价位振幅,2024-09-28,1.0286304470774057
低价位振幅,2024-09-29,1.047422732350192
低价位振幅,2024-09-30,1.0699965178317732
低价位振幅,2024-10-01,1.0823299692822785
低价位振幅,2024-10-02,1.0869328984226327
低价位振幅,2024-10-03,1.044284583361838
低价位振幅,2024-10-04,1.0601532791113704
低价位振幅,2024-10-05,1.0376554045893305
低价位振幅,2024-10-06,1.0383364261339443
低价位振幅,2024-10-07,1.0589658403151396
低价位振幅,2024-10-08,1.0869588760967557
低价位振幅,2024-10-09,1.096739939968266
低价位振幅,2024-10-10,1.057510983199128
低价位振幅,2024-10-11,1.0219228732205168
低价位振幅,2024-10-12,1.0075226458646882
低价位振幅,2024-10-13,1.0060259763149055
低价位振幅,2024-10-14,1.013556092929254
低价位振幅,2024-10-15,1.0466957874618665
低价位振幅,2024-10-16,1.0447416277683443
低价位振幅,2024-10-17,1.0206253643278071
低价位振幅,2024-10-18,1.0178042916416472
低价位振幅,2024-10-19,1.0079926330802724
低价位振幅,2024-10-20,1.0083474469585532
低价位振幅,2024-10-21,0.9965609454096224
低价位振幅,2024-10-22,0.9946176393589632
低价位振幅,2024-10-23,0.9935711965521445
低价位振幅,2024-10-24,1.0492037107451044
低价位振幅,2024-10-25,1.0443550050033983
低价位振幅,2024-10-26,1.0363075089668674
低价位振幅,2024-10-27,1.0231425610349747
低价位振幅,2024-10-28,0.9784102055389277
低价位振幅,2024-10-29,0.9827282531578981
低价位振幅,2024-10-30,1.0079077838779738
低价位振幅,2024-10-31,1.0300198697624272
低价位振幅,2024-11-01,1.0441372033757523
低价位振幅,2024-11-02,1.0701088805858627
低价位振幅,2024-11-03,1.0782951937332275
低价位振幅,2024-11-04,1.0340551984873776
低价位振幅,2024-11-05,0.9589581804112466
低价位振幅,2024-11-06,0.9611239955642426
低价位振幅,2024-11-07,0.9518339025958468
低价位振幅,2024-11-08,0.9099604586241323
低价位振幅,2024-11-09,0.882604436453315
低价位振幅,2024-11-10,0.8212515332066893
低价位振幅,2024-11-11,0.8890404120481786
低价位振幅,2024-11-12,0.8827084616176324
低价位振幅,2024-11-13,0.9125626121309416
低价位振幅,2024-11-14,0.8701558376026856
低价位振幅,2024-11-15,0.8385585541233864
低价位振幅,2024-11-16,0.8921683161040765
低价位振幅,2024-11-17,0.855798340366812
低价位振幅,2024-11-18,0.8437769228339018
低价位振幅,2024-11-19,0.8156665451345538
低价位振幅,2024-11-20,0.8187245735682561
低价位振幅,2024-11-21,0.6930933371753345
低价位振幅,2024-11-22,0.6186587650447583
低价位振幅,2024-11-23,0.6233636448963173
低价位振幅,2024-11-24,0.6411013955497953
低价位振幅,2024-11-25,0.6473644531335424
低价位振幅,2024-11-26,0.6451769722312977
低价位振幅,2024-11-27,0.6270744605119883
低价位振幅,2024-11-28,0.5883579733152657
低价位振幅,2024-11-29,0.5784257803937836
低价位振幅,2024-11-30,0.5397297446898305
低价位振幅,2024-12-01,0.5053526892313701
低价位振幅,2024-12-02,0.6380701527229207
低价位振幅,2024-12-03,0.6167029004967753
低价位振幅,2024-12-04,0.6337499328640529
低价位振幅,2024-12-05,0.6259944790519127
低价位振幅,2024-12-06,0.6250255337077709
低价位振幅,2024-12-07,0.6284113409714934
低价位振幅,2024-12-08,0.6820447797279148
低价位振幅,2024-12-09,0.6770407879086985
低价位振幅,2024-12-10,0.6602363901144731
低价位振幅,2024-12-11,0.5996211455926632
低价位振幅,2024-12-12,0.5988758667630936
低价位振幅,2024-12-13,0.6067542667020577
低价位振幅,2024-12-14,0.6108296265274806
低价位振幅,2024-12-15,0.6182548716932021
低价位振幅,2024-12-16,0.6252535126988715
低价位振幅,2024-12-17,0.6366163911188636
低价位振幅,2024-12-18,0.6651248693514924
低价位振幅,2024-12-19,0.6532865416859367
低价位振幅,2024-12-20,0.6794716410584667
低价位振幅,2024-12-21,0.6638844151660328
低价位振幅,2024-12-22,0.6297519700927067
低价位振幅,2024-12-23,0.6317127247875989
低价位振幅,2024-12-24,0.6502438682580334
低价位振幅,2024-12-25,0.6723096356972945
低价位振幅,2024-12-26,0.68764580192044
低价位振幅,2024-12-27,0.6726453138587579
低价位振幅,2024-12-28,0.6902914765376883
低价位振幅,2024-12-29,0.6928225124326886
低价位振幅,2024-12-30,0.7086344535238102
低价位振幅,2024-12-31,0.68641115862346
低价位振幅,2025-01-01,0.6827628813216711
低价位振幅,2025-01-02,0.6670074365493374
低价位振幅,2025-01-03,0.667694884002835
低价位振幅,2025-01-04,0.663661689679887
低价位振幅,2025-01-05,0.6751003825544145
低价位振幅,2025-01-06,0.6861140122141709
低价位振幅,2025-01-07,0.699582154710844
低价位振幅,2025-01-08,0.7163128076868857
低价位振幅,2025-01-09,0.7059572545818008
低价位振幅,2025-01-10,0.6801869412485483
低价位振幅,2025-01-11,0.6937539838226342
低价位振幅,2025-01-12,0.6827820045603136
低价位振幅,2025-01-13,0.6641974078615163
低价位振幅,2025-01-14,0.6412034088738598
低价位振幅,2025-01-15,0.639433654973073
低价位振幅,2025-01-16,0.6430915530926683
低价位振幅,2025-01-17,0.6456551853251559
低价位振幅,2025-01-18,0.6817148709677245
低价位振幅,2025-01-19,0.6779524049960527
低价位振幅,2025-01-20,0.6841446858340952
低价位振幅,2025-01-21,0.6991199037918576
低价位振幅,2025-01-22,0.7094910220269142
低价位振幅,2025-01-23,0.7128157177562906
低价位振幅,2025-01-24,0.7211286179182483
低价位振幅,2025-01-25,0.7252758664879457
低价位振幅,2025-01-26,0.749308423609566
低价位振幅,2025-01-27,0.7745185477769475
低价位振幅,2025-01-28,0.7603353677365069
低价位振幅,2025-01-29,0.7393805157364806
低价位振幅,2025-01-30,0.724088996184791
低价位振幅,2025-01-31,0.7590969101652696
低价位振幅,2025-02-01,0.7978255228402916
低价位振幅,2025-02-02,0.7673456841079515
低价位振幅,2025-02-03,0.7826999946961158
低价位振幅,2025-02-04,0.8027019241587469
低价位振幅,2025-02-05,0.8318243564190749
低价位振幅,2025-02-06,0.8303273193701749
低价位振幅,2025-02-07,0.8350617272911304
低价位振幅,2025-02-08,0.8384113012728774
低价位振幅,2025-02-09,0.821674109845581
低价位振幅,2025-02-10,0.8227818115885565
低价位振幅,2025-02-11,0.8274789189705243
低价位振幅,2025-02-12,0.79284295232518
低价位振幅,2025-02-13,0.7991642602911051
低价位振幅,2025-02-14,0.7919302397581318
低价位振幅,2025-02-15,0.8083439511559759
低价位振幅,2025-02-16,0.801516810302214
低价位振幅,2025-02-17,0.8143446761295758
低价位振幅,2025-02-18,0.7894350444171511
低价位振幅,2025-02-19,0.7845155455275927
低价位振幅,2025-02-20,0.7965328241284194
低价位振幅,2025-02-21,0.8025448774917743
低价位振幅,2025-02-22,0.8005390279842459
低价位振幅,2025-02-23,0.8458734172649711
低价位振幅,2025-02-24,0.8263725454710453
低价位振幅,2025-02-25,0.7970715513528575
低价位振幅,2025-02-26,0.7803405651420374
低价位振幅,2025-02-27,0.792540831908735
低价位振幅,2025-02-28,0.8028584343460331
低价位振幅,2025-03-01,0.7031193730551595
低价位振幅,2025-03-02,0.7748206823875943
低价位振幅,2025-03-03,0.7825745488829282
低价位振幅,2025-03-04,0.8073092021360269
低价位振幅,2025-03-05,0.8119001812444083
低价位振幅,2025-03-06,0.8558277535749693
低价位振幅,2025-03-07,0.8645358568229301
低价位振幅,2025-03-08,0.8777269423226965
低价位振幅,2025-03-09,0.8903836546458949
低价位振幅,2025-03-10,0.8801531849243842
低价位振幅,2025-03-11,0.8729043566965197
低价位振幅,2025-03-12,0.9046650326458292
低价位振幅,2025-03-13,0.8655870718094232
低价位振幅,2025-03-14,0.8704920488375832
低价位振幅,2025-03-15,0.8947094333255299
低价位振幅,2025-03-16,0.8839826093413521
低价位振幅,2025-03-17,0.9059312943391314
低价位振幅,2025-03-18,0.8678840341775659
低价位振幅,2025-03-19,0.8861478085976816
低价位振幅,2025-03-20,0.8842434131538631
低价位振幅,2025-03-21,0.8756006539975443
低价位振幅,2025-03-22,0.8706465270272497
低价位振幅,2025-03-23,0.8462395669996039
低价位振幅,2025-03-24,0.832583694557034
低价位振幅,2025-03-25,0.8484374380253273
低价位振幅,2025-03-26,0.8460412687348934
低价位振幅,2025-03-27,0.8807688439420824
低价位振幅,2025-03-28,0.9035382351749525
低价位振幅,2025-03-29,0.9191681752046648
低价位振幅,2025-03-30,0.9394392755043967
低价位振幅,2025-03-31,0.9127411625810558
低价位振幅,2025-04-01,0.9497886184281458
低价位振幅,2025-04-02,0.9575467820694703
低价位振幅,2025-04-03,0.9432851034910743
低价位振幅,2025-04-04,0.9386427030982343
低价位振幅,2025-04-05,0.981389029762813
低价位振幅,2025-04-06,0.9830211502690777
低价位振幅,2025-04-07,1.0190328282213674
低价位振幅,2025-04-08,0.9582040903578563
低价位振幅,2025-04-09,0.9826990624130183
低价位振幅,2025-04-10,0.979894456081202
低价位振幅,2025-04-11,0.9486179010385953
低价位振幅,2025-04-12,0.9810366288809305
低价位振幅,2025-04-13,0.9679214584915213
低价位振幅,2025-04-14,0.9864744253359105
低价位振幅,2025-04-15,0.98412885891191
低价位振幅,2025-04-16,0.9736071472469305
低价位振幅,2025-04-17,0.9767364985677968
低价位振幅,2025-04-18,0.9596848007733656
低价位振幅,2025-04-19,0.9497510123285728
低价位振幅,2025-04-20,0.9585494127663161
低价位振幅,2025-04-21,0.9101015506447906
低价位振幅,2025-04-22,0.8719531420361365
低价位振幅,2025-04-23,0.8593624408472157
低价位振幅,2025-04-24,0.8667774297789742
低价位振幅,2025-04-25,0.8588778155007842
低价位振幅,2025-04-26,0.8896793238896589
低价位振幅,2025-04-27,0.8877417513393798
低价位振幅,2025-04-28,0.8917654794613797
低价位振幅,2025-04-29,0.9091358337072184
低价位振幅,2025-04-30,0.8858139946862285
低价位振幅,2025-05-01,0.9126984920253127
低价位振幅,2025-05-02,0.9187675607385434
低价位振幅,2025-05-03,0.9295778636165519
低价位振幅,2025-05-04,0.9418161820174035
低价位振幅,2025-05-05,0.9494453137376587
低价位振幅,2025-05-06,0.9694223252600167
低价位振幅,2025-05-07,0.9036433309646296
低价位振幅,2025-05-08,0.9009853275866133
低价位振幅,2025-05-09,0.8104763720485973
低价位振幅,2025-05-10,0.8424629352395436
低价位振幅,2025-05-11,0.8742239791848554
低价位振幅,2025-05-12,0.8474800746908108
低价位振幅,2025-05-13,0.8850656523344507
低价位振幅,2025-05-14,0.9273307250624162
低价位振幅,2025-05-15,0.9331995681808873
低价位振幅,2025-05-16,0.9502191758927778
低价位振幅,2025-05-17,0.9241372563957962
低价位振幅,2025-05-18,0.9173572521542618
低价位振幅,2025-05-19,0.9052104179680377
低价位振幅,2025-05-20,0.9112792277766314
低价位振幅,2025-05-21,0.9012576361426188
低价位振幅,2025-05-22,0.9240321223321121
低价位振幅,2025-05-23,0.9231949519795538
低价位振幅,2025-05-24,0.91702256031559
低价位振幅,2025-05-25,0.895078177055417
低价位振幅,2025-05-26,0.890280674212756
低价位振幅,2025-05-27,0.8646229590536038
低价位振幅,2025-05-28,0.8986703844920539
低价位振幅,2025-05-29,0.9437341154654119
低价位振幅,2025-05-30,0.9391600462933127
低价位振幅,2025-05-31,0.9365639913810687
低价位振幅,2025-06-01,0.9196918078198575
低价位振幅,2025-06-02,0.912599382987647
低价位振幅,2025-06-03,0.9376067289906714
低价位振幅,2025-06-04,0.9775608796171776
低价位振幅,2025-06-05,0.9638605649145445
低价位振幅,2025-06-06,0.9266318191655011
低价位振幅,2025-06-07,0.930410207235798
低价位振幅,2025-06-08,0.9082079444972267
低价位振幅,2025-06-09,0.879345378408081
低价位振幅,2025-06-10,0.9062106469041216
低价位振幅,2025-06-11,0.9370157435370886
低价位振幅,2025-06-12,0.9490352432786819
低价位振幅,2025-06-13,0.9708447706340131
低价位振幅,2025-06-14,0.9832032033136757
低价位振幅,2025-06-15,0.9889574545131132
低价位振幅,2025-06-16,1.0015586567461903
低价位振幅,2025-06-17,0.998966622700719
低价位振幅,2025-06-18,1.0031708399747092
低价位振幅,2025-06-19,1.0337136029070935
低价位振幅,2025-06-20,1.0810466672138643
低价位振幅,2025-06-21,1.0892311183988712
低价位振幅,2025-06-22,1.0247561126939058
低价位振幅,2025-06-23,0.9931116670411384
低价位振幅,2025-06-24,1.011914379274104
低价位振幅,2025-06-25,1.0262568401185275
低价位振幅,2025-06-26,1.019422941802393
低价位振幅,2025-06-27,1.0072623789764716
低价位振幅,2025-06-28,0.9713696009236646
低价位振幅,2025-06-29,0.9949847859774122
低价位振幅,2025-06-30,1.036372676712869
低价位振幅,2025-07-01,1.00372581036644
低价位振幅,2025-07-02,1.0028908512243968
低价位振幅,2025-07-03,1.0372815197629461
低价位振幅,2025-07-04,1.0229294294337694
低价位振幅,2025-07-05,1.0194346786469533
低价位振幅,2025-07-06,1.0219401106394927
低价位振幅,2025-07-07,1.0103082304256035
低价位振幅,2025-07-08,0.9782170202903209
低价位振幅,2025-07-09,0.9398399722170842
低价位振幅,2025-07-10,0.9476000760340515
低价位振幅,2025-07-11,0.9520913150016288
低价位振幅,2025-07-12,0.911550231085345
低价位振幅,2025-07-13,0.903715545498048
低价位振幅,2025-07-14,0.8712842384047566
低价位振幅,2025-07-15,0.8921758807693169
低价位振幅,2025-07-16,0.8565445947036434
低价位振幅,2025-07-17,0.8542610175659128
低价位振幅,2025-07-18,0.8362159949085555
低价位振幅,2025-07-19,0.8122055158396889
低价位振幅,2025-07-20,0.8092701791023761
低价位振幅,2025-07-21,0.822013587583273
低价位振幅,2025-07-22,0.8836613241431344
低价位振幅,2025-07-23,0.8985393091219777
低价位振幅,2025-07-24,0.8947793500014426
低价位振幅,2025-07-25,0.8944913779949974
低价位振幅,2025-07-26,0.899323344464986
低价位振幅,2025-07-27,0.9217390070697069
低价位振幅,2025-07-28,0.9434375205243
低价位振幅,2025-07-29,0.9498477341566331
低价位振幅,2025-07-30,0.9761355023916685
低价位振幅,2025-07-31,0.9842932388015408
低价位振幅,2025-08-01,0.9966655912348908
低价位振幅,2025-08-02,0.9769938203182925
低价位振幅,2025-08-03,0.9449235952146231
低价位振幅,2025-08-04,0.9758588567435311
低价位振幅,2025-08-05,0.9817491622966232
低价位振幅,2025-08-06,0.9321664846482676
低价位振幅,2025-08-07,0.9101872829981312
低价位振幅,2025-08-08,0.8876873281276698
低价位振幅,2025-08-09,0.9016821474865424
低价位振幅,2025-08-10,0.9435405540543099
低价位振幅,2025-08-11,0.908705522375152
低价位振幅,2025-08-12,0.8526074158140342
低价位振幅,2025-08-13,0.9069399760408063
低价位振幅,2025-08-14,0.9210099724689969
低价位振幅,2025-08-15,0.9079224433685508
低价位振幅,2025-08-16,0.8618538084757738
低价位振幅,2025-08-17,0.8783061191398848
低价位振幅,2025-08-18,0.9158715671724051
低价位振幅,2025-08-19,0.8768600159192769
低价位振幅,2025-08-20,0.8950446533320711
低价位振幅,2025-08-21,0.8480524621121132
低价位振幅,2025-08-22,0.8372431557250185
低价位振幅,2025-08-23,0.844637723128816
低价位振幅,2025-08-24,0.8792667515691007
低价位振幅,2025-08-25,0.8669324045446394
低价位振幅,2025-08-26,0.8834791747555496
低价位振幅,2025-08-27,0.8679898852222553
低价位振幅,2025-08-28,0.8723786541300323
低价位振幅,2025-08-29,0.8755067171971889
低价位振幅,2025-08-30,0.8805997962406281
低价位振幅,2025-08-31,0.8997312580232363
低价位振幅,2025-09-01,0.8753123551334282
低价位振幅,2025-09-02,0.8698768579149653
低价位振幅,2025-09-03,0.8969331865017287
低价位振幅,2025-09-04,0.8884717231445526
低价位振幅,2025-09-05,0.8869521620938389
低价位振幅,2025-09-06,0.8861573299383291
低价位振幅,2025-09-07,0.8746897094456498
低价位振幅,2025-09-08,0.867232378149839
低价位振幅,2025-09-09,0.8500279070825851
低价位振幅,2025-09-10,0.8438566767322769
低价位振幅,2025-09-11,0.8321631147965712
低价位振幅,2025-09-12,0.8178620667204709
低价位振幅,2025-09-13,0.8396065994917856
低价位振幅,2025-09-14,0.8516302580965205
低价位振幅,2025-09-15,0.8510605396818207
低价位振幅,2025-09-16,0.8293222613473497
低价位振幅,2025-09-17,0.8101928222568627
低价位振幅,2025-09-18,0.8355104351730649
低价位振幅,2025-09-19,0.8434911433410607
低价位振幅,2025-09-20,0.8538788488883348
低价位振幅,2025-09-21,0.8653951564018137
低价位振幅,2025-09-22,0.8698817105786922
低价位振幅,2025-09-23,0.8686335670604227
低价位振幅,2025-09-24,0.9044989259619162
低价位振幅,2025-09-25,0.8927765053845473
低价位振幅,2025-09-26,0.8982473446593965
低价位振幅,2025-09-27,0.8811815125412471
低价位振幅,2025-09-28,0.8862006504846206
低价位振幅,2025-09-29,0.8992216312551391
低价位振幅,2025-09-30,0.8993520199115276
低价位振幅,2025-10-01,0.8858890857346634
低价位振幅,2025-10-02,0.8859364679907183
低价位振幅,2025-10-03,0.9000020189982059
低价位振幅,2025-10-04,0.8936854055622359
低价位振幅,2025-10-05,0.8878282968463916
低价位振幅,2025-10-06,0.8998019335039453
低价位振幅,2025-10-07,0.9007182407933344
低价位振幅,2025-10-08,0.9135592786435243
低价位振幅,2025-10-09,0.956778075179547
低价位振幅,2025-10-10,0.9478603208319658
低价位振幅,2025-10-11,0.949013453669902
低价位振幅,2025-10-12,0.9369784115208146
低价位振幅,2025-10-13,0.9513676539099742
低价位振幅,2025-10-14,0.9731430869466415
低价位振幅,2025-10-15,0.9939063052479254
低价位振幅,2025-10-16,0.9895561782970614
低价位振幅,2025-10-17,0.9793453829481655
低价位振幅,2025-10-18,0.966244934588414
低价位振幅,2025-10-19,0.9475897145024955
低价位振幅,2025-10-20,0.9700223403707944
低价位振幅,2025-10-21,0.9811023988769786
低价位振幅,2025-10-22,0.9597123546389469
低价位振幅,2025-10-23,0.9485822909561824
低价位振幅,2025-10-24,0.9462121069005078
低价位振幅,2025-10-25,0.9260464988566607
低价位振幅,2025-10-26,0.9378261228401285
低价位振幅,2025-10-27,0.9538177893157813
低价位振幅,2025-10-28,0.9365356128153486
低价位振幅,2025-10-29,0.9603735423482319
低价位振幅,2025-10-30,0.9517938078773951
低价位振幅,2025-10-31,0.9569082521716062
低价位振幅,2025-11-01,0.9431373635363159
低价位振幅,2025-11-02,0.9846865748042343
低价位振幅,2025-11-03,0.9743194616192175
低价位振幅,2025-11-04,0.9494523557233188
低价位振幅,2025-11-05,0.8577583957170578
低价位振幅,2025-11-06,0.7194578101427983
低价位振幅,2025-11-07,0.7242017256241557
低价位振幅,2025-11-08,0.7198766926120531
低价位振幅,2025-11-09,0.7443233226178472
低价位振幅,2025-11-10,0.7861129893982762
低价位振幅,2025-11-11,0.8077257497010055
低价位振幅,2025-11-12,0.8081614097391053
低价位振幅,2025-11-13,0.8178705507562664
低价位振幅,2025-11-14,0.817023811519607
低价位振幅,2025-11-15,0.8247528762702228
低价位振幅,2025-11-16,0.8180002736591359
低价位振幅,2025-11-17,0.8164665814932146
低价位振幅,2025-11-18,0.8034341922502337
低价位振幅,2025-11-19,0.8320337735630474
低价位振幅,2025-11-20,0.8913097027164211
低价位振幅,2025-11-21,0.9067748529399277
低价位振幅,2025-11-22,0.9038506212265479
低价位振幅,2025-11-23,0.8832395377233822
低价位振幅,2025-11-24,0.8745007125407748
低价位振幅,2025-11-25,0.8737473399136547
低价位振幅,2025-11-26,0.884846417500488
低价位振幅,2025-11-27,0.8915259576097632
低价位振幅,2025-11-28,0.9040863500569621
低价位振幅,2025-11-29,0.9096211663786149
低价位振幅,2025-11-30,0.9346011815351706
低价位振幅,2025-12-01,0.8864752507970639
低价位振幅,2025-12-02,0.8623481678127627
低价位振幅,2025-12-03,0.8717990273708143
低价位振幅,2025-12-04,0.8984881302217983
低价位振幅,2025-12-05,0.895759931240798
低价位振幅,2025-12-06,0.9068285134420698
低价位振幅,2025-12-07,0.8851248945833302
低价位振幅,2025-12-08,0.8610778600791708
低价位振幅,2025-12-09,0.8822434389851519
低价位振幅,2025-12-10,0.8792196141540715
低价位振幅,2025-12-11,0.8970645776168004
低价位振幅,2025-12-12,0.8909209709817751
低价位振幅,2025-12-13,0.9097204979159084
低价位振幅,2025-12-14,0.9095282134052262
低价位振幅,2025-12-15,0.9243834134191864
低价位振幅,2025-12-16,0.9418485774693668
低价位振幅,2025-12-17,0.9572883166282437
低价位振幅,2025-12-18,0.9265495718780489
低价位振幅,2025-12-19,0.9367375805748069
低价位振幅,2025-12-20,0.960507136426217
低价位振幅,2025-12-21,0.9735159396588983
低价位振幅,2025-12-22,0.981722402290027
低价位振幅,2025-12-23,0.991417110977054
低价位振幅,2025-12-24,0.9808406719840328
低价位振幅,2025-12-25,0.9694741005163372
低价位振幅,2025-12-26,0.9537993689406948
低价位振幅,2025-12-27,0.9474568239793785
低价位振幅,2025-12-28,0.9610686165278506
低价位振幅,2025-12-29,0.9710476056059035
低价位振幅,2025-12-30,0.9910354477591343
低价位振幅,2025-12-31,0.9386633364397231
低价位振幅,2026-01-01,0.9172144612917081
低价位振幅,2026-01-02,0.9286256195034115
低价位振幅,2026-01-03,0.9158105884298756
低价位振幅,2026-01-04,0.9038722122347543
低价位振幅,2026-01-05,0.8991720422736371
低价位振幅,2026-01-06,0.920102890270958
低价位振幅,2026-01-07,0.9309961259909655
低价位振幅,2026-01-08,0.9386475239247968
低价位振幅,2026-01-09,0.944849632318902
低价位振幅,2026-01-10,0.9475525050075192
低价位振幅,2026-01-11,0.9564725241895766
低价位振幅,2026-01-12,0.9164446470091202
低价位振幅,2026-01-13,0.9391417024661477
低价位振幅,2026-01-14,0.9660677008000522
低价位振幅,2026-01-15,0.9543987223918441
低价位振幅,2026-01-16,0.953294456496101
低价位振幅,2026-01-17,0.9918992049574518
低价位振幅,2026-01-18,0.997274770620784
低价位振幅,2026-01-19,1.0052032343493627
低价位振幅,2026-01-20,0.9896528694986291
低价位振幅,2026-01-21,1.0103720379095396
低价位振幅,2026-01-22,1.0101140584333406
低价位振幅,2026-01-23,1.008018722349472
低价位振幅,2026-01-24,1.0359142966776473
低价位振幅,2026-01-25,1.0199449910926202
低价位振幅,2026-01-26,1.0204683567437245
低价位振幅,2026-01-27,1.0232512019340598
低价位振幅,2026-01-28,1.0614208805923113
低价位振幅,2026-01-29,1.0802562015375912
低价位振幅,2026-01-30,1.0932911469434603
低价位振幅,2026-01-31,1.116266621138171
低价位振幅,2026-02-01,1.1076588840692028
低价位振幅,2026-02-02,1.1390944610343077
低价位振幅,2026-02-03,1.1364584034604412
低价位振幅,2026-02-04,1.1883668495181776
低价位振幅,2026-02-05,1.1344385656394
低价位振幅,2026-02-06,1.1329270577824855
低价位振幅,2026-02-07,1.137810557688999
低价位振幅,2026-02-08,1.137563760380365
低价位振幅,2026-02-09,1.154623584469198
低价位振幅,2026-02-10,1.1709338787489583
低价位振幅,2026-02-11,1.1829467574620791
低价位振幅,2026-02-12,1.1783260604394405
低价位振幅,2026-02-13,1.167359646466529
低价位振幅,2026-02-14,1.1770808345452417
低价位振幅,2026-02-15,1.1859178911268327
低价位振幅,2026-02-16,1.1801950218978419
低价位振幅,2026-02-17,1.2069356092994066
低价位振幅,2026-02-18,1.2015470691468946
低价位振幅,2026-02-19,1.2321580637949665
低价位振幅,2026-02-20,1.215134908125493
低价位振幅,2026-02-21,1.2314851216471483
低价位振幅,2026-02-22,1.2223106952768248
低价位振幅,2026-02-23,1.2292844089330295
低价位振幅,2026-02-24,1.2306176612109263
低价位振幅,2026-02-25,1.236835987727329
低价位振幅,2026-02-26,1.2422626797919276
低价位振幅,2026-02-27,1.2158431313633729
低价位振幅,2026-02-28,1.2303283787526134
低价位振幅,2026-03-01,1.2211559641422534
低价位振幅,2026-03-02,1.2256923091690728
低价位振幅,2026-03-03,1.246079194930711
低价位振幅,2026-03-04,1.2458638005952065
低价位振幅,2026-03-05,1.2639718453714874
低价位振幅,2026-03-06,1.264841149371899
低价位振幅,2026-03-07,1.2729140295698838
低价位振幅,2026-03-08,1.2499097040963794
低价位振幅,2026-03-09,1.2325317443201436
低价位振幅,2026-03-10,1.248497408302516
低价位振幅,2026-03-11,1.228175836197172
低价位振幅,2026-03-12,1.2497775687677823
低价位振幅,2026-03-13,1.2462964871182454
低价位振幅,2026-03-14,1.2293996001201288
低价位振幅,2026-03-15,1.204810183711503
低价位振幅,2026-03-16,1.2157554783217774
低价位振幅,2026-03-17,1.241039711235209
低价位振幅,2026-03-18,1.2494365555249967
低价位振幅,2026-03-19,1.2700695945991807
低价位振幅,2026-03-20,1.2883364733039844
低价位振幅,2026-03-21,1.2977870700433563
低价位振幅,2026-03-22,1.2321201080801565
低价位振幅,2026-03-23,1.217611443362094
低价位振幅,2026-03-24,1.2269836010337283
低价位振幅,2026-03-25,1.23815240300842
低价位振幅,2026-03-26,1.2662925872288744
低价位振幅,2026-03-27,1.2874870254356194
低价位振幅,2026-03-28,1.2886406429510386
低价位振幅,2026-03-29,1.2829057521309954
低价位振幅,2026-03-30,1.2817387858866693
低价位振幅,2026-03-31,1.2637250577420391
低价位振幅,2026-04-01,1.2753236708541025
低价位振幅,2026-04-02,1.2741181975589713
低价位振幅,2026-04-03,1.2948182257863712
低价位振幅,2026-04-04,1.2764024721977216
低价位振幅,2026-04-05,1.2995219625643348
低价位振幅,2026-04-06,1.2675435794675218
低价位振幅,2026-04-07,1.2848856955842944
低价位振幅,2026-04-08,1.2783028598447386
低价位振幅,2026-04-09,1.2749945268426408
低价位振幅,2026-04-10,1.257662299920093
低价位振幅,2026-04-11,1.2769852720918171
低价位振幅,2026-04-12,1.2493722596551526
低价位振幅,2026-04-13,1.2880907923679907
低价位振幅,2026-04-14,1.2896510949223954
低价位振幅,2026-04-15,1.2203418722637605
低价位振幅,2026-04-16,1.2307483527886494
低价位振幅,2026-04-17,1.280938688342306
低价位振幅,2026-04-18,1.3244083752935054
低价位振幅,2026-04-19,1.3120785008343192
低价位振幅,2026-04-20,1.3216470589170843
低价位振幅,2026-04-21,1.325635882137178
低价位振幅,2026-04-22,1.3305892570418374
低价位振幅,2026-04-23,1.3316123881986128
低价位振幅,2026-04-24,1.3321411635115765
低价位振幅,2026-04-25,1.3223690043949248
低价位振幅,2026-04-26,1.3243496584538517
低价位振幅,2026-04-27,1.33432257949931
低价位振幅,2026-04-28,1.343272778592335
低价位振幅,2026-04-29,1.3434598968595537
低价位振幅,2026-04-30,1.332873770843881
低价位振幅,2026-05-01,1.31536509787371
低价位振幅,2026-05-02,1.32264867767529
低价位振幅,2026-05-03,1.3332430384645337
低价位振幅,2026-05-04,1.316650688053561
低价位振幅,2026-05-05,1.2990241216550409
低价位振幅,2026-05-06,1.2886949712406703
低价位振幅,2026-05-07,1.1501872286758004
低价位振幅,2026-05-08,1.180570445240943
低价位振幅,2026-05-09,1.207623670008838
低价位振幅,2026-05-10,1.232165033230507
低价位振幅,2026-05-11,1.2516155583802084
低价位振幅,2026-05-12,1.2621052047080428
低价位振幅,2026-05-13,1.259741026975244
低价位振幅,2026-05-14,1.2848421966780967
低价位振幅,2026-05-15,1.3064050484611913
低价位振幅,2026-05-16,1.3012339404572946
低价位振幅,2026-05-17,1.239120305546198
低价位振幅,2026-05-18,1.2624865453769791
低价位振幅,2026-05-19,1.2514617965889767
低价位振幅,2026-05-20,1.1915025124562062
低价位振幅,2026-05-21,1.1776511818326074
低价位振幅,2026-05-22,1.1390267902001585
低价位振幅,2026-05-23,1.1679535775723218
低价位振幅,2026-05-24,1.1112457698325569
低价位振幅,2026-05-25,1.1188415095340845
低价位振幅,2026-05-26,1.1338498383100817
低价位振幅,2026-05-27,1.1958681727505407
低价位振幅,2026-05-28,1.090640670108513
低价位振幅,2026-05-29,1.1475318302635402
低价位振幅,2026-05-30,1.1169834366057554
收益偏度,2024-06-02,1.0050663692453372
收益偏度,2024-06-03,1.0299670919489559
收益偏度,2024-06-04,1.0155234528829953
收益偏度,2024-06-05,0.9908769405063118
收益偏度,2024-06-06,0.9688525902734006
收益偏度,2024-06-07,0.9589024156122491
收益偏度,2024-06-08,0.9570760588826597
收益偏度,2024-06-09,0.9537431517570293
收益偏度,2024-06-10,0.9723691687707278
收益偏度,2024-06-11,0.9574215882829853
收益偏度,2024-06-12,0.9841598184985983
收益偏度,2024-06-13,0.9846874548148817
收益偏度,2024-06-14,0.9869576240703005
收益偏度,2024-06-15,0.9836881551384463
收益偏度,2024-06-16,0.9928651653195663
收益偏度,2024-06-17,0.9833032767367842
收益偏度,2024-06-18,0.9895894415426312
收益偏度,2024-06-19,0.9924440055362923
收益偏度,2024-06-20,0.9907244046354758
收益偏度,2024-06-21,0.9938347001549789
收益偏度,2024-06-22,0.9904729587918717
收益偏度,2024-06-23,0.972115818480554
收益偏度,2024-06-24,0.9547038567158287
收益偏度,2024-06-25,0.9619119624036064
收益偏度,2024-06-26,0.9589605626024977
收益偏度,2024-06-27,0.9680087775585201
收益偏度,2024-06-28,0.9735081891298721
收益偏度,2024-06-29,0.9710015203822416
收益偏度,2024-06-30,0.9604149482268958
收益偏度,2024-07-01,0.9354848282554883
收益偏度,2024-07-02,0.9184914172876589
收益偏度,2024-07-03,0.9106524439379565
收益偏度,2024-07-04,0.9099934541827732
收益偏度,2024-07-05,0.9015540829548699
收益偏度,2024-07-06,0.9092285711307138
收益偏度,2024-07-07,0.9089888753742452
收益偏度,2024-07-08,0.8806119198414345
收益偏度,2024-07-09,0.8655153523233674
收益偏度,2024-07-10,0.8620791100874949
收益偏度,2024-07-11,0.8565002635659408
收益偏度,2024-07-12,0.8561390663474913
收益偏度,2024-07-13,0.8509624708360625
收益偏度,2024-07-14,0.8318121734204047
收益偏度,2024-07-15,0.8219896000290823
收益偏度,2024-07-16,0.8319568415563977
收益偏度,2024-07-17,0.7987766524322191
收益偏度,2024-07-18,0.7955309237179453
收益偏度,2024-07-19,0.8109496508033652
收益偏度,2024-07-20,0.8048235310524373
收益偏度,2024-07-21,0.8129353804544597
收益偏度,2024-07-22,0.8399888571922566
收益偏度,2024-07-23,0.8314822929402865
收益偏度,2024-07-24,0.8495002276029392
收益偏度,2024-07-25,0.8381630984440502
收益偏度,2024-07-26,0.8453678074031066
收益偏度,2024-07-27,0.8467438367946152
收益偏度,2024-07-28,0.8567897887563323
收益偏度,2024-07-29,0.8348358867240422
收益偏度,2024-07-30,0.8384265210095169
收益偏度,2024-07-31,0.8368784015257681
收益偏度,2024-08-01,0.8478513461994391
收益偏度,2024-08-02,0.8640629764027234
收益偏度,2024-08-03,0.8721065762879542
收益偏度,2024-08-04,0.8771376803971754
收益偏度,2024-08-05,0.8744098436582214
收益偏度,2024-08-06,0.8610345252596682
收益偏度,2024-08-07,0.9010371082596793
收益偏度,2024-08-08,0.9190865521865585
收益偏度,2024-08-09,0.9380811195072393
收益偏度,2024-08-10,0.9510772880371655
收益偏度,2024-08-11,0.9271504874242221
收益偏度,2024-08-12,0.9252821212819056
收益偏度,2024-08-13,0.9278821204530313
收益偏度,2024-08-14,0.9373892903172586
收益偏度,2024-08-15,0.9474965117094761
收益偏度,2024-08-16,0.9359560804496813
收益偏度,2024-08-17,0.9461564994136998
收益偏度,2024-08-18,0.9426617927573624
收益偏度,2024-08-19,0.9536837994933232
收益偏度,2024-08-20,0.9044339905908267
收益偏度,2024-08-21,0.9017736508267675
收益偏度,2024-08-22,0.9061387041950886
收益偏度,2024-08-23,0.9223727522988528
收益偏度,2024-08-24,0.9161574745203354
收益偏度,2024-08-25,0.9263918959477888
收益偏度,2024-08-26,0.9359299766938913
收益偏度,2024-08-27,0.9480480444840429
收益偏度,2024-08-28,0.9668518218873702
收益偏度,2024-08-29,0.9565185737787358
收益偏度,2024-08-30,0.9761547631680484
收益偏度,2024-08-31,0.9931507020137935
收益偏度,2024-09-01,0.9822811049344038
收益偏度,2024-09-02,0.9811206561017874
收益偏度,2024-09-03,0.9488823986623194
收益偏度,2024-09-04,0.9611867951319488
收益偏度,2024-09-05,0.9565655842719544
收益偏度,2024-09-06,0.9573527202015929
收益偏度,2024-09-07,0.9492347962567691
收益偏度,2024-09-08,0.9337309027910285
收益偏度,2024-09-09,0.9288964565445452
收益偏度,2024-09-10,0.9471398528772442
收益偏度,2024-09-11,0.9562945212302401
收益偏度,2024-09-12,0.9623272905952381
收益偏度,2024-09-13,0.9656715098848945
收益偏度,2024-09-14,0.9683162759781535
收益偏度,2024-09-15,0.9628033797183297
收益偏度,2024-09-16,0.9653867707936594
收益偏度,2024-09-17,0.9609949377129244
收益偏度,2024-09-18,0.9559708975842875
收益偏度,2024-09-19,0.9675712648823516
收益偏度,2024-09-20,0.9644852754407639
收益偏度,2024-09-21,0.9595091623777502
收益偏度,2024-09-22,0.9217502662746865
收益偏度,2024-09-23,0.9309327258993825
收益偏度,2024-09-24,0.9417495759344973
收益偏度,2024-09-25,0.9595469876458845
收益偏度,2024-09-26,0.9683442477784623
收益偏度,2024-09-27,0.9689057493443909
收益偏度,2024-09-28,0.9639245537972665
收益偏度,2024-09-29,0.981655598305453
收益偏度,2024-09-30,0.99364355320681
收益偏度,2024-10-01,1.0277848691787503
收益偏度,2024-10-02,1.0488629104195115
收益偏度,2024-10-03,1.0258999194774545
收益偏度,2024-10-04,1.046320233959614
收益偏度,2024-10-05,1.02240990246747
收益偏度,2024-10-06,1.019051774657666
收益偏度,2024-10-07,1.0216208307632928
收益偏度,2024-10-08,1.0521307905355526
收益偏度,2024-10-09,1.0587511433767873
收益偏度,2024-10-10,1.0528745993815136
收益偏度,2024-10-11,1.0071738731514315
收益偏度,2024-10-12,1.0083106932736634
收益偏度,2024-10-13,1.040796947601408
收益偏度,2024-10-14,1.0846087735331111
收益偏度,2024-10-15,1.0839697244431041
收益偏度,2024-10-16,1.0478893792145603
收益偏度,2024-10-17,1.0460489219909652
收益偏度,2024-10-18,1.0379565368272325
收益偏度,2024-10-19,1.0499987616149442
收益偏度,2024-10-20,1.0732069461160072
收益偏度,2024-10-21,1.0797077924041354
收益偏度,2024-10-22,1.0917087248380866
收益偏度,2024-10-23,1.0667735996910037
收益偏度,2024-10-24,1.079329384949559
收益偏度,2024-10-25,1.0874214054747737
收益偏度,2024-10-26,1.0977634963081468
收益偏度,2024-10-27,1.0615892414795338
收益偏度,2024-10-28,1.0704717545429692
收益偏度,2024-10-29,1.0720825430580259
收益偏度,2024-10-30,1.0829466195661206
收益偏度,2024-10-31,1.1037642397705574
收益偏度,2024-11-01,1.1142366944197106
收益偏度,2024-11-02,1.1183899184039618
收益偏度,2024-11-03,1.1165502877769535
收益偏度,2024-11-04,1.0925991285121261
收益偏度,2024-11-05,1.049712291188183
收益偏度,2024-11-06,1.0918569849040076
收益偏度,2024-11-07,1.0673281912066956
收益偏度,2024-11-08,1.0457445417988123
收益偏度,2024-11-09,1.0507041360113882
收益偏度,2024-11-10,1.042652705440155
收益偏度,2024-11-11,1.072516292501812
收益偏度,2024-11-12,1.0545873328427326
收益偏度,2024-11-13,1.0674457051920694
收益偏度,2024-11-14,1.1037439342859583
收益偏度,2024-11-15,1.07841074215321
收益偏度,2024-11-16,1.059108967155665
收益偏度,2024-11-17,1.1116654115321145
收益偏度,2024-11-18,1.1082407677733945
收益偏度,2024-11-19,1.1192661477193604
收益偏度,2024-11-20,1.12755546757254
收益偏度,2024-11-21,1.1516123752453797
收益偏度,2024-11-22,1.156782465595246
收益偏度,2024-11-23,1.1227107399890106
收益偏度,2024-11-24,1.111501851439665
收益偏度,2024-11-25,1.1453591873490694
收益偏度,2024-11-26,1.098063442901769
收益偏度,2024-11-27,1.1130122039854353
收益偏度,2024-11-28,1.092863479186878
收益偏度,2024-11-29,1.0677566835308663
收益偏度,2024-11-30,1.0556078239381035
收益偏度,2024-12-01,0.9908092514168038
收益偏度,2024-12-02,0.9959134444242359
收益偏度,2024-12-03,1.0198648514547606
收益偏度,2024-12-04,1.015073359316733
收益偏度,2024-12-05,1.0091650936612153
收益偏度,2024-12-06,1.020602885939394
收益偏度,2024-12-07,1.037729019873965
收益偏度,2024-12-08,1.0826022993050273
收益偏度,2024-12-09,1.0629708543314047
收益偏度,2024-12-10,1.0593282565407471
收益偏度,2024-12-11,1.0007034241347783
收益偏度,2024-12-12,1.0228159982338636
收益偏度,2024-12-13,1.0248755099876394
收益偏度,2024-12-14,1.026872151559502
收益偏度,2024-12-15,1.0205808744732712
收益偏度,2024-12-16,1.0395063683881895
收益偏度,2024-12-17,1.0457794713663362
收益偏度,2024-12-18,1.0492415944904043
收益偏度,2024-12-19,1.0346313677323522
收益偏度,2024-12-20,1.0436283681214873
收益偏度,2024-12-21,1.0395076614844596
收益偏度,2024-12-22,1.0165809170101319
收益偏度,2024-12-23,0.9983058681842708
收益偏度,2024-12-24,1.0129432250957207
收益偏度,2024-12-25,1.0438725469696366
收益偏度,2024-12-26,1.0719828411128565
收益偏度,2024-12-27,1.050258474735335
收益偏度,2024-12-28,1.0584159893472493
收益偏度,2024-12-29,1.0572312811505051
收益偏度,2024-12-30,1.0695515024041313
收益偏度,2024-12-31,1.0206945683277269
收益偏度,2025-01-01,1.0193211925054118
收益偏度,2025-01-02,0.9642098445823148
收益偏度,2025-01-03,0.9725897806547106
收益偏度,2025-01-04,0.9713186464608831
收益偏度,2025-01-05,0.9738188301190308
收益偏度,2025-01-06,0.975785102889486
收益偏度,2025-01-07,0.9847571642602156
收益偏度,2025-01-08,0.9922892298580572
收益偏度,2025-01-09,0.9830823993978395
收益偏度,2025-01-10,0.984480008820683
收益偏度,2025-01-11,0.9907782172195788
收益偏度,2025-01-12,0.9913289225103578
收益偏度,2025-01-13,0.9906073987681424
收益偏度,2025-01-14,0.9886016256043272
收益偏度,2025-01-15,0.9725885291378794
收益偏度,2025-01-16,0.9290231068863439
收益偏度,2025-01-17,0.9233342961486802
收益偏度,2025-01-18,0.9157968817181142
收益偏度,2025-01-19,0.9212223593369792
收益偏度,2025-01-20,0.8981606722140092
收益偏度,2025-01-21,0.9090572076131583
收益偏度,2025-01-22,0.9253948042125926
收益偏度,2025-01-23,0.9409816001471734
收益偏度,2025-01-24,0.9315617106972847
收益偏度,2025-01-25,0.9375712217833989
收益偏度,2025-01-26,0.9324176671817488
收益偏度,2025-01-27,0.936514010932198
收益偏度,2025-01-28,0.923723912506987
收益偏度,2025-01-29,0.9211067263044486
收益偏度,2025-01-30,0.9417526737840742
收益偏度,2025-01-31,0.9421959450619507
收益偏度,2025-02-01,0.9369352302015528
收益偏度,2025-02-02,0.922516847744021
收益偏度,2025-02-03,0.924993334994146
收益偏度,2025-02-04,0.9527591932973614
收益偏度,2025-02-05,0.933392690495495
收益偏度,2025-02-06,0.9204534323048099
收益偏度,2025-02-07,0.9300356248126402
收益偏度,2025-02-08,0.9367972835919535
收益偏度,2025-02-09,0.938115618466747
收益偏度,2025-02-10,0.9293797854190464
收益偏度,2025-02-11,0.9166315179383472
收益偏度,2025-02-12,0.9086226256240044
收益偏度,2025-02-13,0.9179232292567067
收益偏度,2025-02-14,0.9053981761784374
收益偏度,2025-02-15,0.9075972236490897
收益偏度,2025-02-16,0.9062417232976125
收益偏度,2025-02-17,0.9273931343373158
收益偏度,2025-02-18,0.9166465424832744
收益偏度,2025-02-19,0.8992379671161301
收益偏度,2025-02-20,0.9001040023527634
收益偏度,2025-02-21,0.8868677597955148
收益偏度,2025-02-22,0.8740126164785192
收益偏度,2025-02-23,0.886944891239284
收益偏度,2025-02-24,0.8844888535503392
收益偏度,2025-02-25,0.9290825456163975
收益偏度,2025-02-26,0.9463751836786469
收益偏度,2025-02-27,0.9568203258404104
收益偏度,2025-02-28,0.9502382345817005
收益偏度,2025-03-01,0.9235753217926667
收益偏度,2025-03-02,1.007744258131121
收益偏度,2025-03-03,1.0017958743692656
收益偏度,2025-03-04,1.032269371103987
收益偏度,2025-03-05,1.051127780608752
收益偏度,2025-03-06,1.0948879212904
收益偏度,2025-03-07,1.1079430030368296
收益偏度,2025-03-08,1.118638168732249
收益偏度,2025-03-09,1.1389873683260048
收益偏度,2025-03-10,1.1318561202526483
收益偏度,2025-03-11,1.14158539897374
收益偏度,2025-03-12,1.1335138960933246
收益偏度,2025-03-13,1.1345902167817412
收益偏度,2025-03-14,1.1164104866340758
收益偏度,2025-03-15,1.123704545516568
收益偏度,2025-03-16,1.1397671891669834
收益偏度,2025-03-17,1.1106144771943578
收益偏度,2025-03-18,1.112301245763217
收益偏度,2025-03-19,1.11956559211717
收益偏度,2025-03-20,1.1286348089200637
收益偏度,2025-03-21,1.1201347520575904
收益偏度,2025-03-22,1.1041233781909037
收益偏度,2025-03-23,1.088875819850952
收益偏度,2025-03-24,1.071196829345899
收益偏度,2025-03-25,1.0766852647102734
收益偏度,2025-03-26,1.1034599426491618
收益偏度,2025-03-27,1.1102327557509657
收益偏度,2025-03-28,1.117355335391496
收益偏度,2025-03-29,1.1161686531199055
收益偏度,2025-03-30,1.1208555257654251
收益偏度,2025-03-31,1.1136013465234527
收益偏度,2025-04-01,1.1354414561781434
收益偏度,2025-04-02,1.1348800691001684
收益偏度,2025-04-03,1.1428834959016652
收益偏度,2025-04-04,1.1488707278720005
收益偏度,2025-04-05,1.1639486209494374
收益偏度,2025-04-06,1.1655996440521756
收益偏度,2025-04-07,1.2003577739886173
收益偏度,2025-04-08,1.180868739901766
收益偏度,2025-04-09,1.1711387663271562
收益偏度,2025-04-10,1.1684642577903523
收益偏度,2025-04-11,1.1240381091324874
收益偏度,2025-04-12,1.1229860148244488
收益偏度,2025-04-13,1.1269877342706551
收益偏度,2025-04-14,1.1240989128462207
收益偏度,2025-04-15,1.1135659401607136
收益偏度,2025-04-16,1.1077471103347876
收益偏度,2025-04-17,1.0953192874657889
收益偏度,2025-04-18,1.0881143116363852
收益偏度,2025-04-19,1.083951312936535
收益偏度,2025-04-20,1.092324236624902
收益偏度,2025-04-21,1.0630093358650288
收益偏度,2025-04-22,1.056032560623978
收益偏度,2025-04-23,1.076907437165342
收益偏度,2025-04-24,1.0681371278896046
收益偏度,2025-04-25,1.0864114971945031
收益偏度,2025-04-26,1.0614382996228002
收益偏度,2025-04-27,1.0736309743364347
收益偏度,2025-04-28,1.0800114798909963
收益偏度,2025-04-29,1.087901494858201
收益偏度,2025-04-30,1.0697577648654018
收益偏度,2025-05-01,1.0506843476256946
收益偏度,2025-05-02,1.052615994048568
收益偏度,2025-05-03,1.069811234819882
收益偏度,2025-05-04,1.0636764864472588
收益偏度,2025-05-05,1.0745844342467348
收益偏度,2025-05-06,1.0825703660057322
收益偏度,2025-05-07,1.1305840259329765
收益偏度,2025-05-08,1.1538460186795716
收益偏度,2025-05-09,1.1845789616239448
收益偏度,2025-05-10,1.1909109176953467
收益偏度,2025-05-11,1.2138262589781093
收益偏度,2025-05-12,1.218361611810547
收益偏度,2025-05-13,1.2271749420905804
收益偏度,2025-05-14,1.2601982082681906
收益偏度,2025-05-15,1.2675626420810768
收益偏度,2025-05-16,1.2691357019525298
收益偏度,2025-05-17,1.2348922137799345
收益偏度,2025-05-18,1.2328800707995968
收益偏度,2025-05-19,1.2035024986506357
收益偏度,2025-05-20,1.2096003335716667
收益偏度,2025-05-21,1.2094535250011766
收益偏度,2025-05-22,1.2098831852292913
收益偏度,2025-05-23,1.2035907424447987
收益偏度,2025-05-24,1.2019445698069304
收益偏度,2025-05-25,1.1947133301688544
收益偏度,2025-05-26,1.2075394828843766
收益偏度,2025-05-27,1.2030411626502615
收益偏度,2025-05-28,1.2332309446306664
收益偏度,2025-05-29,1.2429208416238111
收益偏度,2025-05-30,1.2477605868467638
收益偏度,2025-05-31,1.2569736704866499
收益偏度,2025-06-01,1.2581085536676964
收益偏度,2025-06-02,1.2347229712721937
收益偏度,2025-06-03,1.2493824942419345
收益偏度,2025-06-04,1.2646751353619932
收益偏度,2025-06-05,1.2787012696929476
收益偏度,2025-06-06,1.2623651150421087
收益偏度,2025-06-07,1.2688550954715954
收益偏度,2025-06-08,1.2679746335937774
收益偏度,2025-06-09,1.2229383964082492
收益偏度,2025-06-10,1.228992485128916
收益偏度,2025-06-11,1.2290071748514506
收益偏度,2025-06-12,1.2252377015810008
收益偏度,2025-06-13,1.243078218178952
收益偏度,2025-06-14,1.2459298526607199
收益偏度,2025-06-15,1.2647786213231245
收益偏度,2025-06-16,1.2633974108974166
收益偏度,2025-06-17,1.2609527376720537
收益偏度,2025-06-18,1.240617141987858
收益偏度,2025-06-19,1.240347387812028
收益偏度,2025-06-20,1.2410990452941963
收益偏度,2025-06-21,1.2402241883585305
收益偏度,2025-06-22,1.2607884728321517
收益偏度,2025-06-23,1.259337770121377
收益偏度,2025-06-24,1.2366894962895536
收益偏度,2025-06-25,1.2213919571006069
收益偏度,2025-06-26,1.2193634785430834
收益偏度,2025-06-27,1.2211403652204558
收益偏度,2025-06-28,1.2344003513181758
收益偏度,2025-06-29,1.2319167378305873
收益偏度,2025-06-30,1.2181594908037265
收益偏度,2025-07-01,1.2305943889055702
收益偏度,2025-07-02,1.2393477326623026
收益偏度,2025-07-03,1.2356873214428918
收益偏度,2025-07-04,1.260501233969322
收益偏度,2025-07-05,1.2576500704793885
收益偏度,2025-07-06,1.258513942043317
收益偏度,2025-07-07,1.233182597092642
收益偏度,2025-07-08,1.2260751127157716
收益偏度,2025-07-09,1.239467580374566
收益偏度,2025-07-10,1.216367129344342
收益偏度,2025-07-11,1.2364422553214351
收益偏度,2025-07-12,1.2489508438407202
收益偏度,2025-07-13,1.2356505643415105
收益偏度,2025-07-14,1.240428981180832
收益偏度,2025-07-15,1.2481194547262409
收益偏度,2025-07-16,1.2642849269976084
收益偏度,2025-07-17,1.2505108662492506
收益偏度,2025-07-18,1.272236794279896
收益偏度,2025-07-19,1.2464262072233485
收益偏度,2025-07-20,1.2749241342068065
收益偏度,2025-07-21,1.265071980838588
收益偏度,2025-07-22,1.2728825860016317
收益偏度,2025-07-23,1.2648700050225687
收益偏度,2025-07-24,1.2406482310402052
收益偏度,2025-07-25,1.25464765835638
收益偏度,2025-07-26,1.222749685536721
收益偏度,2025-07-27,1.2350419795111298
收益偏度,2025-07-28,1.2660459760816032
收益偏度,2025-07-29,1.2463160317741753
收益偏度,2025-07-30,1.2684889675775484
收益偏度,2025-07-31,1.2759418974383776
收益偏度,2025-08-01,1.2766428497139046
收益偏度,2025-08-02,1.2497090305465568
收益偏度,2025-08-03,1.2160731020938618
收益偏度,2025-08-04,1.2404630001751906
收益偏度,2025-08-05,1.2427899102301505
收益偏度,2025-08-06,1.210830527266301
收益偏度,2025-08-07,1.1950029829622046
收益偏度,2025-08-08,1.1991765672719537
收益偏度,2025-08-09,1.2169157404979545
收益偏度,2025-08-10,1.2392661498231123
收益偏度,2025-08-11,1.2264942653344546
收益偏度,2025-08-12,1.1732374337001334
收益偏度,2025-08-13,1.1982773453967923
收益偏度,2025-08-14,1.242339418327948
收益偏度,2025-08-15,1.2383991740899913
收益偏度,2025-08-16,1.2195760014460528
收益偏度,2025-08-17,1.2341732600699111
收益偏度,2025-08-18,1.2555470073326835
收益偏度,2025-08-19,1.1982788588593694
收益偏度,2025-08-20,1.218317644894142
收益偏度,2025-08-21,1.1870156613193759
收益偏度,2025-08-22,1.1814689412169208
收益偏度,2025-08-23,1.183551855513898
收益偏度,2025-08-24,1.2217735252148454
收益偏度,2025-08-25,1.2159836934419592
收益偏度,2025-08-26,1.2080063231907725
收益偏度,2025-08-27,1.201482212902075
收益偏度,2025-08-28,1.2165608271895088
收益偏度,2025-08-29,1.2043378670931235
收益偏度,2025-08-30,1.211894046827435
收益偏度,2025-08-31,1.232767613218286
收益偏度,2025-09-01,1.2010972804869642
收益偏度,2025-09-02,1.1966725572353032
收益偏度,2025-09-03,1.2092879502893643
收益偏度,2025-09-04,1.1855518021849165
收益偏度,2025-09-05,1.186185155469942
收益偏度,2025-09-06,1.1916744019686485
收益偏度,2025-09-07,1.1714915577529106
收益偏度,2025-09-08,1.1559340800513755
收益偏度,2025-09-09,1.1379589991045793
收益偏度,2025-09-10,1.1328425193937603
收益偏度,2025-09-11,1.153807966141519
收益偏度,2025-09-12,1.1639791002223532
收益偏度,2025-09-13,1.135282502480576
收益偏度,2025-09-14,1.1112574464092573
收益偏度,2025-09-15,1.108664810258909
收益偏度,2025-09-16,1.107205749366323
收益偏度,2025-09-17,1.0902193609162634
收益偏度,2025-09-18,1.0663089344693333
收益偏度,2025-09-19,1.0635359589228608
收益偏度,2025-09-20,1.0561723894598114
收益偏度,2025-09-21,1.0096530841772275
收益偏度,2025-09-22,1.0102124086074995
收益偏度,2025-09-23,1.0145325924785593
收益偏度,2025-09-24,1.039035030636094
收益偏度,2025-09-25,1.0421717381718165
收益偏度,2025-09-26,1.0381054589691008
收益偏度,2025-09-27,1.023782313471638
收益偏度,2025-09-28,1.0314607606399255
收益偏度,2025-09-29,1.0409330864364077
收益偏度,2025-09-30,1.0325894946549747
收益偏度,2025-10-01,1.0538801758486807
收益偏度,2025-10-02,1.0687113555695997
收益偏度,2025-10-03,1.0630829698681463
收益偏度,2025-10-04,1.0416227751268026
收益偏度,2025-10-05,1.0565536030155616
收益偏度,2025-10-06,1.0109479227687916
收益偏度,2025-10-07,1.0304541028933398
收益偏度,2025-10-08,1.0465676289240842
收益偏度,2025-10-09,1.0800895980502834
收益偏度,2025-10-10,1.066973850725114
收益偏度,2025-10-11,1.0890065848679302
收益偏度,2025-10-12,1.1011359900531748
收益偏度,2025-10-13,1.0990652082974302
收益偏度,2025-10-14,1.0916467983278288
收益偏度,2025-10-15,1.0704314665697063
收益偏度,2025-10-16,1.0678966250153605
收益偏度,2025-10-17,1.0629885804785968
收益偏度,2025-10-18,1.0600865563260584
收益偏度,2025-10-19,1.047914463803698
收益偏度,2025-10-20,1.0543517403167686
收益偏度,2025-10-21,1.0684740285627035
收益偏度,2025-10-22,1.0708793756270067
收益偏度,2025-10-23,1.0626727166989651
收益偏度,2025-10-24,1.0441593643933547
收益偏度,2025-10-25,1.0270326785797201
收益偏度,2025-10-26,1.0201897590035705
收益偏度,2025-10-27,1.0113277405957954
收益偏度,2025-10-28,1.033593945509242
收益偏度,2025-10-29,1.0219809755423497
收益偏度,2025-10-30,1.0284081564443788
收益偏度,2025-10-31,1.0200474824917818
收益偏度,2025-11-01,1.0172722961766565
收益偏度,2025-11-02,1.0219062721777548
收益偏度,2025-11-03,1.0163258281657204
收益偏度,2025-11-04,1.0173001720015848
收益偏度,2025-11-05,1.0247417086161774
收益偏度,2025-11-06,1.107708277725944
收益偏度,2025-11-07,1.1051918000193852
收益偏度,2025-11-08,1.0730689944912877
收益偏度,2025-11-09,1.053178384602635
收益偏度,2025-11-10,1.0549516539153603
收益偏度,2025-11-11,1.0573302080660962
收益偏度,2025-11-12,1.0491066245737106
收益偏度,2025-11-13,1.1080414758859631
收益偏度,2025-11-14,1.0989410542326588
收益偏度,2025-11-15,1.1071748418640637
收益偏度,2025-11-16,1.083083011265172
收益偏度,2025-11-17,1.062736068309005
收益偏度,2025-11-18,1.0741036097832162
收益偏度,2025-11-19,1.1006692090426644
收益偏度,2025-11-20,1.0796555264592256
收益偏度,2025-11-21,1.0540872568377306
收益偏度,2025-11-22,1.0251250286124582
收益偏度,2025-11-23,1.0044597199410215
收益偏度,2025-11-24,1.0078636750188124
收益偏度,2025-11-25,0.9998036862309221
收益偏度,2025-11-26,1.0084044921020054
收益偏度,2025-11-27,0.9948377055831114
收益偏度,2025-11-28,0.9999012778900188
收益偏度,2025-11-29,1.0002427775271705
收益偏度,2025-11-30,1.0031682389782575
收益偏度,2025-12-01,0.9756171758294326
收益偏度,2025-12-02,0.9684024407032378
收益偏度,2025-12-03,0.9711451304928739
收益偏度,2025-12-04,0.9506126932685718
收益偏度,2025-12-05,0.9443729568362892
收益偏度,2025-12-06,0.9273353460903937
收益偏度,2025-12-07,0.9270269769331851
收益偏度,2025-12-08,0.9083097450582974
收益偏度,2025-12-09,0.9062360425391822
收益偏度,2025-12-10,0.9286273332700311
收益偏度,2025-12-11,0.9306065614944496
收益偏度,2025-12-12,0.9250311266144259
收益偏度,2025-12-13,0.923883436192723
收益偏度,2025-12-14,0.9119699363802799
收益偏度,2025-12-15,0.9266776518230516
收益偏度,2025-12-16,0.9087722770533209
收益偏度,2025-12-17,0.9144671276153798
收益偏度,2025-12-18,0.8915414020688047
收益偏度,2025-12-19,0.90397441988747
收益偏度,2025-12-20,0.9256917236696026
收益偏度,2025-12-21,0.9042696244886917
收益偏度,2025-12-22,0.9080198908266194
收益偏度,2025-12-23,0.9073870625137563
收益偏度,2025-12-24,0.9191292019756893
收益偏度,2025-12-25,0.910228201809874
收益偏度,2025-12-26,0.9181725906353221
收益偏度,2025-12-27,0.9220798698476981
收益偏度,2025-12-28,0.9421642161111466
收益偏度,2025-12-29,0.9411465703605908
收益偏度,2025-12-30,0.9474944454306216
收益偏度,2025-12-31,0.9687810513173325
收益偏度,2026-01-01,1.0252406787570798
收益偏度,2026-01-02,1.0002146999159918
收益偏度,2026-01-03,1.0216425765487889
收益偏度,2026-01-04,1.0413964767523443
收益偏度,2026-01-05,1.0408227931238447
收益偏度,2026-01-06,1.044735199141532
收益偏度,2026-01-07,1.0395469451730037
收益偏度,2026-01-08,1.054034276587818
收益偏度,2026-01-09,1.0498611560730613
收益偏度,2026-01-10,1.0324090950047937
收益偏度,2026-01-11,1.0433136663016453
收益偏度,2026-01-12,1.0079318319157973
收益偏度,2026-01-13,0.9797769677009136
收益偏度,2026-01-14,0.9811171587087011
收益偏度,2026-01-15,0.9811521274622569
收益偏度,2026-01-16,0.9905606376652
收益偏度,2026-01-17,0.9697243353855358
收益偏度,2026-01-18,0.9632527675122035
收益偏度,2026-01-19,0.9593716856282094
收益偏度,2026-01-20,0.9567439386566665
收益偏度,2026-01-21,0.9461298503692016
收益偏度,2026-01-22,0.943767509511297
收益偏度,2026-01-23,0.947085359233993
收益偏度,2026-01-24,0.9729869075329753
收益偏度,2026-01-25,0.9724118075113493
收益偏度,2026-01-26,0.9682766324436066
收益偏度,2026-01-27,0.9700966266444319
收益偏度,2026-01-28,0.9974537081047009
收益偏度,2026-01-29,1.0042360547664557
收益偏度,2026-01-30,0.9920342644895443
收益偏度,2026-01-31,0.9920067317693004
收益偏度,2026-02-01,1.0051246366971047
收益偏度,2026-02-02,0.9975163491212993
收益偏度,2026-02-03,1.0085628132167375
收益偏度,2026-02-04,1.0431067016520907
收益偏度,2026-02-05,1.0214546826218733
收益偏度,2026-02-06,1.0344395381604794
收益偏度,2026-02-07,1.0169782250538535
收益偏度,2026-02-08,1.0054439962024744
收益偏度,2026-02-09,0.9970358390292247
收益偏度,2026-02-10,0.9796726572264145
收益偏度,2026-02-11,0.9851794492130608
收益偏度,2026-02-12,0.9582242016132883
收益偏度,2026-02-13,0.9463197315600725
收益偏度,2026-02-14,0.966916129315045
收益偏度,2026-02-15,0.9629327906702374
收益偏度,2026-02-16,0.9622071126741304
收益偏度,2026-02-17,0.9699972320067821
收益偏度,2026-02-18,0.9705418728095825
收益偏度,2026-02-19,0.9384926689187078
收益偏度,2026-02-20,0.9217445995216417
收益偏度,2026-02-21,0.9367921240566432
收益偏度,2026-02-22,0.9675022262851378
收益偏度,2026-02-23,0.9817036334859116
收益偏度,2026-02-24,0.9382887207009284
收益偏度,2026-02-25,0.9478301387612522
收益偏度,2026-02-26,0.9571566725947366
收益偏度,2026-02-27,0.9470811614916401
收益偏度,2026-02-28,0.9571609653232727
收益偏度,2026-03-01,0.9406870504906546
收益偏度,2026-03-02,0.9543048960963113
收益偏度,2026-03-03,0.958132288237986
收益偏度,2026-03-04,0.9650914471505948
收益偏度,2026-03-05,0.9667748375619489
收益偏度,2026-03-06,0.9684233786867991
收益偏度,2026-03-07,0.9692463141927915
收益偏度,2026-03-08,0.9873448505718458
收益偏度,2026-03-09,0.9937455052739071
收益偏度,2026-03-10,0.9862205898300782
收益偏度,2026-03-11,0.9881449096470896
收益偏度,2026-03-12,0.9796615426051875
收益偏度,2026-03-13,0.9843283612259021
收益偏度,2026-03-14,0.9673494865140908
收益偏度,2026-03-15,0.9771299731934189
收益偏度,2026-03-16,0.9890435020637235
收益偏度,2026-03-17,1.0122753047096422
收益偏度,2026-03-18,1.0016907580264784
收益偏度,2026-03-19,1.004688089248958
收益偏度,2026-03-20,1.0187245443035702
收益偏度,2026-03-21,1.0377125663838447
收益偏度,2026-03-22,1.054772270896982
收益偏度,2026-03-23,1.0603222294250014
收益偏度,2026-03-24,1.051981967985506
收益偏度,2026-03-25,1.0721847885108136
收益偏度,2026-03-26,1.07135107852963
收益偏度,2026-03-27,1.056457213818213
收益偏度,2026-03-28,1.0628480783196377
收益偏度,2026-03-29,1.0599515013747443
收益偏度,2026-03-30,1.0562174562447328
收益偏度,2026-03-31,1.0447445389271264
收益偏度,2026-04-01,1.053692304955616
收益偏度,2026-04-02,1.0561542623764797
收益偏度,2026-04-03,1.0544133694164937
收益偏度,2026-04-04,1.0470219801524068
收益偏度,2026-04-05,1.0518859739156654
收益偏度,2026-04-06,1.0349176657216363
收益偏度,2026-04-07,1.0395369457291064
收益偏度,2026-04-08,1.031758136376043
收益偏度,2026-04-09,1.0146749368602648
收益偏度,2026-04-10,1.0152819357198692
收益偏度,2026-04-11,1.0119161878526215
收益偏度,2026-04-12,1.006873281754527
收益偏度,2026-04-13,1.0137781499529641
收益偏度,2026-04-14,1.0059165159925256
收益偏度,2026-04-15,1.0286569218407215
收益偏度,2026-04-16,1.0301319110636158
收益偏度,2026-04-17,1.017222253672577
收益偏度,2026-04-18,1.0153873602939218
收益偏度,2026-04-19,1.0136126810096031
收益偏度,2026-04-20,1.0150985761556421
收益偏度,2026-04-21,1.023005681524184
收益偏度,2026-04-22,1.0365123757418224
收益偏度,2026-04-23,1.0485384601798429
收益偏度,2026-04-24,1.056183752342789
收益偏度,2026-04-25,1.0499095314311888
收益偏度,2026-04-26,1.044307883481586
收益偏度,2026-04-27,1.0477676322020493
收益偏度,2026-04-28,1.0507203547245838
收益偏度,2026-04-29,1.044333685469141
收益偏度,2026-04-30,1.0310459623223434
收益偏度,2026-05-01,1.0445960320996712
收益偏度,2026-05-02,1.0346697291684053
收益偏度,2026-05-03,1.024890806708798
收益偏度,2026-05-04,1.0291643399638797
收益偏度,2026-05-05,1.0717910946779867
收益偏度,2026-05-06,1.092178462361307
收益偏度,2026-05-07,1.101373456007675
收益偏度,2026-05-08,1.103387412347665
收益偏度,2026-05-09,1.0864778035147722
收益偏度,2026-05-10,1.0763193232297679
收益偏度,2026-05-11,1.0885179825650542
收益偏度,2026-05-12,1.0839942495772168
收益偏度,2026-05-13,1.0633582435561657
收益偏度,2026-05-14,1.064096733423505
收益偏度,2026-05-15,1.0656521605247982
收益偏度,2026-05-16,1.0550032561564409
收益偏度,2026-05-17,1.0118147935726685
收益偏度,2026-05-18,1.0150179876094951
收益偏度,2026-05-19,1.0334824715148991
收益偏度,2026-05-20,1.0115298462150044
收益偏度,2026-05-21,0.9685594042484396
收益偏度,2026-05-22,0.9257257072498211
收益偏度,2026-05-23,0.93897646709373
收益偏度,2026-05-24,0.8815937745145663
收益偏度,2026-05-25,0.8851273340352389
收益偏度,2026-05-26,0.874144124031426
收益偏度,2026-05-27,0.8761205302458911
收益偏度,2026-05-28,0.834361343230265
收益偏度,2026-05-29,0.8628086540662345
收益偏度,2026-05-30,0.8656540358974707
日内自相关,2024-06-02,1.0084457142809622
日内自相关,2024-06-03,0.9941556828138012
日内自相关,2024-06-04,0.9982337943701095
日内自相关,2024-06-05,0.990285416952175
日内自相关,2024-06-06,0.9707781946897546
日内自相关,2024-06-07,0.9465937140408807
日内自相关,2024-06-08,0.9495052286419102
日内自相关,2024-06-09,0.9487596545161155
日内自相关,2024-06-10,0.9619889509290354
日内自相关,2024-06-11,0.9299542143830783
日内自相关,2024-06-12,0.9292776064483145
日内自相关,2024-06-13,0.94622941121744
日内自相关,2024-06-14,0.9600696396312213
日内自相关,2024-06-15,0.9520721421937942
日内自相关,2024-06-16,0.9483188921528759
日内自相关,2024-06-17,0.9262986852092642
日内自相关,2024-06-18,0.9316212222519297
日内自相关,2024-06-19,0.9171740915498242
日内自相关,2024-06-20,0.9275919065692664
日内自相关,2024-06-21,0.9371625052116971
日内自相关,2024-06-22,0.9426286431605635
日内自相关,2024-06-23,0.953671477507401
日内自相关,2024-06-24,0.9417251469090403
日内自相关,2024-06-25,0.9419182715847534
日内自相关,2024-06-26,0.9316564131448686
日内自相关,2024-06-27,0.9592016692333564
日内自相关,2024-06-28,0.9529449510121658
日内自相关,2024-06-29,0.9355662229348254
日内自相关,2024-06-30,0.9419669502789945
日内自相关,2024-07-01,0.9335341762012739
日内自相关,2024-07-02,0.9272515902255607
日内自相关,2024-07-03,0.9260166161500787
日内自相关,2024-07-04,0.9190547199151768
日内自相关,2024-07-05,0.9333156307360913
日内自相关,2024-07-06,0.9393507185247475
日内自相关,2024-07-07,0.927565830504563
日内自相关,2024-07-08,0.926673851950202
日内自相关,2024-07-09,0.944051020149091
日内自相关,2024-07-10,0.9573966847785813
日内自相关,2024-07-11,0.9578254896694678
日内自相关,2024-07-12,0.9576062062638121
日内自相关,2024-07-13,0.957979134302777
日内自相关,2024-07-14,0.9180138869498875
日内自相关,2024-07-15,0.9288643415253358
日内自相关,2024-07-16,0.9555658477837857
日内自相关,2024-07-17,0.9397190401581986
日内自相关,2024-07-18,0.9331005678254324
日内自相关,2024-07-19,0.9204972062494262
日内自相关,2024-07-20,0.9054009989990122
日内自相关,2024-07-21,0.9008314430596733
日内自相关,2024-07-22,0.9380370565719179
日内自相关,2024-07-23,0.9166655479404121
日内自相关,2024-07-24,0.9139997172652138
日内自相关,2024-07-25,0.9037008743628554
日内自相关,2024-07-26,0.8935409713929326
日内自相关,2024-07-27,0.8759479496926919
日内自相关,2024-07-28,0.8680865799835514
日内自相关,2024-07-29,0.8730474393366516
日内自相关,2024-07-30,0.8684601394689146
日内自相关,2024-07-31,0.852917243700165
日内自相关,2024-08-01,0.8597231328738414
日内自相关,2024-08-02,0.8711474369386089
日内自相关,2024-08-03,0.8763211823588134
日内自相关,2024-08-04,0.9088818728233278
日内自相关,2024-08-05,0.9009091170734255
日内自相关,2024-08-06,0.9265876372838038
日内自相关,2024-08-07,0.8939393011841226
日内自相关,2024-08-08,0.8984025300307773
日内自相关,2024-08-09,0.8966114200736974
日内自相关,2024-08-10,0.9115714692508635
日内自相关,2024-08-11,0.8974831994425776
日内自相关,2024-08-12,0.8930028813013604
日内自相关,2024-08-13,0.8963275697774724
日内自相关,2024-08-14,0.9031934531697753
日内自相关,2024-08-15,0.8969964791817103
日内自相关,2024-08-16,0.8818577166599116
日内自相关,2024-08-17,0.894766070834735
日内自相关,2024-08-18,0.9205155645896557
日内自相关,2024-08-19,0.9584514387086861
日内自相关,2024-08-20,0.9595490191443059
日内自相关,2024-08-21,0.9823501007255013
日内自相关,2024-08-22,0.9606061689441402
日内自相关,2024-08-23,0.9545030985359338
日内自相关,2024-08-24,0.972524476130505
日内自相关,2024-08-25,0.9773895955940191
日内自相关,2024-08-26,1.0012560013569993
日内自相关,2024-08-27,1.0123106663702706
日内自相关,2024-08-28,1.0182806334998973
日内自相关,2024-08-29,1.0258333259055676
日内自相关,2024-08-30,1.0115668843850751
日内自相关,2024-08-31,1.0237334160914648
日内自相关,2024-09-01,1.0018158736226177
日内自相关,2024-09-02,1.0168046837619766
日内自相关,2024-09-03,1.0019540442671635
日内自相关,2024-09-04,0.9958343483657912
日内自相关,2024-09-05,1.020203235446946
日内自相关,2024-09-06,1.033045447307958
日内自相关,2024-09-07,1.0501526466040836
日内自相关,2024-09-08,1.0439157830790706
日内自相关,2024-09-09,1.0411682566667497
日内自相关,2024-09-10,1.0369348745605582
日内自相关,2024-09-11,1.045129785012313
日内自相关,2024-09-12,1.0436420832042992
日内自相关,2024-09-13,1.0406094729519466
日内自相关,2024-09-14,1.0306134940174199
日内自相关,2024-09-15,1.027175120135406
日内自相关,2024-09-16,1.0198749584467024
日内自相关,2024-09-17,1.0291601758868896
日内自相关,2024-09-18,1.039050159923718
日内自相关,2024-09-19,1.055597834023361
日内自相关,2024-09-20,1.0723599395110095
日内自相关,2024-09-21,1.0707379042359932
日内自相关,2024-09-22,1.0795021022230076
日内自相关,2024-09-23,1.0840545856284303
日内自相关,2024-09-24,1.0974780742512926
日内自相关,2024-09-25,1.094081090593107
日内自相关,2024-09-26,1.09269879762586
日内自相关,2024-09-27,1.0817040377883695
日内自相关,2024-09-28,1.092899163779568
日内自相关,2024-09-29,1.0992841635430288
日内自相关,2024-09-30,1.1078941801340747
日内自相关,2024-10-01,1.1054890878425083
日内自相关,2024-10-02,1.125228691036813
日内自相关,2024-10-03,1.1189275611239808
日内自相关,2024-10-04,1.1040958371068244
日内自相关,2024-10-05,1.0931501198014832
日内自相关,2024-10-06,1.1030302591186874
日内自相关,2024-10-07,1.1004611014546208
日内自相关,2024-10-08,1.1154781269763199
日内自相关,2024-10-09,1.1250522715969558
日内自相关,2024-10-10,1.139876294830423
日内自相关,2024-10-11,1.1739010368609366
日内自相关,2024-10-12,1.1741413419335602
日内自相关,2024-10-13,1.139677767800649
日内自相关,2024-10-14,1.1332516593527908
日内自相关,2024-10-15,1.134739293829339
日内自相关,2024-10-16,1.1249749808184983
日内自相关,2024-10-17,1.1243737766042803
日内自相关,2024-10-18,1.1058639694003987
日内自相关,2024-10-19,1.0979704836142512
日内自相关,2024-10-20,1.1166635841669013
日内自相关,2024-10-21,1.1393624072861348
日内自相关,2024-10-22,1.1164083079723102
日内自相关,2024-10-23,1.1215822788825331
日内自相关,2024-10-24,1.148066249677167
日内自相关,2024-10-25,1.1256183961769781
日内自相关,2024-10-26,1.102231969180282
日内自相关,2024-10-27,1.1013463595064783
日内自相关,2024-10-28,1.1174154391540505
日内自相关,2024-10-29,1.1317449823533703
日内自相关,2024-10-30,1.1292793518312452
日内自相关,2024-10-31,1.1265161548866955
日内自相关,2024-11-01,1.1146551835651999
日内自相关,2024-11-02,1.115055354837274
日内自相关,2024-11-03,1.1196143182425118
日内自相关,2024-11-04,1.119328116715703
日内自相关,2024-11-05,1.1039906816160399
日内自相关,2024-11-06,1.1006629074026244
日内自相关,2024-11-07,1.1060167180484843
日内自相关,2024-11-08,1.0937138615774833
日内自相关,2024-11-09,1.1533683924650313
日内自相关,2024-11-10,1.1697748999135074
日内自相关,2024-11-11,1.3073327591743669
日内自相关,2024-11-12,1.3078618370999946
日内自相关,2024-11-13,1.364238153397283
日内自相关,2024-11-14,1.4076310708985318
日内自相关,2024-11-15,1.3697731864309841
日内自相关,2024-11-16,1.3999839661157625
日内自相关,2024-11-17,1.358725369162888
日内自相关,2024-11-18,1.3491668547349176
日内自相关,2024-11-19,1.3365084643859504
日内自相关,2024-11-20,1.2874676746357578
日内自相关,2024-11-21,1.130374567542287
日内自相关,2024-11-22,1.0466348984747924
日内自相关,2024-11-23,1.0177655991776835
日内自相关,2024-11-24,1.0190906312435435
日内自相关,2024-11-25,0.9986528520957905
日内自相关,2024-11-26,1.0067151830361205
日内自相关,2024-11-27,1.0428261922078472
日内自相关,2024-11-28,1.0545044878798122
日内自相关,2024-11-29,1.0919575394096976
日内自相关,2024-11-30,1.0826431569895916
日内自相关,2024-12-01,1.181183646806983
日内自相关,2024-12-02,1.3690868957952118
日内自相关,2024-12-03,1.2907974013905388
日内自相关,2024-12-04,1.3117300008656538
日内自相关,2024-12-05,1.2860553575356974
日内自相关,2024-12-06,1.2735189392593695
日内自相关,2024-12-07,1.2909377759032936
日内自相关,2024-12-08,1.223892357462098
日内自相关,2024-12-09,1.1954708824240725
日内自相关,2024-12-10,1.207835866676425
日内自相关,2024-12-11,1.1586105289057524
日内自相关,2024-12-12,1.1542900697893945
日内自相关,2024-12-13,1.1902833282665155
日内自相关,2024-12-14,1.210210919112772
日内自相关,2024-12-15,1.2024159406161719
日内自相关,2024-12-16,1.1699544770575236
日内自相关,2024-12-17,1.1477258765569303
日内自相关,2024-12-18,1.101401001255597
日内自相关,2024-12-19,1.117532988024416
日内自相关,2024-12-20,1.085025836942544
日内自相关,2024-12-21,1.1067943613018463
日内自相关,2024-12-22,1.1668372662166253
日内自相关,2024-12-23,1.140759067818197
日内自相关,2024-12-24,1.1452371581766234
日内自相关,2024-12-25,1.1558462432552012
日内自相关,2024-12-26,1.145286999715685
日内自相关,2024-12-27,1.1630738964449172
日内自相关,2024-12-28,1.172705731368763
日内自相关,2024-12-29,1.1614532375300237
日内自相关,2024-12-30,1.1622975590763753
日内自相关,2024-12-31,1.1414754547722572
日内自相关,2025-01-01,1.137937069895177
日内自相关,2025-01-02,1.104693165428549
日内自相关,2025-01-03,1.1058786463630863
日内自相关,2025-01-04,1.0919955028618298
日内自相关,2025-01-05,1.0892874304162383
日内自相关,2025-01-06,1.0978512818417479
日内自相关,2025-01-07,1.0790883123893262
日内自相关,2025-01-08,1.0670209297164412
日内自相关,2025-01-09,1.0790041199047045
日内自相关,2025-01-10,1.0523259817233226
日内自相关,2025-01-11,1.0578165296802575
日内自相关,2025-01-12,1.061147962922342
日内自相关,2025-01-13,1.0626274175808827
日内自相关,2025-01-14,1.0581442971181356
日内自相关,2025-01-15,1.055271378639064
日内自相关,2025-01-16,1.071391156888407
日内自相关,2025-01-17,1.0748553175855768
日内自相关,2025-01-18,1.0625807690717581
日内自相关,2025-01-19,1.0640951756120904
日内自相关,2025-01-20,1.064247731328347
日内自相关,2025-01-21,1.075865689048019
日内自相关,2025-01-22,1.0864356121301308
日内自相关,2025-01-23,1.0896022917889518
日内自相关,2025-01-24,1.0864119260735174
日内自相关,2025-01-25,1.0885650820828903
日内自相关,2025-01-26,1.0803352085354039
日内自相关,2025-01-27,1.09749934699436
日内自相关,2025-01-28,1.0874125276300068
日内自相关,2025-01-29,1.04764888636621
日内自相关,2025-01-30,1.0474742740514138
日内自相关,2025-01-31,1.05176250355671
日内自相关,2025-02-01,1.0780230949057057
日内自相关,2025-02-02,1.0782420301145603
日内自相关,2025-02-03,1.093429856848153
日内自相关,2025-02-04,1.1005656973587825
日内自相关,2025-02-05,1.1332987455655752
日内自相关,2025-02-06,1.118674852804821
日内自相关,2025-02-07,1.104927422166528
日内自相关,2025-02-08,1.1173012357806809
日内自相关,2025-02-09,1.1293855027621544
日内自相关,2025-02-10,1.1069715707208254
日内自相关,2025-02-11,1.088327931921576
日内自相关,2025-02-12,1.1031095784487885
日内自相关,2025-02-13,1.0921056146057961
日内自相关,2025-02-14,1.1007432924146865
日内自相关,2025-02-15,1.0945407996773249
日内自相关,2025-02-16,1.1213075256726446
日内自相关,2025-02-17,1.1349335482468423
日内自相关,2025-02-18,1.1672312775760778
日内自相关,2025-02-19,1.1545773158096932
日内自相关,2025-02-20,1.1520279526251997
日内自相关,2025-02-21,1.1328249327002438
日内自相关,2025-02-22,1.1599445996052562
日内自相关,2025-02-23,1.1321691244047103
日内自相关,2025-02-24,1.1456154202583246
日内自相关,2025-02-25,1.1738502941487752
日内自相关,2025-02-26,1.1617193723282921
日内自相关,2025-02-27,1.1900305016013868
日内自相关,2025-02-28,1.1647778799490816
日内自相关,2025-03-01,1.119948220224857
日内自相关,2025-03-02,1.1701239099487086
日内自相关,2025-03-03,1.1158500021955908
日内自相关,2025-03-04,1.1196073151764185
日内自相关,2025-03-05,1.1101167095547388
日内自相关,2025-03-06,1.164928565632048
日内自相关,2025-03-07,1.157321847966831
日内自相关,2025-03-08,1.1904388853887073
日内自相关,2025-03-09,1.2003246541469534
日内自相关,2025-03-10,1.1753798971488947
日内自相关,2025-03-11,1.1627518971043118
日内自相关,2025-03-12,1.1165145602313733
日内自相关,2025-03-13,1.137136573803929
日内自相关,2025-03-14,1.133058107765492
日内自相关,2025-03-15,1.130752973043622
日内自相关,2025-03-16,1.1549178574391095
日内自相关,2025-03-17,1.1621325838793375
日内自相关,2025-03-18,1.1388347394626859
日内自相关,2025-03-19,1.144715098003569
日内自相关,2025-03-20,1.1510051484064143
日内自相关,2025-03-21,1.168233553086628
日内自相关,2025-03-22,1.1586322807862697
日内自相关,2025-03-23,1.167045797900252
日内自相关,2025-03-24,1.1757271836237388
日内自相关,2025-03-25,1.1978624464513061
日内自相关,2025-03-26,1.188989940606728
日内自相关,2025-03-27,1.1734553134091184
日内自相关,2025-03-28,1.172274464656581
日内自相关,2025-03-29,1.1588414413497024
日内自相关,2025-03-30,1.1835103312748798
日内自相关,2025-03-31,1.1794494025772597
日内自相关,2025-04-01,1.1669941631086092
日内自相关,2025-04-02,1.163910902661445
日内自相关,2025-04-03,1.1499654021254135
日内自相关,2025-04-04,1.1485328443163572
日内自相关,2025-04-05,1.14116376427323
日内自相关,2025-04-06,1.1408126810952477
日内自相关,2025-04-07,1.1758692848917318
日内自相关,2025-04-08,1.171987095048509
日内自相关,2025-04-09,1.1918071150512553
日内自相关,2025-04-10,1.2095788387149395
日内自相关,2025-04-11,1.1772725032559945
日内自相关,2025-04-12,1.173521872796055
日内自相关,2025-04-13,1.1931092141585973
日内自相关,2025-04-14,1.2025558867479544
日内自相关,2025-04-15,1.2083478343163405
日内自相关,2025-04-16,1.1857021446562204
日内自相关,2025-04-17,1.183274388501076
日内自相关,2025-04-18,1.1977072283840715
日内自相关,2025-04-19,1.1991759576359713
日内自相关,2025-04-20,1.1959293726492881
日内自相关,2025-04-21,1.1882554766761666
日内自相关,2025-04-22,1.1790213494589625
日内自相关,2025-04-23,1.1989665609536584
日内自相关,2025-04-24,1.183154086731653
日内自相关,2025-04-25,1.2045468997943902
日内自相关,2025-04-26,1.2053429958014037
日内自相关,2025-04-27,1.2165329767941462
日内自相关,2025-04-28,1.1968237319654822
日内自相关,2025-04-29,1.1926091436966304
日内自相关,2025-04-30,1.1737875874236783
日内自相关,2025-05-01,1.1705074512261697
日内自相关,2025-05-02,1.1445547023788611
日内自相关,2025-05-03,1.1458728496136323
日内自相关,2025-05-04,1.126174967086266
日内自相关,2025-05-05,1.0886128877120145
日内自相关,2025-05-06,1.1023753872927875
日内自相关,2025-05-07,1.09222924376605
日内自相关,2025-05-08,1.095351545783401
日内自相关,2025-05-09,1.1266909145085833
日内自相关,2025-05-10,1.118895157874832
日内自相关,2025-05-11,1.120644524406523
日内自相关,2025-05-12,1.1120610817628145
日内自相关,2025-05-13,1.111364380447214
日内自相关,2025-05-14,1.0883395905771351
日内自相关,2025-05-15,1.0826504414222586
日内自相关,2025-05-16,1.0785736950748899
日内自相关,2025-05-17,1.0838106740791427
日内自相关,2025-05-18,1.0976970430452104
日内自相关,2025-05-19,1.0907930577781997
日内自相关,2025-05-20,1.0832062691110493
日内自相关,2025-05-21,1.11292326191408
日内自相关,2025-05-22,1.103864726874953
日内自相关,2025-05-23,1.098622640164977
日内自相关,2025-05-24,1.0999756046397622
日内自相关,2025-05-25,1.089960478946353
日内自相关,2025-05-26,1.0935214206318755
日内自相关,2025-05-27,1.0976855013271831
日内自相关,2025-05-28,1.1142594491724709
日内自相关,2025-05-29,1.1488435532154007
日内自相关,2025-05-30,1.156313927512499
日内自相关,2025-05-31,1.1561457919694575
日内自相关,2025-06-01,1.1580701947524714
日内自相关,2025-06-02,1.153476666659842
日内自相关,2025-06-03,1.1400371414188915
日内自相关,2025-06-04,1.1514376406113374
日内自相关,2025-06-05,1.146345643500014
日内自相关,2025-06-06,1.1574572004864447
日内自相关,2025-06-07,1.1458684517722648
日内自相关,2025-06-08,1.1340032521069308
日内自相关,2025-06-09,1.1209585990064064
日内自相关,2025-06-10,1.104775185325688
日内自相关,2025-06-11,1.0904988673869898
日内自相关,2025-06-12,1.0685618621363782
日内自相关,2025-06-13,1.083233489892904
日内自相关,2025-06-14,1.0562565871440397
日内自相关,2025-06-15,1.060613468317998
日内自相关,2025-06-16,1.0553708803381232
日内自相关,2025-06-17,1.049017773549843
日内自相关,2025-06-18,1.0358553661545788
日内自相关,2025-06-19,1.039803800678714
日内自相关,2025-06-20,1.0398406313853705
日内自相关,2025-06-21,1.0389810943444542
日内自相关,2025-06-22,1.0325780238062545
日内自相关,2025-06-23,1.0019396122142634
日内自相关,2025-06-24,1.0015052907349544
日内自相关,2025-06-25,0.9949191031338224
日内自相关,2025-06-26,0.9973435293284802
日内自相关,2025-06-27,1.0142196023116943
日内自相关,2025-06-28,1.0075619048660454
日内自相关,2025-06-29,0.9989669824678151
日内自相关,2025-06-30,0.9898355151426299
日内自相关,2025-07-01,0.9984756179611377
日内自相关,2025-07-02,1.0048545309757773
日内自相关,2025-07-03,0.9814427265766783
日内自相关,2025-07-04,0.9784819481928927
日内自相关,2025-07-05,0.983110897791966
日内自相关,2025-07-06,0.9883837759725798
日内自相关,2025-07-07,0.9885614847786296
日内自相关,2025-07-08,0.9860224437143082
日内自相关,2025-07-09,1.0071438468795446
日内自相关,2025-07-10,1.0072533022830152
日内自相关,2025-07-11,0.990952027773901
日内自相关,2025-07-12,0.9568476758102964
日内自相关,2025-07-13,0.9611052077651567
日内自相关,2025-07-14,1.0001130186046618
日内自相关,2025-07-15,1.0167774137099264
日内自相关,2025-07-16,1.0299866350918392
日内自相关,2025-07-17,1.0411570494757059
日内自相关,2025-07-18,1.0357851980880273
日内自相关,2025-07-19,1.0286440281093423
日内自相关,2025-07-20,1.0647273852099992
日内自相关,2025-07-21,1.0719186245883772
日内自相关,2025-07-22,1.0686810774664242
日内自相关,2025-07-23,1.0653100233097559
日内自相关,2025-07-24,1.0485862655801763
日内自相关,2025-07-25,1.0414839515537966
日内自相关,2025-07-26,1.0184752965356614
日内自相关,2025-07-27,1.028804589715219
日内自相关,2025-07-28,1.0319714271561198
日内自相关,2025-07-29,1.0259869703548001
日内自相关,2025-07-30,1.026187703640595
日内自相关,2025-07-31,1.0385009770487477
日内自相关,2025-08-01,1.036501005300061
日内自相关,2025-08-02,1.0325600371779466
日内自相关,2025-08-03,1.038306431912932
日内自相关,2025-08-04,1.0431465388418097
日内自相关,2025-08-05,1.0396281624467778
日内自相关,2025-08-06,1.0513789949388006
日内自相关,2025-08-07,1.0709750758640313
日内自相关,2025-08-08,1.1171646071583448
日内自相关,2025-08-09,1.1049888377669028
日内自相关,2025-08-10,1.098696839078409
日内自相关,2025-08-11,1.0975045604671017
日内自相关,2025-08-12,1.1104847691026856
日内自相关,2025-08-13,1.091726324568356
日内自相关,2025-08-14,1.0934698475938538
日内自相关,2025-08-15,1.0783027271732177
日内自相关,2025-08-16,1.0224985453358577
日内自相关,2025-08-17,1.0286609150224186
日内自相关,2025-08-18,1.0458587676572397
日内自相关,2025-08-19,1.0287367088246437
日内自相关,2025-08-20,1.0269560775016273
日内自相关,2025-08-21,1.0406561641542846
日内自相关,2025-08-22,1.0307048444418472
日内自相关,2025-08-23,1.0304794548091192
日内自相关,2025-08-24,1.0104629842317503
日内自相关,2025-08-25,1.0214785723253743
日内自相关,2025-08-26,1.0105510234970128
日内自相关,2025-08-27,1.0188026584943772
日内自相关,2025-08-28,1.0112781992991928
日内自相关,2025-08-29,1.003544906606294
日内自相关,2025-08-30,1.006618121032384
日内自相关,2025-08-31,1.0156650841366714
日内自相关,2025-09-01,1.0148371289157492
日内自相关,2025-09-02,1.0162270859900933
日内自相关,2025-09-03,1.0006365404089024
日内自相关,2025-09-04,1.0153674923786855
日内自相关,2025-09-05,1.0108922768103004
日内自相关,2025-09-06,1.0251765355312639
日内自相关,2025-09-07,1.0427569413532964
日内自相关,2025-09-08,1.0549931910654577
日内自相关,2025-09-09,1.069583578595266
日内自相关,2025-09-10,1.0650404688215829
日内自相关,2025-09-11,1.0550507903846036
日内自相关,2025-09-12,1.0463819504493723
日内自相关,2025-09-13,1.0565758234640685
日内自相关,2025-09-14,1.0461628886806693
日内自相关,2025-09-15,1.0416127959404413
日内自相关,2025-09-16,1.0368946407960868
日内自相关,2025-09-17,1.0486084970857512
日内自相关,2025-09-18,1.0235441870636388
日内自相关,2025-09-19,1.0052832938276506
日内自相关,2025-09-20,0.9967864571394739
日内自相关,2025-09-21,1.0015288890685625
日内自相关,2025-09-22,1.0010155920565993
日内自相关,2025-09-23,0.9979474562991363
日内自相关,2025-09-24,0.9989891381573982
日内自相关,2025-09-25,1.0110359005511134
日内自相关,2025-09-26,1.004109153224927
日内自相关,2025-09-27,1.0011606468251133
日内自相关,2025-09-28,0.9874431194440143
日内自相关,2025-09-29,0.983691469673547
日内自相关,2025-09-30,0.9764660155634335
日内自相关,2025-10-01,0.9675803090768382
日内自相关,2025-10-02,0.9782206643417839
日内自相关,2025-10-03,0.963259246878646
日内自相关,2025-10-04,0.9507299255018437
日内自相关,2025-10-05,0.958455098589708
日内自相关,2025-10-06,0.9191182211173824
日内自相关,2025-10-07,0.9346131161804972
日内自相关,2025-10-08,0.9367527388718959
日内自相关,2025-10-09,0.8945558208602312
日内自相关,2025-10-10,0.9021705750272305
日内自相关,2025-10-11,0.8951419794304992
日内自相关,2025-10-12,0.8703477704002575
日内自相关,2025-10-13,0.8833305312924518
日内自相关,2025-10-14,0.9008715748499089
日内自相关,2025-10-15,0.9107112473013235
日内自相关,2025-10-16,0.901514563235296
日内自相关,2025-10-17,0.8958836321062321
日内自相关,2025-10-18,0.8996552212974138
日内自相关,2025-10-19,0.8965290832024185
日内自相关,2025-10-20,0.902235233280878
日内自相关,2025-10-21,0.8973754665005312
日内自相关,2025-10-22,0.8793722922402393
日内自相关,2025-10-23,0.8703681483372028
日内自相关,2025-10-24,0.8552036459048364
日内自相关,2025-10-25,0.860822104035896
日内自相关,2025-10-26,0.8520264729940906
日内自相关,2025-10-27,0.8446778762975431
日内自相关,2025-10-28,0.855951151914879
日内自相关,2025-10-29,0.8368725992655744
日内自相关,2025-10-30,0.8247651962897143
日内自相关,2025-10-31,0.8339226446927686
日内自相关,2025-11-01,0.8358509841567376
日内自相关,2025-11-02,0.8237020773510628
日内自相关,2025-11-03,0.8428584992043012
日内自相关,2025-11-04,0.8352637108764542
日内自相关,2025-11-05,0.8418447236310485
日内自相关,2025-11-06,0.7462836511564026
日内自相关,2025-11-07,0.7651493506069381
日内自相关,2025-11-08,0.7519322362366717
日内自相关,2025-11-09,0.8526431234798232
日内自相关,2025-11-10,0.8484914862584004
日内自相关,2025-11-11,0.8354939227907996
日内自相关,2025-11-12,0.8501545873467093
日内自相关,2025-11-13,0.8339540645138325
日内自相关,2025-11-14,0.829875505681667
日内自相关,2025-11-15,0.8291693535499979
日内自相关,2025-11-16,0.8325916324999133
日内自相关,2025-11-17,0.8106358034056794
日内自相关,2025-11-18,0.8386515678443432
日内自相关,2025-11-19,0.8168651995004487
日内自相关,2025-11-20,0.7840379176145472
日内自相关,2025-11-21,0.7751332143925939
日内自相关,2025-11-22,0.7694784124265425
日内自相关,2025-11-23,0.7588427460645502
日内自相关,2025-11-24,0.7720791255862377
日内自相关,2025-11-25,0.7741197218212618
日内自相关,2025-11-26,0.7806023611657823
日内自相关,2025-11-27,0.774245041297813
日内自相关,2025-11-28,0.7671257810357579
日内自相关,2025-11-29,0.7656531010087985
日内自相关,2025-11-30,0.762247401758838
日内自相关,2025-12-01,0.7601711437297425
日内自相关,2025-12-02,0.7656743700211608
日内自相关,2025-12-03,0.7741925523570115
日内自相关,2025-12-04,0.7717595837456427
日内自相关,2025-12-05,0.7801685456114457
日内自相关,2025-12-06,0.7745081811291752
日内自相关,2025-12-07,0.7692451723961423
日内自相关,2025-12-08,0.7784338094893771
日内自相关,2025-12-09,0.775680940369597
日内自相关,2025-12-10,0.7584958943996105
日内自相关,2025-12-11,0.7486151614393551
日内自相关,2025-12-12,0.7456984284434737
日内自相关,2025-12-13,0.752731907514777
日内自相关,2025-12-14,0.7431950468794558
日内自相关,2025-12-15,0.7424958029678671
日内自相关,2025-12-16,0.7429876300093072
日内自相关,2025-12-17,0.735372426833312
日内自相关,2025-12-18,0.734486388964798
日内自相关,2025-12-19,0.721071191873129
日内自相关,2025-12-20,0.7189344343522626
日内自相关,2025-12-21,0.7233881326141617
日内自相关,2025-12-22,0.7319317315935571
日内自相关,2025-12-23,0.7257950149202073
日内自相关,2025-12-24,0.7362603116886258
日内自相关,2025-12-25,0.735835589398843
日内自相关,2025-12-26,0.7459359067021872
日内自相关,2025-12-27,0.7416787113688613
日内自相关,2025-12-28,0.7449828844609536
日内自相关,2025-12-29,0.7457519416261372
日内自相关,2025-12-30,0.7517637033109631
日内自相关,2025-12-31,0.7617062390834669
日内自相关,2026-01-01,0.7473084383939267
日内自相关,2026-01-02,0.7603824262719745
日内自相关,2026-01-03,0.7655329833313819
日内自相关,2026-01-04,0.742427838441372
日内自相关,2026-01-05,0.7445774213761066
日内自相关,2026-01-06,0.7463503396109136
日内自相关,2026-01-07,0.7410550141449064
日内自相关,2026-01-08,0.7417990930160748
日内自相关,2026-01-09,0.7402734516246895
日内自相关,2026-01-10,0.735615557809862
日内自相关,2026-01-11,0.7399740687725701
日内自相关,2026-01-12,0.7597251668095814
日内自相关,2026-01-13,0.7588633434385896
日内自相关,2026-01-14,0.7620909492882271
日内自相关,2026-01-15,0.7580119598241829
日内自相关,2026-01-16,0.7628698451679995
日内自相关,2026-01-17,0.7765563981637144
日内自相关,2026-01-18,0.7695296107603105
日内自相关,2026-01-19,0.7624815595060983
日内自相关,2026-01-20,0.7578812621145314
日内自相关,2026-01-21,0.756671207327782
日内自相关,2026-01-22,0.7539972115437309
日内自相关,2026-01-23,0.7537722592014501
日内自相关,2026-01-24,0.7541031520408626
日内自相关,2026-01-25,0.7463575993899015
日内自相关,2026-01-26,0.7343306667103516
日内自相关,2026-01-27,0.7325305630046843
日内自相关,2026-01-28,0.740234302689273
日内自相关,2026-01-29,0.7437696873412187
日内自相关,2026-01-30,0.747485986989985
日内自相关,2026-01-31,0.7512136492808834
日内自相关,2026-02-01,0.753170193109773
日内自相关,2026-02-02,0.7641439352546103
日内自相关,2026-02-03,0.7738773393650117
日内自相关,2026-02-04,0.7911579992828343
日内自相关,2026-02-05,0.7688840467780925
日内自相关,2026-02-06,0.7689365860341162
日内自相关,2026-02-07,0.763338720696408
日内自相关,2026-02-08,0.7654133326923885
日内自相关,2026-02-09,0.7711407853569459
日内自相关,2026-02-10,0.7832569772982266
日内自相关,2026-02-11,0.7868250981130512
日内自相关,2026-02-12,0.7862165715420739
日内自相关,2026-02-13,0.7595521939909473
日内自相关,2026-02-14,0.7681557042571505
日内自相关,2026-02-15,0.7642101792218499
日内自相关,2026-02-16,0.7626263663726343
日内自相关,2026-02-17,0.7598140696860699
日内自相关,2026-02-18,0.7427060793757745
日内自相关,2026-02-19,0.7535551730535412
日内自相关,2026-02-20,0.7484678352318886
日内自相关,2026-02-21,0.7478674680169181
日内自相关,2026-02-22,0.7637258661372133
日内自相关,2026-02-23,0.7873758676308272
日内自相关,2026-02-24,0.856344564717338
日内自相关,2026-02-25,0.8641858252329345
日内自相关,2026-02-26,0.8669135083696284
日内自相关,2026-02-27,0.870590908996621
日内自相关,2026-02-28,0.8663436860003746
日内自相关,2026-03-01,0.8439757186375698
日内自相关,2026-03-02,0.8562804028556485
日内自相关,2026-03-03,0.8445803138741594
日内自相关,2026-03-04,0.8560028603130406
日内自相关,2026-03-05,0.8616571474720155
日内自相关,2026-03-06,0.8597600589349206
日内自相关,2026-03-07,0.8622832580931125
日内自相关,2026-03-08,0.8615560742553976
日内自相关,2026-03-09,0.8536109257577327
日内自相关,2026-03-10,0.8580705232153164
日内自相关,2026-03-11,0.8570953167425873
日内自相关,2026-03-12,0.85929593180895
日内自相关,2026-03-13,0.8587450226428529
日内自相关,2026-03-14,0.8444115101559352
日内自相关,2026-03-15,0.8430311520662119
日内自相关,2026-03-16,0.8510280214131469
日内自相关,2026-03-17,0.8537938029112556
日内自相关,2026-03-18,0.8493578012084593
日内自相关,2026-03-19,0.8608153661054303
日内自相关,2026-03-20,0.8626303474542498
日内自相关,2026-03-21,0.85248256442591
日内自相关,2026-03-22,0.8544492600607902
日内自相关,2026-03-23,0.8633501282087844
日内自相关,2026-03-24,0.8693760620286978
日内自相关,2026-03-25,0.8712614573046208
日内自相关,2026-03-26,0.8751116841031903
日内自相关,2026-03-27,0.8718631987282051
日内自相关,2026-03-28,0.8729656128762805
日内自相关,2026-03-29,0.8780732387814966
日内自相关,2026-03-30,0.872876248677227
日内自相关,2026-03-31,0.882183475021428
日内自相关,2026-04-01,0.8800485626720884
日内自相关,2026-04-02,0.8871245295238607
日内自相关,2026-04-03,0.901564770817572
日内自相关,2026-04-04,0.8974651461480747
日内自相关,2026-04-05,0.896964412795625
日内自相关,2026-04-06,0.896389488644399
日内自相关,2026-04-07,0.9053937735496438
日内自相关,2026-04-08,0.9178880020416149
日内自相关,2026-04-09,0.9131866176353305
日内自相关,2026-04-10,0.9061438494026617
日内自相关,2026-04-11,0.9055847182670204
日内自相关,2026-04-12,0.8872912104733287
日内自相关,2026-04-13,0.884961283298275
日内自相关,2026-04-14,0.8684995444344372
日内自相关,2026-04-15,0.8665337893156613
日内自相关,2026-04-16,0.8629999201211496
日内自相关,2026-04-17,0.8820814023577157
日内自相关,2026-04-18,0.8940958959226912
日内自相关,2026-04-19,0.8914499165759493
日内自相关,2026-04-20,0.8947951122278814
日内自相关,2026-04-21,0.8775109677875654
日内自相关,2026-04-22,0.8764516636706495
日内自相关,2026-04-23,0.8778365850607367
日内自相关,2026-04-24,0.8679751236530677
日内自相关,2026-04-25,0.8647659422634216
日内自相关,2026-04-26,0.86836746085318
日内自相关,2026-04-27,0.8680538684605621
日内自相关,2026-04-28,0.8744468946055296
日内自相关,2026-04-29,0.8781615841420052
日内自相关,2026-04-30,0.8623095319288206
日内自相关,2026-05-01,0.8581038316940267
日内自相关,2026-05-02,0.8602246336796698
日内自相关,2026-05-03,0.8641073253907348
日内自相关,2026-05-04,0.8789743834572016
日内自相关,2026-05-05,0.8885408635090515
日内自相关,2026-05-06,0.8952966790912689
日内自相关,2026-05-07,0.9155828202857753
日内自相关,2026-05-08,0.9119012068264225
日内自相关,2026-05-09,0.9040591831656831
日内自相关,2026-05-10,0.8881987819025898
日内自相关,2026-05-11,0.8793996519899038
日内自相关,2026-05-12,0.870792817033694
日内自相关,2026-05-13,0.8708426417358696
日内自相关,2026-05-14,0.866911196879214
日内自相关,2026-05-15,0.8659078247068189
日内自相关,2026-05-16,0.8642453268130676
日内自相关,2026-05-17,0.871943225550998
日内自相关,2026-05-18,0.8727555129864388
日内自相关,2026-05-19,0.8824504935104814
日内自相关,2026-05-20,0.8758592071753006
日内自相关,2026-05-21,0.8768929414058695
日内自相关,2026-05-22,0.8828283164980764
日内自相关,2026-05-23,0.8800725054586253
日内自相关,2026-05-24,0.8751952623492258
日内自相关,2026-05-25,0.8899252401872242
日内自相关,2026-05-26,0.8965386944150495
日内自相关,2026-05-27,0.8803659932327164
日内自相关,2026-05-28,0.8762973479502651
日内自相关,2026-05-29,0.8643196932183658
日内自相关,2026-05-30,0.8625874830547647
量集中度,2024-06-02,0.9980661610476519
量集中度,2024-06-03,0.9535336248219318
量集中度,2024-06-04,0.960750253021236
量集中度,2024-06-05,0.9647486787551545
量集中度,2024-06-06,0.9757851417318497
量集中度,2024-06-07,0.9768642851914282
量集中度,2024-06-08,0.9887817112647699
量集中度,2024-06-09,0.9638006760591298
量集中度,2024-06-10,0.9725752520223779
量集中度,2024-06-11,0.9826392767754819
量集中度,2024-06-12,0.9843503263644106
量集中度,2024-06-13,0.9634015268749655
量集中度,2024-06-14,0.9526381191872874
量集中度,2024-06-15,0.9615776734916497
量集中度,2024-06-16,0.9527456438573152
量集中度,2024-06-17,0.9751289331571132
量集中度,2024-06-18,0.9624761006838681
量集中度,2024-06-19,0.9662963618001882
量集中度,2024-06-20,0.9885764986883179
量集中度,2024-06-21,0.9707747895286967
量集中度,2024-06-22,0.973999719196381
量集中度,2024-06-23,1.002635783273241
量集中度,2024-06-24,0.9896245480187462
量集中度,2024-06-25,0.9764450185426993
量集中度,2024-06-26,0.9827148478999935
量集中度,2024-06-27,0.9551436933560643
量集中度,2024-06-28,0.9613853068212743
量集中度,2024-06-29,0.9741517650680674
量集中度,2024-06-30,0.9825409298795299
量集中度,2024-07-01,1.008423205815538
量集中度,2024-07-02,1.0039659996507355
量集中度,2024-07-03,0.9991942235655392
量集中度,2024-07-04,1.0075320205682015
量集中度,2024-07-05,1.0084340449865117
量集中度,2024-07-06,1.0200624746249567
量集中度,2024-07-07,1.0120476501662665
量集中度,2024-07-08,0.979710848325439
量集中度,2024-07-09,0.9549092361492578
量集中度,2024-07-10,0.9466975708790791
量集中度,2024-07-11,0.9529866666278387
量集中度,2024-07-12,0.9621639942784543
量集中度,2024-07-13,0.9589895011406834
量集中度,2024-07-14,0.9683954695004376
量集中度,2024-07-15,0.9975388356685604
量集中度,2024-07-16,0.9979090148166818
量集中度,2024-07-17,0.9799699552618754
量集中度,2024-07-18,0.9755139869846855
量集中度,2024-07-19,0.9909022865539757
量集中度,2024-07-20,1.0061010287488146
量集中度,2024-07-21,1.0262316925445125
量集中度,2024-07-22,1.0036154387416143
量集中度,2024-07-23,1.0516433341731137
量集中度,2024-07-24,1.0407807588236724
量集中度,2024-07-25,1.0203951841367702
量集中度,2024-07-26,1.0050332389848469
量集中度,2024-07-27,1.0311608709185922
量集中度,2024-07-28,1.0214078224328897
量集中度,2024-07-29,1.0331590967308564
量集中度,2024-07-30,1.0360358837154906
量集中度,2024-07-31,1.0207089946191128
量集中度,2024-08-01,1.0201271956261697
量集中度,2024-08-02,1.0202601948847656
量集中度,2024-08-03,1.0252714997883374
量集中度,2024-08-04,1.0336880474722037
量集中度,2024-08-05,1.029747614326883
量集中度,2024-08-06,1.0695756659996187
量集中度,2024-08-07,1.0881603700371991
量集中度,2024-08-08,1.0794435556107216
量集中度,2024-08-09,1.0775840148910483
量集中度,2024-08-10,1.0766668302366953
量集中度,2024-08-11,1.0801482243643294
量集中度,2024-08-12,1.0842999957590849
量集中度,2024-08-13,1.044001125920564
量集中度,2024-08-14,1.0519772329516826
量集中度,2024-08-15,1.0253002597592424
量集中度,2024-08-16,1.0238770974592089
量集中度,2024-08-17,1.0327072811647524
量集中度,2024-08-18,1.033618854286487
量集中度,2024-08-19,1.0123538196192206
量集中度,2024-08-20,0.9777761366262951
量集中度,2024-08-21,0.9772635683445102
量集中度,2024-08-22,0.9711244005015464
量集中度,2024-08-23,0.9807189060967998
量集中度,2024-08-24,1.0084071713142706
量集中度,2024-08-25,1.024666549181642
量集中度,2024-08-26,1.0344004692506288
量集中度,2024-08-27,1.0065527953889133
量集中度,2024-08-28,0.9863482606647229
量集中度,2024-08-29,0.9765249970810982
量集中度,2024-08-30,0.974153505749658
量集中度,2024-08-31,0.9724320819601164
量集中度,2024-09-01,0.9698479852073741
量集中度,2024-09-02,0.9668350225444973
量集中度,2024-09-03,0.949906853860038
量集中度,2024-09-04,0.9481590620491063
量集中度,2024-09-05,0.942570562802266
量集中度,2024-09-06,0.9251028263093991
量集中度,2024-09-07,0.9263236055043634
量集中度,2024-09-08,0.911411956658027
量集中度,2024-09-09,0.9082720195208925
量集中度,2024-09-10,0.905847028625969
量集中度,2024-09-11,0.9303173064591272
量集中度,2024-09-12,0.9370902876330303
量集中度,2024-09-13,0.9483759221251702
量集中度,2024-09-14,0.9436962799590551
量集中度,2024-09-15,0.9490162511834662
量集中度,2024-09-16,0.9507906388203027
量集中度,2024-09-17,0.9532386600154618
量集中度,2024-09-18,0.9473322315270045
量集中度,2024-09-19,0.944984458285366
量集中度,2024-09-20,0.921856310222613
量集中度,2024-09-21,0.9287015595338453
量集中度,2024-09-22,0.9281554161313077
量集中度,2024-09-23,0.9462526232856889
量集中度,2024-09-24,0.9398049408256477
量集中度,2024-09-25,0.9265867744610742
量集中度,2024-09-26,0.9212133088586025
量集中度,2024-09-27,0.9353875740744623
量集中度,2024-09-28,0.9350393843578436
量集中度,2024-09-29,0.9265727551872653
量集中度,2024-09-30,0.9122607174008095
量集中度,2024-10-01,0.9006594412908172
量集中度,2024-10-02,0.8875581015355518
量集中度,2024-10-03,0.9068095194871668
量集中度,2024-10-04,0.911838424014549
量集中度,2024-10-05,0.9046216788948024
量集中度,2024-10-06,0.8934113546459398
量集中度,2024-10-07,0.8982944914993323
量集中度,2024-10-08,0.8781614255832101
量集中度,2024-10-09,0.8545227018635285
量集中度,2024-10-10,0.8714014449487553
量集中度,2024-10-11,0.8614303655993119
量集中度,2024-10-12,0.8638052360058449
量集中度,2024-10-13,0.84409095320354
量集中度,2024-10-14,0.859166032471056
量集中度,2024-10-15,0.8531052230176105
量集中度,2024-10-16,0.8370110899832565
量集中度,2024-10-17,0.8431575377500553
量集中度,2024-10-18,0.8424621929653275
量集中度,2024-10-19,0.8445456277026864
量集中度,2024-10-20,0.8492773965694257
量集中度,2024-10-21,0.8402654760184795
量集中度,2024-10-22,0.8472979542193446
量集中度,2024-10-23,0.8404663474396964
量集中度,2024-10-24,0.8288105090486315
量集中度,2024-10-25,0.8332800913932661
量集中度,2024-10-26,0.8390896875576852
量集中度,2024-10-27,0.8386813242594147
量集中度,2024-10-28,0.8437872652760893
量集中度,2024-10-29,0.841549021471189
量集中度,2024-10-30,0.8417469428503486
量集中度,2024-10-31,0.8419012653825918
量集中度,2024-11-01,0.856671278356585
量集中度,2024-11-02,0.8635323718106142
量集中度,2024-11-03,0.8790753819152682
量集中度,2024-11-04,0.8810700206806305
量集中度,2024-11-05,0.8545310913070577
量集中度,2024-11-06,0.8684862479117607
量集中度,2024-11-07,0.8647278402577756
量集中度,2024-11-08,0.8560458995307355
量集中度,2024-11-09,0.8793461036580446
量集中度,2024-11-10,0.9224025709130541
量集中度,2024-11-11,0.8816744097978672
量集中度,2024-11-12,0.9215788448339891
量集中度,2024-11-13,0.920771027226087
量集中度,2024-11-14,0.9125846224893076
量集中度,2024-11-15,0.8155077505557051
量集中度,2024-11-16,0.8628963218553647
量集中度,2024-11-17,0.8334258379742568
量集中度,2024-11-18,0.8499029581920289
量集中度,2024-11-19,0.8721045173377359
量集中度,2024-11-20,0.8704937453796996
量集中度,2024-11-21,0.918875415324396
量集中度,2024-11-22,0.8997415669754563
量集中度,2024-11-23,0.8909632193054781
量集中度,2024-11-24,0.8013298751018075
量集中度,2024-11-25,0.8012123654607971
量集中度,2024-11-26,0.7990088069283412
量集中度,2024-11-27,0.8085506556954668
量集中度,2024-11-28,0.8226646344088727
量集中度,2024-11-29,0.8137202999536719
量集中度,2024-11-30,0.8515550431068306
量集中度,2024-12-01,0.7965056828962713
量集中度,2024-12-02,0.5994092374077296
量集中度,2024-12-03,0.6394602611163355
量集中度,2024-12-04,0.6425459353324535
量集中度,2024-12-05,0.6180704155931236
量集中度,2024-12-06,0.6323100995145317
量集中度,2024-12-07,0.6258903712300823
量集中度,2024-12-08,0.6388303594925476
量集中度,2024-12-09,0.6586893494698826
量集中度,2024-12-10,0.6361094671724057
量集中度,2024-12-11,0.610217799678089
量集中度,2024-12-12,0.6093026106008749
量集中度,2024-12-13,0.6287145858325635
量集中度,2024-12-14,0.6230125970616369
量集中度,2024-12-15,0.6256360947352021
量集中度,2024-12-16,0.6357886877863623
量集中度,2024-12-17,0.6409286150010773
量集中度,2024-12-18,0.6625586669779173
量集中度,2024-12-19,0.6579938518891995
量集中度,2024-12-20,0.6630973955128842
量集中度,2024-12-21,0.6584749838421416
量集中度,2024-12-22,0.6355990993301811
量集中度,2024-12-23,0.639150462208232
量集中度,2024-12-24,0.6465071159680328
量集中度,2024-12-25,0.6412325133383633
量集中度,2024-12-26,0.6351908826658876
量集中度,2024-12-27,0.6390907966283735
量集中度,2024-12-28,0.6490849207633773
量集中度,2024-12-29,0.6511590202879721
量集中度,2024-12-30,0.6589918018772746
量集中度,2024-12-31,0.6750181792103982
量集中度,2025-01-01,0.6705871076207303
量集中度,2025-01-02,0.6674439870981246
量集中度,2025-01-03,0.6716091745187277
量集中度,2025-01-04,0.6688180037243561
量集中度,2025-01-05,0.6715170047754835
量集中度,2025-01-06,0.6852165892352767
量集中度,2025-01-07,0.699597425905594
量集中度,2025-01-08,0.6841117329862556
量集中度,2025-01-09,0.6685873737365003
量集中度,2025-01-10,0.688922322889965
量集中度,2025-01-11,0.6880372352234515
量集中度,2025-01-12,0.6993778084989057
量集中度,2025-01-13,0.7047959873151098
量集中度,2025-01-14,0.7219435050197386
量集中度,2025-01-15,0.7195817906716641
量集中度,2025-01-16,0.6975327535649245
量集中度,2025-01-17,0.7489800969514795
量集中度,2025-01-18,0.7654659660698961
量集中度,2025-01-19,0.7614160097309629
量集中度,2025-01-20,0.7516327163482494
量集中度,2025-01-21,0.7672656933860728
量集中度,2025-01-22,0.7573357570820896
量集中度,2025-01-23,0.7700588801684065
量集中度,2025-01-24,0.7729807656478058
量集中度,2025-01-25,0.7745051256925635
量集中度,2025-01-26,0.7803283396994786
量集中度,2025-01-27,0.786378056231756
量集中度,2025-01-28,0.7802620669633358
量集中度,2025-01-29,0.7582609797374789
量集中度,2025-01-30,0.7518093445256782
量集中度,2025-01-31,0.7529343983598416
量集中度,2025-02-01,0.7840390829820525
量集中度,2025-02-02,0.81688550241914
量集中度,2025-02-03,0.823912611324081
量集中度,2025-02-04,0.8124747799034595
量集中度,2025-02-05,0.8105105112695038
量集中度,2025-02-06,0.8074924882491438
量集中度,2025-02-07,0.8036823793760627
量集中度,2025-02-08,0.8029842691749702
量集中度,2025-02-09,0.7858269648169569
量集中度,2025-02-10,0.77977665539851
量集中度,2025-02-11,0.7731246189709741
量集中度,2025-02-12,0.7820396458965737
量集中度,2025-02-13,0.7909043300937176
量集中度,2025-02-14,0.8084189624056453
量集中度,2025-02-15,0.7964178682131255
量集中度,2025-02-16,0.7741122550072745
量集中度,2025-02-17,0.7786760942935497
量集中度,2025-02-18,0.7729390319347239
量集中度,2025-02-19,0.7694898186668745
量集中度,2025-02-20,0.7783652247787161
量集中度,2025-02-21,0.778363186497806
量集中度,2025-02-22,0.7617622802257638
量集中度,2025-02-23,0.7592565465678712
量集中度,2025-02-24,0.7685503823788313
量集中度,2025-02-25,0.7558426297772055
量集中度,2025-02-26,0.754944869773643
量集中度,2025-02-27,0.7480863113796937
量集中度,2025-02-28,0.7413808921231361
量集中度,2025-03-01,0.8235860344428666
量集中度,2025-03-02,0.781203767120861
量集中度,2025-03-03,0.7899039487229077
量集中度,2025-03-04,0.745816134873522
量集中度,2025-03-05,0.7394221002188025
量集中度,2025-03-06,0.7089940042165505
量集中度,2025-03-07,0.7056079401200215
量集中度,2025-03-08,0.7181825377731361
量集中度,2025-03-09,0.7186828101619939
量集中度,2025-03-10,0.7397332944305413
量集中度,2025-03-11,0.722786153087313
量集中度,2025-03-12,0.7110141873602207
量集中度,2025-03-13,0.7247825116831219
量集中度,2025-03-14,0.7188962377577421
量集中度,2025-03-15,0.7104235914665424
量集中度,2025-03-16,0.7015581776844556
量集中度,2025-03-17,0.6833235823375474
量集中度,2025-03-18,0.6839198399412544
量集中度,2025-03-19,0.6806146165337534
量集中度,2025-03-20,0.6952469535601422
量集中度,2025-03-21,0.6886047845892482
量集中度,2025-03-22,0.6947628270281291
量集中度,2025-03-23,0.6954503648610169
量集中度,2025-03-24,0.6943261907198878
量集中度,2025-03-25,0.6886611216161355
量集中度,2025-03-26,0.693796967053717
量集中度,2025-03-27,0.6958130538970838
量集中度,2025-03-28,0.7006010043936249
量集中度,2025-03-29,0.705207766751474
量集中度,2025-03-30,0.6964251158472656
量集中度,2025-03-31,0.7042991479912076
量集中度,2025-04-01,0.7161773562972354
量集中度,2025-04-02,0.6981377013317481
量集中度,2025-04-03,0.7128290969960771
量集中度,2025-04-04,0.7151943068107097
量集中度,2025-04-05,0.7325447390824794
量集中度,2025-04-06,0.7233011086140576
量集中度,2025-04-07,0.7352917500469567
量集中度,2025-04-08,0.7224058962498511
量集中度,2025-04-09,0.7288082600783525
量集中度,2025-04-10,0.7358054535258766
量集中度,2025-04-11,0.7374827089414849
量集中度,2025-04-12,0.7437327929380939
量集中度,2025-04-13,0.7559110995540026
量集中度,2025-04-14,0.7612047584774
量集中度,2025-04-15,0.7719226554806341
量集中度,2025-04-16,0.7697821112975324
量集中度,2025-04-17,0.7609777397502353
量集中度,2025-04-18,0.7444035639227157
量集中度,2025-04-19,0.7305435319410636
量集中度,2025-04-20,0.7395091994686748
量集中度,2025-04-21,0.760498362372507
量集中度,2025-04-22,0.75140290052849
量集中度,2025-04-23,0.7369090161188496
量集中度,2025-04-24,0.7244996579352155
量集中度,2025-04-25,0.7291019277351043
量集中度,2025-04-26,0.7511030917244531
量集中度,2025-04-27,0.7395288663372398
量集中度,2025-04-28,0.7460343852297247
量集中度,2025-04-29,0.7443548159026002
量集中度,2025-04-30,0.7387084450826068
量集中度,2025-05-01,0.7233609042048303
量集中度,2025-05-02,0.750045789401473
量集中度,2025-05-03,0.754722517588981
量集中度,2025-05-04,0.7555674676080835
量集中度,2025-05-05,0.7473432925104097
量集中度,2025-05-06,0.7367644694822114
量集中度,2025-05-07,0.74402276949922
量集中度,2025-05-08,0.740713681744572
量集中度,2025-05-09,0.7427280415785213
量集中度,2025-05-10,0.7432045815195006
量集中度,2025-05-11,0.7338350668822844
量集中度,2025-05-12,0.7600915929174952
量集中度,2025-05-13,0.7492154676088545
量集中度,2025-05-14,0.7449689236761315
量集中度,2025-05-15,0.7503355212310354
量集中度,2025-05-16,0.7555718428866388
量集中度,2025-05-17,0.7551746182956667
量集中度,2025-05-18,0.7634364247239444
量集中度,2025-05-19,0.7589418687233679
量集中度,2025-05-20,0.7619064905539908
量集中度,2025-05-21,0.7368322268963361
量集中度,2025-05-22,0.7382841208069273
量集中度,2025-05-23,0.7387819796372542
量集中度,2025-05-24,0.742586181809227
量集中度,2025-05-25,0.7361481734886799
量集中度,2025-05-26,0.7236563110417579
量集中度,2025-05-27,0.7193951091628286
量集中度,2025-05-28,0.7125496986160763
量集中度,2025-05-29,0.7158658527630465
量集中度,2025-05-30,0.7110314309157548
量集中度,2025-05-31,0.7144497342082753
量集中度,2025-06-01,0.7126866567644523
量集中度,2025-06-02,0.7129179398484292
量集中度,2025-06-03,0.715827660591858
量集中度,2025-06-04,0.700901622838786
量集中度,2025-06-05,0.710207273484978
量集中度,2025-06-06,0.7018203936719267
量集中度,2025-06-07,0.7119918173287467
量集中度,2025-06-08,0.7176007779157184
量集中度,2025-06-09,0.7085923966106534
量集中度,2025-06-10,0.7125381778463823
量集中度,2025-06-11,0.7143007813898495
量集中度,2025-06-12,0.7058607031579962
量集中度,2025-06-13,0.7059228670141362
量集中度,2025-06-14,0.7057401461619222
量集中度,2025-06-15,0.708020499877756
量集中度,2025-06-16,0.7160272556152296
量集中度,2025-06-17,0.7071533956821007
量集中度,2025-06-18,0.7087390710527341
量集中度,2025-06-19,0.7143003169669387
量集中度,2025-06-20,0.7119125633111403
量集中度,2025-06-21,0.7179049701953086
量集中度,2025-06-22,0.7106404799699196
量集中度,2025-06-23,0.7342956332074807
量集中度,2025-06-24,0.7424111952019562
量集中度,2025-06-25,0.7393266432367379
量集中度,2025-06-26,0.7398681676031149
量集中度,2025-06-27,0.7439300130994766
量集中度,2025-06-28,0.7270277793324077
量集中度,2025-06-29,0.7431856287702371
量集中度,2025-06-30,0.7517127412101787
量集中度,2025-07-01,0.7356276549797659
量集中度,2025-07-02,0.7385621648591645
量集中度,2025-07-03,0.7471784619838795
量集中度,2025-07-04,0.7478542936191309
量集中度,2025-07-05,0.7533195453434012
量集中度,2025-07-06,0.7506891260142474
量集中度,2025-07-07,0.7583462085262009
量集中度,2025-07-08,0.7577448207405749
量集中度,2025-07-09,0.7509293332996854
量集中度,2025-07-10,0.7518817990014411
量集中度,2025-07-11,0.7577628239150025
量集中度,2025-07-12,0.7612271474856082
量集中度,2025-07-13,0.7674112575235567
量集中度,2025-07-14,0.7529857187237291
量集中度,2025-07-15,0.7847590229159603
量集中度,2025-07-16,0.8287068194206103
量集中度,2025-07-17,0.7659453152210298
量集中度,2025-07-18,0.7617906704001233
量集中度,2025-07-19,0.748525488933296
量集中度,2025-07-20,0.7693857643373492
量集中度,2025-07-21,0.7746899760680026
量集中度,2025-07-22,0.7727827424336946
量集中度,2025-07-23,0.772150260958674
量集中度,2025-07-24,0.751280761453366
量集中度,2025-07-25,0.7390538439712026
量集中度,2025-07-26,0.7412453247157501
量集中度,2025-07-27,0.746347287728787
量集中度,2025-07-28,0.7463085193095758
量集中度,2025-07-29,0.7488106708214147
量集中度,2025-07-30,0.7522531244016062
量集中度,2025-07-31,0.7485657722624847
量集中度,2025-08-01,0.7446746457628021
量集中度,2025-08-02,0.741231157080682
量集中度,2025-08-03,0.7477850589931426
量集中度,2025-08-04,0.7509139094768105
量集中度,2025-08-05,0.7482788834888185
量集中度,2025-08-06,0.7454785831299751
量集中度,2025-08-07,0.7409612436314098
量集中度,2025-08-08,0.7447849050705786
量集中度,2025-08-09,0.7519353959414412
量集中度,2025-08-10,0.7579640040877845
量集中度,2025-08-11,0.7537164814443825
量集中度,2025-08-12,0.7462894991913939
量集中度,2025-08-13,0.7644357915971204
量集中度,2025-08-14,0.7693839958959839
量集中度,2025-08-15,0.7654151559796013
量集中度,2025-08-16,0.7629463581922064
量集中度,2025-08-17,0.767520767529747
量集中度,2025-08-18,0.7567202528638007
量集中度,2025-08-19,0.7732344734763954
量集中度,2025-08-20,0.7611049910387426
量集中度,2025-08-21,0.7532437454836224
量集中度,2025-08-22,0.753424638729007
量集中度,2025-08-23,0.757063233704864
量集中度,2025-08-24,0.7528424927710077
量集中度,2025-08-25,0.7571600024448675
量集中度,2025-08-26,0.7623915461646762
量集中度,2025-08-27,0.7689081817032893
量集中度,2025-08-28,0.7774510703742903
量集中度,2025-08-29,0.768856945206689
量集中度,2025-08-30,0.7713246405452376
量集中度,2025-08-31,0.7688410738685537
量集中度,2025-09-01,0.7695015206822291
量集中度,2025-09-02,0.7618300441835003
量集中度,2025-09-03,0.7696155049489991
量集中度,2025-09-04,0.7552425879245901
量集中度,2025-09-05,0.7665718413723817
量集中度,2025-09-06,0.7645394380649525
量集中度,2025-09-07,0.7743938463616397
量集中度,2025-09-08,0.7714027973406309
量集中度,2025-09-09,0.7796634297043048
量集中度,2025-09-10,0.7741851221895454
量集中度,2025-09-11,0.7894166263304538
量集中度,2025-09-12,0.7955417113923624
量集中度,2025-09-13,0.7960637558850147
量集中度,2025-09-14,0.7989239716820586
量集中度,2025-09-15,0.8074907107815686
量集中度,2025-09-16,0.809075434473223
量集中度,2025-09-17,0.7993400568126695
量集中度,2025-09-18,0.8038883881285999
量集中度,2025-09-19,0.8055096766521008
量集中度,2025-09-20,0.8069842666802358
量集中度,2025-09-21,0.8117293467765322
量集中度,2025-09-22,0.8168395011137605
量集中度,2025-09-23,0.8228233320807695
量集中度,2025-09-24,0.8013280073455139
量集中度,2025-09-25,0.8009223937135352
量集中度,2025-09-26,0.8013323181205707
量集中度,2025-09-27,0.8119594039219987
量集中度,2025-09-28,0.8215892952257782
量集中度,2025-09-29,0.8225265982463474
量集中度,2025-09-30,0.8258145725149312
量集中度,2025-10-01,0.8448356617568452
量集中度,2025-10-02,0.8567473400951682
量集中度,2025-10-03,0.8636868226776538
量集中度,2025-10-04,0.8691607819428344
量集中度,2025-10-05,0.8600860787232396
量集中度,2025-10-06,0.8894740992255716
量集中度,2025-10-07,0.8748104346584104
量集中度,2025-10-08,0.8664722159831061
量集中度,2025-10-09,0.8893648315886321
量集中度,2025-10-10,0.8891167706742911
量集中度,2025-10-11,0.8840802965438038
量集中度,2025-10-12,0.8887681238599564
量集中度,2025-10-13,0.8764646469787952
量集中度,2025-10-14,0.8762432103264866
量集中度,2025-10-15,0.8840828589437498
量集中度,2025-10-16,0.901754613363138
量集中度,2025-10-17,0.9075732615277461
量集中度,2025-10-18,0.9059398687576181
量集中度,2025-10-19,0.9042197734390381
量集中度,2025-10-20,0.8933140641764633
量集中度,2025-10-21,0.8966457783956214
量集中度,2025-10-22,0.9167364191591858
量集中度,2025-10-23,0.9217052842458898
量集中度,2025-10-24,0.937658526032325
量集中度,2025-10-25,0.9168191820616024
量集中度,2025-10-26,0.9246977927564985
量集中度,2025-10-27,0.9256171320645334
量集中度,2025-10-28,0.9119955701452518
量集中度,2025-10-29,0.9231711878914306
量集中度,2025-10-30,0.9322136075835585
量集中度,2025-10-31,0.9082318420887124
量集中度,2025-11-01,0.9095941818230635
量集中度,2025-11-02,0.9186379958101619
量集中度,2025-11-03,0.8934905557259009
量集中度,2025-11-04,0.8962292750210136
量集中度,2025-11-05,0.8877750244339484
量集中度,2025-11-06,0.8121701404452487
量集中度,2025-11-07,0.8321934309762942
量集中度,2025-11-08,0.8473679347443315
量集中度,2025-11-09,0.8245854219374211
量集中度,2025-11-10,0.807919162026891
量集中度,2025-11-11,0.8028853444148271
量集中度,2025-11-12,0.7789845949836702
量集中度,2025-11-13,0.7893416178781517
量集中度,2025-11-14,0.7787411205552275
量集中度,2025-11-15,0.7873445896463467
量集中度,2025-11-16,0.7755204915242937
量集中度,2025-11-17,0.7757931076039637
量集中度,2025-11-18,0.7772441389002708
量集中度,2025-11-19,0.769633894169974
量集中度,2025-11-20,0.7422211769699774
量集中度,2025-11-21,0.7334383929411237
量集中度,2025-11-22,0.7476295785952344
量集中度,2025-11-23,0.7572152993943342
量集中度,2025-11-24,0.7532083714634488
量集中度,2025-11-25,0.7621258004452358
量集中度,2025-11-26,0.7685687004780043
量集中度,2025-11-27,0.7618044516712155
量集中度,2025-11-28,0.7673237014615388
量集中度,2025-11-29,0.763893554357972
量集中度,2025-11-30,0.7547711036012524
量集中度,2025-12-01,0.7663714746774702
量集中度,2025-12-02,0.7654357419154642
量集中度,2025-12-03,0.7596562154797499
量集中度,2025-12-04,0.7558800290488558
量集中度,2025-12-05,0.7432757563310973
量集中度,2025-12-06,0.7542542381189042
量集中度,2025-12-07,0.748450973449194
量集中度,2025-12-08,0.7458260828058842
量集中度,2025-12-09,0.7465853939149085
量集中度,2025-12-10,0.7596887772415132
量集中度,2025-12-11,0.754315703910274
量集中度,2025-12-12,0.7517489943046093
量集中度,2025-12-13,0.7513998338120521
量集中度,2025-12-14,0.7507319110423689
量集中度,2025-12-15,0.7533314847768546
量集中度,2025-12-16,0.7479382665438472
量集中度,2025-12-17,0.761537354602676
量集中度,2025-12-18,0.745103233364292
量集中度,2025-12-19,0.755859797103639
量集中度,2025-12-20,0.7692503296728175
量集中度,2025-12-21,0.7795757876488727
量集中度,2025-12-22,0.7753766466518676
量集中度,2025-12-23,0.7806190514333086
量集中度,2025-12-24,0.7870835483392772
量集中度,2025-12-25,0.7753073368732397
量集中度,2025-12-26,0.7651130499034352
量集中度,2025-12-27,0.7716942319888824
量集中度,2025-12-28,0.785973254228117
量集中度,2025-12-29,0.7918064127944904
量集中度,2025-12-30,0.8122187771056413
量集中度,2025-12-31,0.7632358135023074
量集中度,2026-01-01,0.7601335739768869
量集中度,2026-01-02,0.7536952032631499
量集中度,2026-01-03,0.7491827887703599
量集中度,2026-01-04,0.7644570622301278
量集中度,2026-01-05,0.7502351624376216
量集中度,2026-01-06,0.7425238805857609
量集中度,2026-01-07,0.7400573156149582
量集中度,2026-01-08,0.7329932615355296
量集中度,2026-01-09,0.7289731963048626
量集中度,2026-01-10,0.7383387294414181
量集中度,2026-01-11,0.7479181154575443
量集中度,2026-01-12,0.7374703276083628
量集中度,2026-01-13,0.7462288915010034
量集中度,2026-01-14,0.7457205936919407
量集中度,2026-01-15,0.743056220721511
量集中度,2026-01-16,0.733487344343283
量集中度,2026-01-17,0.7437452904467053
量集中度,2026-01-18,0.7401863995857647
量集中度,2026-01-19,0.7385941841691622
量集中度,2026-01-20,0.7303229674291369
量集中度,2026-01-21,0.7295323234090438
量集中度,2026-01-22,0.7314820272380305
量集中度,2026-01-23,0.7324035313665542
量集中度,2026-01-24,0.7296289880674405
量集中度,2026-01-25,0.7325172273074566
量集中度,2026-01-26,0.7384067570367521
量集中度,2026-01-27,0.7362927026182462
量集中度,2026-01-28,0.7418278019814282
量集中度,2026-01-29,0.7382016664383979
量集中度,2026-01-30,0.7340256250164137
量集中度,2026-01-31,0.7217410198001183
量集中度,2026-02-01,0.7246061509548156
量集中度,2026-02-02,0.7142093109899765
量集中度,2026-02-03,0.6944319730718362
量集中度,2026-02-04,0.6793301932731709
量集中度,2026-02-05,0.7138980902556791
量集中度,2026-02-06,0.7089647142627137
量集中度,2026-02-07,0.7292672424563095
量集中度,2026-02-08,0.7353973962083324
量集中度,2026-02-09,0.7310253075308053
量集中度,2026-02-10,0.7108753535948859
量集中度,2026-02-11,0.7087458640472084
量集中度,2026-02-12,0.7149959461260799
量集中度,2026-02-13,0.7098684189496133
量集中度,2026-02-14,0.7043211351558738
量集中度,2026-02-15,0.6877821477932119
量集中度,2026-02-16,0.6874369156258326
量集中度,2026-02-17,0.6921848821675679
量集中度,2026-02-18,0.7001306448421739
量集中度,2026-02-19,0.7273914994873508
量集中度,2026-02-20,0.7042792617170979
量集中度,2026-02-21,0.7066597264542865
量集中度,2026-02-22,0.7145373347942033
量集中度,2026-02-23,0.722894515753632
量集中度,2026-02-24,0.7601184916412209
量集中度,2026-02-25,0.7583037488676189
量集中度,2026-02-26,0.7504258094236907
量集中度,2026-02-27,0.7548739815504291
量集中度,2026-02-28,0.7682771327486416
量集中度,2026-03-01,0.7663834135725023
量集中度,2026-03-02,0.7577476927069746
量集中度,2026-03-03,0.7749268286751504
量集中度,2026-03-04,0.77311568122439
量集中度,2026-03-05,0.7647553768594597
量集中度,2026-03-06,0.768463660997574
量集中度,2026-03-07,0.7658116949865259
量集中度,2026-03-08,0.780855686919397
量集中度,2026-03-09,0.7883213180839073
量集中度,2026-03-10,0.779196362393849
量集中度,2026-03-11,0.7879340969789026
量集中度,2026-03-12,0.7774234805523514
量集中度,2026-03-13,0.7775430072354712
量集中度,2026-03-14,0.795228887632438
量集中度,2026-03-15,0.7946340548673474
量集中度,2026-03-16,0.7890342532820863
量集中度,2026-03-17,0.7809111056835542
量集中度,2026-03-18,0.7821748755296318
量集中度,2026-03-19,0.7727861518849828
量集中度,2026-03-20,0.7671641944401125
量集中度,2026-03-21,0.7670993003354256
量集中度,2026-03-22,0.7774881315256141
量集中度,2026-03-23,0.7735938456090469
量集中度,2026-03-24,0.7774860556685509
量集中度,2026-03-25,0.7771742428509436
量集中度,2026-03-26,0.7634532113113067
量集中度,2026-03-27,0.7643058044500719
量集中度,2026-03-28,0.7661541318065517
量集中度,2026-03-29,0.7551264397261913
量集中度,2026-03-30,0.7475418637285203
量集中度,2026-03-31,0.7449565770552933
量集中度,2026-04-01,0.7575033239746388
量集中度,2026-04-02,0.7505927097946851
量集中度,2026-04-03,0.7422984910832002
量集中度,2026-04-04,0.751100984598497
量集中度,2026-04-05,0.7480727820887921
量集中度,2026-04-06,0.7401689291907207
量集中度,2026-04-07,0.7469169320881807
量集中度,2026-04-08,0.7450671825387857
量集中度,2026-04-09,0.7478990588525048
量集中度,2026-04-10,0.7582667065080433
量集中度,2026-04-11,0.7551522848351003
量集中度,2026-04-12,0.7637443319782121
量集中度,2026-04-13,0.7528527888497052
量集中度,2026-04-14,0.7478810295839896
量集中度,2026-04-15,0.7493897750984507
量集中度,2026-04-16,0.7564404842183557
量集中度,2026-04-17,0.754905529985839
量集中度,2026-04-18,0.7462076753278848
量集中度,2026-04-19,0.745843923636184
量集中度,2026-04-20,0.7436726440771891
量集中度,2026-04-21,0.7490560826358829
量集中度,2026-04-22,0.7355009759047056
量集中度,2026-04-23,0.7275977007502888
量集中度,2026-04-24,0.7230149483950915
量集中度,2026-04-25,0.7228571040844128
量集中度,2026-04-26,0.7229826827674617
量集中度,2026-04-27,0.7223924653401343
量集中度,2026-04-28,0.7198769416275524
量集中度,2026-04-29,0.7259066518955882
量集中度,2026-04-30,0.7266236117764349
量集中度,2026-05-01,0.727124193635857
量集中度,2026-05-02,0.7379838380855873
量集中度,2026-05-03,0.7378634774865209
量集中度,2026-05-04,0.7257370100717417
量集中度,2026-05-05,0.690381646235646
量集中度,2026-05-06,0.6821512813703898
量集中度,2026-05-07,0.6460752206955336
量集中度,2026-05-08,0.654582186418952
量集中度,2026-05-09,0.6461209982911769
量集中度,2026-05-10,0.6392300622091356
量集中度,2026-05-11,0.637756610279846
量集中度,2026-05-12,0.6477395013471942
量集中度,2026-05-13,0.6580834124905782
量集中度,2026-05-14,0.666701560870791
量集中度,2026-05-15,0.6739450171136447
量集中度,2026-05-16,0.6836341999718052
量集中度,2026-05-17,0.6779822943260924
量集中度,2026-05-18,0.6851221307772457
量集中度,2026-05-19,0.6894488653086374
量集中度,2026-05-20,0.6851471566303926
量集中度,2026-05-21,0.7044194074040044
量集中度,2026-05-22,0.7259052477734942
量集中度,2026-05-23,0.735006188138123
量集中度,2026-05-24,0.7645810088110908
量集中度,2026-05-25,0.7626202326885699
量集中度,2026-05-26,0.7679165844935906
量集中度,2026-05-27,0.7482059214213714
量集中度,2026-05-28,0.7501379971075831
量集中度,2026-05-29,0.7391767402676807
量集中度,2026-05-30,0.7645015070252054
量波同步,2024-06-02,0.9916027458994314
量波同步,2024-06-03,0.9773417833613754
量波同步,2024-06-04,0.9832058322038164
量波同步,2024-06-05,0.9742482400086856
量波同步,2024-06-06,0.9605471490777899
量波同步,2024-06-07,0.930661323402535
量波同步,2024-06-08,0.9447824407681249
量波同步,2024-06-09,0.9460959990580018
量波同步,2024-06-10,0.9488015981877828
量波同步,2024-06-11,0.989674971151877
量波同步,2024-06-12,0.9669612072867552
量波同步,2024-06-13,0.9483085341132755
量波同步,2024-06-14,0.9470613548266322
量波同步,2024-06-15,0.9448019963993908
量波同步,2024-06-16,0.9137756847485905
量波同步,2024-06-17,0.903328187791882
量波同步,2024-06-18,0.9120888112661301
量波同步,2024-06-19,0.9067446162943562
量波同步,2024-06-20,0.9000676704282015
量波同步,2024-06-21,0.8948117314533981
量波同步,2024-06-22,0.888948554820374
量波同步,2024-06-23,0.9515028569831917
量波同步,2024-06-24,0.94222139432366
量波同步,2024-06-25,0.9477198864635599
量波同步,2024-06-26,0.9474626925870355
量波同步,2024-06-27,0.9326455282494481
量波同步,2024-06-28,0.9202486390777771
量波同步,2024-06-29,0.9322194740592749
量波同步,2024-06-30,0.9090461673883755
量波同步,2024-07-01,0.9037650403855562
量波同步,2024-07-02,0.880274151043569
量波同步,2024-07-03,0.8600157874191301
量波同步,2024-07-04,0.8631314175687207
量波同步,2024-07-05,0.8940251154481961
量波同步,2024-07-06,0.8794447383211189
量波同步,2024-07-07,0.8860568279995681
量波同步,2024-07-08,0.8902881106112022
量波同步,2024-07-09,0.8960773997757739
量波同步,2024-07-10,0.8865411439715647
量波同步,2024-07-11,0.8963479380031574
量波同步,2024-07-12,0.9036573940368043
量波同步,2024-07-13,0.9248972927551745
量波同步,2024-07-14,0.8994831534171409
量波同步,2024-07-15,0.8859520889626159
量波同步,2024-07-16,0.8729583484167881
量波同步,2024-07-17,0.8733766045131123
量波同步,2024-07-18,0.8992200533301575
量波同步,2024-07-19,0.8921682739954019
量波同步,2024-07-20,0.8978887683352518
量波同步,2024-07-21,0.879718263730853
量波同步,2024-07-22,0.8911547148268743
量波同步,2024-07-23,0.8670256869267376
量波同步,2024-07-24,0.8619498697611583
量波同步,2024-07-25,0.8629299460962734
量波同步,2024-07-26,0.8663866841566871
量波同步,2024-07-27,0.850548309028457
量波同步,2024-07-28,0.8406092260256935
量波同步,2024-07-29,0.8209196157928843
量波同步,2024-07-30,0.8119926828483898
量波同步,2024-07-31,0.8127024470772475
量波同步,2024-08-01,0.8205382931891981
量波同步,2024-08-02,0.8179712415920677
量波同步,2024-08-03,0.840627140473286
量波同步,2024-08-04,0.8662597289925044
量波同步,2024-08-05,0.8631760703374906
量波同步,2024-08-06,0.8615972208317352
量波同步,2024-08-07,0.8475552351665389
量波同步,2024-08-08,0.8669668497402976
量波同步,2024-08-09,0.8835389626056004
量波同步,2024-08-10,0.8731718593894265
量波同步,2024-08-11,0.8832166600751612
量波同步,2024-08-12,0.8838423773049869
量波同步,2024-08-13,0.8847457684094454
量波同步,2024-08-14,0.8813046413820613
量波同步,2024-08-15,0.8685637140340229
量波同步,2024-08-16,0.8576989324670398
量波同步,2024-08-17,0.8519309489777674
量波同步,2024-08-18,0.8490661366727728
量波同步,2024-08-19,0.8694408066970838
量波同步,2024-08-20,0.8745921506645967
量波同步,2024-08-21,0.9041795784874981
量波同步,2024-08-22,0.9293768153396756
量波同步,2024-08-23,0.9435802068784165
量波同步,2024-08-24,0.9398306629967879
量波同步,2024-08-25,0.925799842229363
量波同步,2024-08-26,0.9159133851118099
量波同步,2024-08-27,0.91445628043571
量波同步,2024-08-28,0.9184212378118396
量波同步,2024-08-29,0.9240574587034739
量波同步,2024-08-30,0.9161780383498637
量波同步,2024-08-31,0.9128197130229321
量波同步,2024-09-01,0.8908548258710737
量波同步,2024-09-02,0.8975306381903846
量波同步,2024-09-03,0.8660412965447553
量波同步,2024-09-04,0.8691535291050246
量波同步,2024-09-05,0.8867633795005964
量波同步,2024-09-06,0.8842701463398782
量波同步,2024-09-07,0.8953270818835197
量波同步,2024-09-08,0.8963519432822948
量波同步,2024-09-09,0.8912449047976475
量波同步,2024-09-10,0.8901813750933101
量波同步,2024-09-11,0.8884911157113342
量波同步,2024-09-12,0.8789041636587133
量波同步,2024-09-13,0.8774758797353578
量波同步,2024-09-14,0.8805684161655339
量波同步,2024-09-15,0.8677046832326117
量波同步,2024-09-16,0.8607375916766838
量波同步,2024-09-17,0.8632156299934385
量波同步,2024-09-18,0.8593869025819619
量波同步,2024-09-19,0.8609210891282099
量波同步,2024-09-20,0.8725858287737929
量波同步,2024-09-21,0.8588940995972338
量波同步,2024-09-22,0.8644304340527434
量波同步,2024-09-23,0.8858965125264877
量波同步,2024-09-24,0.8969310867830729
量波同步,2024-09-25,0.9091666103812833
量波同步,2024-09-26,0.9163292584200502
量波同步,2024-09-27,0.9242699394812988
量波同步,2024-09-28,0.9219980552116073
量波同步,2024-09-29,0.9305969120379552
量波同步,2024-09-30,0.9209911676302761
量波同步,2024-10-01,0.9350430096772098
量波同步,2024-10-02,0.946168178513705
量波同步,2024-10-03,0.9506785631112991
量波同步,2024-10-04,0.9464792287535042
量波同步,2024-10-05,0.9449779433930307
量波同步,2024-10-06,0.9489550622531663
量波同步,2024-10-07,0.931846457567181
量波同步,2024-10-08,0.9417849669166205
量波同步,2024-10-09,0.9363423645708574
量波同步,2024-10-10,0.939171334155063
量波同步,2024-10-11,0.9382543592544624
量波同步,2024-10-12,0.9337161053211308
量波同步,2024-10-13,0.9161783396490608
量波同步,2024-10-14,0.9227989063426099
量波同步,2024-10-15,0.9149978555850113
量波同步,2024-10-16,0.9036696467111747
量波同步,2024-10-17,0.9145694471224718
量波同步,2024-10-18,0.9201691367551449
量波同步,2024-10-19,0.9378467982405612
量波同步,2024-10-20,0.9343034773587378
量波同步,2024-10-21,0.9522728126114584
量波同步,2024-10-22,0.9550604504674364
量波同步,2024-10-23,0.9632919832233242
量波同步,2024-10-24,0.965962414173257
量波同步,2024-10-25,0.9616941707974062
量波同步,2024-10-26,0.9540251998428213
量波同步,2024-10-27,0.9521891742832701
量波同步,2024-10-28,0.9551662380042084
量波同步,2024-10-29,0.9576577108864476
量波同步,2024-10-30,0.9637331708451504
量波同步,2024-10-31,0.9646827384656744
量波同步,2024-11-01,0.9553617640317396
量波同步,2024-11-02,0.9534140166434585
量波同步,2024-11-03,0.9493730093934178
量波同步,2024-11-04,0.9531373628131184
量波同步,2024-11-05,0.938208610376962
量波同步,2024-11-06,0.9383434760349432
量波同步,2024-11-07,0.927376475251939
量波同步,2024-11-08,0.9255395550687928
量波同步,2024-11-09,0.8953683441815122
量波同步,2024-11-10,0.8599214303986815
量波同步,2024-11-11,0.8915618641271005
量波同步,2024-11-12,0.8526095375881443
量波同步,2024-11-13,0.8433284766034335
量波同步,2024-11-14,0.8413275304895806
量波同步,2024-11-15,0.8728572063892208
量波同步,2024-11-16,0.8619564989986537
量波同步,2024-11-17,0.8934023831501843
量波同步,2024-11-18,0.8853735402340493
量波同步,2024-11-19,0.8313713437788431
量波同步,2024-11-20,0.8019831128075285
量波同步,2024-11-21,0.8171054743116252
量波同步,2024-11-22,0.8764973636688196
量波同步,2024-11-23,0.9192894829575818
量波同步,2024-11-24,0.914478834927926
量波同步,2024-11-25,0.9613199161298795
量波同步,2024-11-26,0.9702585903151242
量波同步,2024-11-27,0.939669202606864
量波同步,2024-11-28,0.9062920046441622
量波同步,2024-11-29,0.9453019582757904
量波同步,2024-11-30,0.8792123234890754
量波同步,2024-12-01,0.933868571171442
量波同步,2024-12-02,0.956257278112935
量波同步,2024-12-03,0.987566636536041
量波同步,2024-12-04,0.9946220798997061
量波同步,2024-12-05,1.0284263931189421
量波同步,2024-12-06,0.982451322631024
量波同步,2024-12-07,0.9827763266934287
量波同步,2024-12-08,0.9332993556058569
量波同步,2024-12-09,0.9203749713736367
量波同步,2024-12-10,0.9482875913344136
量波同步,2024-12-11,0.9857827238266516
量波同步,2024-12-12,0.9980983540866335
量波同步,2024-12-13,0.9925798923598057
量波同步,2024-12-14,1.0005101564743044
量波同步,2024-12-15,0.9801996268399491
量波同步,2024-12-16,0.9646207991513542
量波同步,2024-12-17,0.9473714609927968
量波同步,2024-12-18,0.9173813461114565
量波同步,2024-12-19,0.929327880726505
量波同步,2024-12-20,0.8846801588115306
量波同步,2024-12-21,0.909168546496746
量波同步,2024-12-22,0.9680133292392117
量波同步,2024-12-23,0.9591473205766815
量波同步,2024-12-24,0.9324051823389987
量波同步,2024-12-25,0.906940640888118
量波同步,2024-12-26,0.9065224446885246
量波同步,2024-12-27,0.9222668423192906
量波同步,2024-12-28,0.9091482006414326
量波同步,2024-12-29,0.9055840610405831
量波同步,2024-12-30,0.8851206182498624
量波同步,2024-12-31,0.907792493509893
量波同步,2025-01-01,0.9188445207155052
量波同步,2025-01-02,0.9489470526959269
量波同步,2025-01-03,0.9524697009980422
量波同步,2025-01-04,0.9940392164183774
量波同步,2025-01-05,0.9875558636620784
量波同步,2025-01-06,0.9688902693561593
量波同步,2025-01-07,0.9278103599528532
量波同步,2025-01-08,0.9424729381053063
量波同步,2025-01-09,0.9497656186956231
量波同步,2025-01-10,0.9253781006714938
量波同步,2025-01-11,0.9238210718016312
量波同步,2025-01-12,0.9190800281610579
量波同步,2025-01-13,0.929705841771547
量波同步,2025-01-14,0.9137641379676107
量波同步,2025-01-15,0.9025903540210426
量波同步,2025-01-16,0.9301998163849342
量波同步,2025-01-17,0.8596777967019426
量波同步,2025-01-18,0.8412429040840851
量波同步,2025-01-19,0.8587822996007218
量波同步,2025-01-20,0.8794799076754266
量波同步,2025-01-21,0.8592355070661365
量波同步,2025-01-22,0.8681576958203399
量波同步,2025-01-23,0.853566713788656
量波同步,2025-01-24,0.8422436196770705
量波同步,2025-01-25,0.8420498186949423
量波同步,2025-01-26,0.8128105639970523
量波同步,2025-01-27,0.7911804264030604
量波同步,2025-01-28,0.8089858588242473
量波同步,2025-01-29,0.8357247400424261
量波同步,2025-01-30,0.8509673448715686
量波同步,2025-01-31,0.8232321380566281
量波同步,2025-02-01,0.7714352367094119
量波同步,2025-02-02,0.7764628969582588
量波同步,2025-02-03,0.7604916380288306
量波同步,2025-02-04,0.7573347878956527
量波同步,2025-02-05,0.7301155133249903
量波同步,2025-02-06,0.7287586492865633
量波同步,2025-02-07,0.7382380933539672
量波同步,2025-02-08,0.7395930329313845
量波同步,2025-02-09,0.7511714886231022
量波同步,2025-02-10,0.7402150311775831
量波同步,2025-02-11,0.7490589391719166
量波同步,2025-02-12,0.761041158219581
量波同步,2025-02-13,0.7591669747691515
量波同步,2025-02-14,0.7294789173716669
量波同步,2025-02-15,0.7175772467555055
量波同步,2025-02-16,0.7418428529368132
量波同步,2025-02-17,0.7056174285676614
量波同步,2025-02-18,0.731310664831042
量波同步,2025-02-19,0.749386778101055
量波同步,2025-02-20,0.7367233021881914
量波同步,2025-02-21,0.7425959304754675
量波同步,2025-02-22,0.7392412128383385
量波同步,2025-02-23,0.6983283414551477
量波同步,2025-02-24,0.7134747494005343
量波同步,2025-02-25,0.7412628942361337
量波同步,2025-02-26,0.7549813038905809
量波同步,2025-02-27,0.7556653519636507
量波同步,2025-02-28,0.7653042928158396
量波同步,2025-03-01,0.780381398945321
量波同步,2025-03-02,0.7530729649527765
量波同步,2025-03-03,0.7486845453271007
量波同步,2025-03-04,0.7537575654849508
量波同步,2025-03-05,0.75680261921194
量波同步,2025-03-06,0.7681274725904026
量波同步,2025-03-07,0.7571096715860133
量波同步,2025-03-08,0.7456130943026945
量波同步,2025-03-09,0.7447596404449257
量波同步,2025-03-10,0.7489152299883225
量波同步,2025-03-11,0.753640635063498
量波同步,2025-03-12,0.7636592357286273
量波同步,2025-03-13,0.7740220266116987
量波同步,2025-03-14,0.7814529858780113
量波同步,2025-03-15,0.7813242702280737
量波同步,2025-03-16,0.7963443421686908
量波同步,2025-03-17,0.776889368701129
量波同步,2025-03-18,0.7893083834121156
量波同步,2025-03-19,0.7774846171109937
量波同步,2025-03-20,0.7650772753610247
量波同步,2025-03-21,0.7759119769054759
量波同步,2025-03-22,0.768932594221899
量波同步,2025-03-23,0.7836329456070829
量波同步,2025-03-24,0.7862864173985789
量波同步,2025-03-25,0.7782840627943004
量波同步,2025-03-26,0.7860172145747922
量波同步,2025-03-27,0.7620444087692007
量波同步,2025-03-28,0.7481310533636238
量波同步,2025-03-29,0.7437387149393818
量波同步,2025-03-30,0.735006111471624
量波同步,2025-03-31,0.7398412678251222
量波同步,2025-04-01,0.7162114748886627
量波同步,2025-04-02,0.7111060567124997
量波同步,2025-04-03,0.6988807621435564
量波同步,2025-04-04,0.6964040226347517
量波同步,2025-04-05,0.6758188848509684
量波同步,2025-04-06,0.6892070463862764
量波同步,2025-04-07,0.6930579840542658
量波同步,2025-04-08,0.7036435767668456
量波同步,2025-04-09,0.7112465171381679
量波同步,2025-04-10,0.6936379676490659
量波同步,2025-04-11,0.6896567436470754
量波同步,2025-04-12,0.6730796834851378
量波同步,2025-04-13,0.6763445032839607
量波同步,2025-04-14,0.6641188888067383
量波同步,2025-04-15,0.6567675729169977
量波同步,2025-04-16,0.6549584882879614
量波同步,2025-04-17,0.669991777173233
量波同步,2025-04-18,0.687779741417932
量波同步,2025-04-19,0.6935818723034186
量波同步,2025-04-20,0.6855683342329565
量波同步,2025-04-21,0.7019602116124443
量波同步,2025-04-22,0.7273788401155051
量波同步,2025-04-23,0.7283382875060701
量波同步,2025-04-24,0.7235759058086038
量波同步,2025-04-25,0.7319002952199126
量波同步,2025-04-26,0.7035173738598136
量波同步,2025-04-27,0.6963269710405983
量波同步,2025-04-28,0.689564246139788
量波同步,2025-04-29,0.6796930136488942
量波同步,2025-04-30,0.6886740957224482
量波同步,2025-05-01,0.6790443703046367
量波同步,2025-05-02,0.670139605930962
量波同步,2025-05-03,0.6577353464657918
量波同步,2025-05-04,0.6579502121163651
量波同步,2025-05-05,0.6451210875364805
量波同步,2025-05-06,0.642091470468757
量波同步,2025-05-07,0.6788684750887921
量波同步,2025-05-08,0.7022214263649567
量波同步,2025-05-09,0.7618909329816322
量波同步,2025-05-10,0.7591870926486494
量波同步,2025-05-11,0.7484341956370781
量波同步,2025-05-12,0.7513763265914354
量波同步,2025-05-13,0.7291550122888454
量波同步,2025-05-14,0.724090023850147
量波同步,2025-05-15,0.7209997018385014
量波同步,2025-05-16,0.7085384705006473
量波同步,2025-05-17,0.7176991612225768
量波同步,2025-05-18,0.7078441412583906
量波同步,2025-05-19,0.7152696079423664
量波同步,2025-05-20,0.7221706407543071
量波同步,2025-05-21,0.750852309498133
量波同步,2025-05-22,0.7308742131640419
量波同步,2025-05-23,0.7314591719602367
量波同步,2025-05-24,0.7244677687928098
量波同步,2025-05-25,0.7250380355183815
量波同步,2025-05-26,0.7284477727736945
量波同步,2025-05-27,0.7315562652747485
量波同步,2025-05-28,0.7224071930960647
量波同步,2025-05-29,0.68319433464064
量波同步,2025-05-30,0.6887472303620688
量波同步,2025-05-31,0.6900982101349367
量波同步,2025-06-01,0.7059872199956895
量波同步,2025-06-02,0.7037554097074958
量波同步,2025-06-03,0.6864244368270016
量波同步,2025-06-04,0.6777817785862438
量波同步,2025-06-05,0.6825268738436653
量波同步,2025-06-06,0.6870479782684433
量波同步,2025-06-07,0.6892927679538997
量波同步,2025-06-08,0.696801718104326
量波同步,2025-06-09,0.6922016146153863
量波同步,2025-06-10,0.6940453474637444
量波同步,2025-06-11,0.6782356384190462
量波同步,2025-06-12,0.6741669138160097
量波同步,2025-06-13,0.676051469828523
量波同步,2025-06-14,0.662862882650693
量波同步,2025-06-15,0.6618916343032422
量波同步,2025-06-16,0.6451825238033881
量波同步,2025-06-17,0.6531758213808492
量波同步,2025-06-18,0.6386954109540008
量波同步,2025-06-19,0.6357050081534475
量波同步,2025-06-20,0.6269849644163376
量波同步,2025-06-21,0.6269944472517386
量波同步,2025-06-22,0.638236310728011
量波同步,2025-06-23,0.6358940993901443
量波同步,2025-06-24,0.6277140590267125
量波同步,2025-06-25,0.6227990474944317
量波同步,2025-06-26,0.6246061889829579
量波同步,2025-06-27,0.6256409872668004
量波同步,2025-06-28,0.6485660716484337
量波同步,2025-06-29,0.6247264361809858
量波同步,2025-06-30,0.609939219281983
量波同步,2025-07-01,0.6311939724833683
量波同步,2025-07-02,0.6371561751914983
量波同步,2025-07-03,0.6255055131060606
量波同步,2025-07-04,0.6194030781205392
量波同步,2025-07-05,0.6252500234501785
量波同步,2025-07-06,0.6229455186534718
量波同步,2025-07-07,0.6204213970995139
量波同步,2025-07-08,0.6276108753582881
量波同步,2025-07-09,0.6448287363194082
量波同步,2025-07-10,0.6311769679084143
量波同步,2025-07-11,0.6325050610939691
量波同步,2025-07-12,0.6140672985213829
量波同步,2025-07-13,0.5966788435196508
量波同步,2025-07-14,0.623866118758858
量波同步,2025-07-15,0.6225670409118699
量波同步,2025-07-16,0.6202656451005389
量波同步,2025-07-17,0.6120317305683245
量波同步,2025-07-18,0.6255158296855204
量波同步,2025-07-19,0.6215931188292941
量波同步,2025-07-20,0.6366856353528285
量波同步,2025-07-21,0.6333413881279008
量波同步,2025-07-22,0.5911700340327982
量波同步,2025-07-23,0.5826353165063197
量波同步,2025-07-24,0.5826430028644951
量波同步,2025-07-25,0.5840293218166049
量波同步,2025-07-26,0.5762666291162998
量波同步,2025-07-27,0.5656894945557496
量波同步,2025-07-28,0.5608285417517606
量波同步,2025-07-29,0.5527818862031282
量波同步,2025-07-30,0.5402307756802678
量波同步,2025-07-31,0.5413072976028607
量波同步,2025-08-01,0.5387626429012288
量波同步,2025-08-02,0.5484553129885348
量波同步,2025-08-03,0.5574230497168956
量波同步,2025-08-04,0.5446163196981165
量波同步,2025-08-05,0.5429520187215702
量波同步,2025-08-06,0.5686903795818812
量波同步,2025-08-07,0.5915453916533941
量波同步,2025-08-08,0.6273430273945988
量波同步,2025-08-09,0.614591806896049
量波同步,2025-08-10,0.5835919532457867
量波同步,2025-08-11,0.5933492718921054
量波同步,2025-08-12,0.6126937775250733
量波同步,2025-08-13,0.5909521371301507
量波同步,2025-08-14,0.5874301286198014
量波同步,2025-08-15,0.5902065045564792
量波同步,2025-08-16,0.5871123614183008
量波同步,2025-08-17,0.5778902651284719
量波同步,2025-08-18,0.5765856366938231
量波同步,2025-08-19,0.5761335439799586
量波同步,2025-08-20,0.58027496386905
量波同步,2025-08-21,0.5900439519271767
量波同步,2025-08-22,0.6023439470533796
量波同步,2025-08-23,0.5884841701226976
量波同步,2025-08-24,0.5730731388425157
量波同步,2025-08-25,0.5779427035221438
量波同步,2025-08-26,0.5756383946040365
量波同步,2025-08-27,0.5809178004269723
量波同步,2025-08-28,0.5853091874531747
量波同步,2025-08-29,0.587523609689164
量波同步,2025-08-30,0.581443933404383
量波同步,2025-08-31,0.5844653944289506
量波同步,2025-09-01,0.583133982983008
量波同步,2025-09-02,0.5848981101915657
量波同步,2025-09-03,0.5801136747047877
量波同步,2025-09-04,0.581415711862881
量波同步,2025-09-05,0.5897428636117094
量波同步,2025-09-06,0.5876851956799118
量波同步,2025-09-07,0.6091581058207082
量波同步,2025-09-08,0.6198035986283286
量波同步,2025-09-09,0.6341525250821
量波同步,2025-09-10,0.6355986326558293
量波同步,2025-09-11,0.6402558845494003
量波同步,2025-09-12,0.6379256824344098
量波同步,2025-09-13,0.6238188692524057
量波同步,2025-09-14,0.6115589745281956
量波同步,2025-09-15,0.6151029699764262
量波同步,2025-09-16,0.6095903247300887
量波同步,2025-09-17,0.6052384519565756
量波同步,2025-09-18,0.6035062682271772
量波同步,2025-09-19,0.6028589093145148
量波同步,2025-09-20,0.5947625905311249
量波同步,2025-09-21,0.5787906674264599
量波同步,2025-09-22,0.5762880520866753
量波同步,2025-09-23,0.5822432709146885
量波同步,2025-09-24,0.5824529223786383
量波同步,2025-09-25,0.587354320986503
量波同步,2025-09-26,0.5887962899765873
量波同步,2025-09-27,0.5862220158322148
量波同步,2025-09-28,0.5783160695788401
量波同步,2025-09-29,0.5780593514601005
量波同步,2025-09-30,0.5870564718089151
量波同步,2025-10-01,0.5990891935109192
量波同步,2025-10-02,0.593983314733129
量波同步,2025-10-03,0.5826589722832852
量波同步,2025-10-04,0.5805059334318012
量波同步,2025-10-05,0.5886647468520897
量波同步,2025-10-06,0.5870085922029866
量波同步,2025-10-07,0.5941490158889613
量波同步,2025-10-08,0.5886098216983144
量波同步,2025-10-09,0.48939144060915946
量波同步,2025-10-10,0.5024837082544217
量波同步,2025-10-11,0.5018862602283889
量波同步,2025-10-12,0.5147997988950567
量波同步,2025-10-13,0.5156809029174265
量波同步,2025-10-14,0.5073603046231753
量波同步,2025-10-15,0.4959736890913559
量波同步,2025-10-16,0.48466934218740476
量波同步,2025-10-17,0.4782871465977849
量波同步,2025-10-18,0.4829693992363791
量波同步,2025-10-19,0.49584429915080186
量波同步,2025-10-20,0.4943408559198523
量波同步,2025-10-21,0.48933365604045265
量波同步,2025-10-22,0.48960968230981544
量波同步,2025-10-23,0.4970266082499923
量波同步,2025-10-24,0.4958769662074644
量波同步,2025-10-25,0.5025750789027191
量波同步,2025-10-26,0.4955998399070642
量波同步,2025-10-27,0.49386084960155774
量波同步,2025-10-28,0.5013702254191273
量波同步,2025-10-29,0.4901363541630427
量波同步,2025-10-30,0.4927738731158647
量波同步,2025-10-31,0.5007941432687715
量波同步,2025-11-01,0.5016719878239018
量波同步,2025-11-02,0.4928608982679623
量波同步,2025-11-03,0.498239602900956
量波同步,2025-11-04,0.503168321772286
量波同步,2025-11-05,0.46818560597518677
量波同步,2025-11-06,0.4447099525117883
量波同步,2025-11-07,0.44493459446903333
量波同步,2025-11-08,0.44882055841729396
量波同步,2025-11-09,0.4720224207458145
量波同步,2025-11-10,0.47019462832040176
量波同步,2025-11-11,0.4755072761289964
量波同步,2025-11-12,0.46875964408838616
量波同步,2025-11-13,0.47247751748263184
量波同步,2025-11-14,0.4665287078173469
量波同步,2025-11-15,0.46590527704840895
量波同步,2025-11-16,0.45779689784930844
量波同步,2025-11-17,0.4628299446603237
量波同步,2025-11-18,0.46445503229022495
量波同步,2025-11-19,0.4669787118557578
量波同步,2025-11-20,0.4425538329892624
量波同步,2025-11-21,0.43748525351882794
量波同步,2025-11-22,0.44580981485109944
量波同步,2025-11-23,0.45071856675525374
量波同步,2025-11-24,0.45849015566295087
量波同步,2025-11-25,0.4593679461066682
量波同步,2025-11-26,0.4617588844228969
量波同步,2025-11-27,0.45136351273365666
量波同步,2025-11-28,0.45719604129314645
量波同步,2025-11-29,0.4477153571513446
量波同步,2025-11-30,0.4388617105760227
量波同步,2025-12-01,0.4530339753618196
量波同步,2025-12-02,0.4454299746191435
量波同步,2025-12-03,0.43889783240464936
量波同步,2025-12-04,0.43135724889364013
量波同步,2025-12-05,0.43639182262393805
量波同步,2025-12-06,0.42584881895635157
量波同步,2025-12-07,0.43193340055688395
量波同步,2025-12-08,0.43468079128288684
量波同步,2025-12-09,0.4266771550557994
量波同步,2025-12-10,0.4185491264152302
量波同步,2025-12-11,0.4217191064983315
量波同步,2025-12-12,0.4228376343781941
量波同步,2025-12-13,0.4140000304463338
量波同步,2025-12-14,0.4107779428497623
量波同步,2025-12-15,0.4033324990982591
量波同步,2025-12-16,0.3961718974292885
量波同步,2025-12-17,0.3880452152473602
量波同步,2025-12-18,0.39991000246505826
量波同步,2025-12-19,0.4020569596936832
量波同步,2025-12-20,0.39384080926813336
量波同步,2025-12-21,0.39461628225672735
量波同步,2025-12-22,0.40008353724665713
量波同步,2025-12-23,0.3956207776458662
量波同步,2025-12-24,0.386015122787339
量波同步,2025-12-25,0.39229750752968295
量波同步,2025-12-26,0.39829995550187125
量波同步,2025-12-27,0.39493746273939007
量波同步,2025-12-28,0.39270058877862146
量波同步,2025-12-29,0.3896373574218255
量波同步,2025-12-30,0.3846299794332901
量波同步,2025-12-31,0.3927447504734402
量波同步,2026-01-01,0.3829396099991048
量波同步,2026-01-02,0.38602909694339754
量波同步,2026-01-03,0.38375044277838555
量波同步,2026-01-04,0.38389054059504124
量波同步,2026-01-05,0.3897303177332111
量波同步,2026-01-06,0.3864603111043608
量波同步,2026-01-07,0.38764849260060125
量波同步,2026-01-08,0.38895850658519
量波同步,2026-01-09,0.38758099968841564
量波同步,2026-01-10,0.38614008242729386
量波同步,2026-01-11,0.3824130387069703
量波同步,2026-01-12,0.39886184317717316
量波同步,2026-01-13,0.39825161037137613
量波同步,2026-01-14,0.3851486316422046
量波同步,2026-01-15,0.3842855707071957
量波同步,2026-01-16,0.3838685516776331
量波同步,2026-01-17,0.37317532686959926
量波同步,2026-01-18,0.3705279152227891
量波同步,2026-01-19,0.3691621636761584
量波同步,2026-01-20,0.3731534642882759
量波同步,2026-01-21,0.3704445502626085
量波同步,2026-01-22,0.37164767247055397
量波同步,2026-01-23,0.37202851802196557
量波同步,2026-01-24,0.3672818898656885
量波同步,2026-01-25,0.3687635097722093
量波同步,2026-01-26,0.3683319810030218
量波同步,2026-01-27,0.3680477132634342
量波同步,2026-01-28,0.3620233966407407
量波同步,2026-01-29,0.3611425741118551
量波同步,2026-01-30,0.35999638904752046
量波同步,2026-01-31,0.36083828837146115
量波同步,2026-02-01,0.3649264838306586
量波同步,2026-02-02,0.36715133185335136
量波同步,2026-02-03,0.3728964409494267
量波同步,2026-02-04,0.3827230035540534
量波同步,2026-02-05,0.36997119264435246
量波同步,2026-02-06,0.3733818117464454
量波同步,2026-02-07,0.3731344810780307
量波同步,2026-02-08,0.3743911353593824
量波同步,2026-02-09,0.37137529388249135
量波同步,2026-02-10,0.373740591260845
量波同步,2026-02-11,0.3799945395988768
量波同步,2026-02-12,0.3705441472800456
量波同步,2026-02-13,0.37602226612533496
量波同步,2026-02-14,0.3719515420639901
量波同步,2026-02-15,0.3698310006871996
量波同步,2026-02-16,0.3675678746471104
量波同步,2026-02-17,0.3584222666980416
量波同步,2026-02-18,0.3574015664993808
量波同步,2026-02-19,0.3565815653918454
量波同步,2026-02-20,0.35805137894769834
量波同步,2026-02-21,0.3495571436584751
量波同步,2026-02-22,0.3562687512025087
量波同步,2026-02-23,0.35699616629760333
量波同步,2026-02-24,0.38473305661165574
量波同步,2026-02-25,0.3841207073548108
量波同步,2026-02-26,0.3841388536224954
量波同步,2026-02-27,0.38584668879884565
量波同步,2026-02-28,0.38306383685378387
量波同步,2026-03-01,0.383182863286339
量波同步,2026-03-02,0.3883271967254349
量波同步,2026-03-03,0.3784219952518419
量波同步,2026-03-04,0.3811436721809124
量波同步,2026-03-05,0.38056316640143917
量波同步,2026-03-06,0.3770834289668129
量波同步,2026-03-07,0.37262012322609006
量波同步,2026-03-08,0.3777621308937924
量波同步,2026-03-09,0.3763215741417784
量波同步,2026-03-10,0.37908801716028756
量波同步,2026-03-11,0.37731637632506865
量波同步,2026-03-12,0.37744428706970434
量波同步,2026-03-13,0.37037029287909146
量波同步,2026-03-14,0.3708393636753188
量波同步,2026-03-15,0.3719774735815481
量波同步,2026-03-16,0.3710591261567314
量波同步,2026-03-17,0.370468127080309
量波同步,2026-03-18,0.3676110110162758
量波同步,2026-03-19,0.3658237854955526
量波同步,2026-03-20,0.3635557203684549
量波同步,2026-03-21,0.3568157694696461
量波同步,2026-03-22,0.36381919876075064
量波同步,2026-03-23,0.36878204308135437
量波同步,2026-03-24,0.3675119064056023
量波同步,2026-03-25,0.3644042006495318
量波同步,2026-03-26,0.3617432470464373
量波同步,2026-03-27,0.3580537714292485
量波同步,2026-03-28,0.3556259037798528
量波同步,2026-03-29,0.3575753902203563
量波同步,2026-03-30,0.3581349465341666
量波同步,2026-03-31,0.36068032180768983
量波同步,2026-04-01,0.35964681886901867
量波同步,2026-04-02,0.3597708061106726
量波同步,2026-04-03,0.3635469239864543
量波同步,2026-04-04,0.3596467477111584
量波同步,2026-04-05,0.35849553263469186
量波同步,2026-04-06,0.35821430257532255
量波同步,2026-04-07,0.35723964357308147
量波同步,2026-04-08,0.3576864880435761
量波同步,2026-04-09,0.35585082054736783
量波同步,2026-04-10,0.3539434269291565
量波同步,2026-04-11,0.35492222632480186
量波同步,2026-04-12,0.3539863716386878
量波同步,2026-04-13,0.3516335869156509
量波同步,2026-04-14,0.3555357228603005
量波同步,2026-04-15,0.36646270704809947
量波同步,2026-04-16,0.361588628997177
量波同步,2026-04-17,0.3591867329742365
量波同步,2026-04-18,0.36350349640682184
量波同步,2026-04-19,0.36509891082230084
量波同步,2026-04-20,0.36345577255444567
量波同步,2026-04-21,0.35663564593188685
量波同步,2026-04-22,0.356475267099227
量波同步,2026-04-23,0.36189911717555806
量波同步,2026-04-24,0.36018389085113395
量波同步,2026-04-25,0.3581446291607707
量波同步,2026-04-26,0.3532404205231235
量波同步,2026-04-27,0.3543291719681655
量波同步,2026-04-28,0.35113779847693877
量波同步,2026-04-29,0.3489140564790659
量波同步,2026-04-30,0.34472351835294274
量波同步,2026-05-01,0.3474122897379841
量波同步,2026-05-02,0.3443688392172158
量波同步,2026-05-03,0.34560137429071763
量波同步,2026-05-04,0.3495396401671018
量波同步,2026-05-05,0.35833719202008946
量波同步,2026-05-06,0.35811331617282366
量波同步,2026-05-07,0.37084601737582357
量波同步,2026-05-08,0.3678644310864943
量波同步,2026-05-09,0.3760735701081577
量波同步,2026-05-10,0.3726046408935529
量波同步,2026-05-11,0.36897037985290326
量波同步,2026-05-12,0.37227109434200917
量波同步,2026-05-13,0.3735525705360375
量波同步,2026-05-14,0.3652556700320798
量波同步,2026-05-15,0.36022288645765427
量波同步,2026-05-16,0.3576727588869616
量波同步,2026-05-17,0.3695417989381788
量波同步,2026-05-18,0.3635984287804728
量波同步,2026-05-19,0.36425904894570504
量波同步,2026-05-20,0.3684966274818473
量波同步,2026-05-21,0.36133623486718036
量波同步,2026-05-22,0.3677213775166669
量波同步,2026-05-23,0.3639110549679769
量波同步,2026-05-24,0.3751096896034204
量波同步,2026-05-25,0.3754499944924606
量波同步,2026-05-26,0.38399417833223065
量波同步,2026-05-27,0.4060608163685603
量波同步,2026-05-28,0.40605846619086217
量波同步,2026-05-29,0.40525032082754503
量波同步,2026-05-30,0.4003180648028932
主动买入率,2024-06-02,0.9976090992132994
主动买入率,2024-06-03,1.0064926584236351
主动买入率,2024-06-04,1.0066230286446949
主动买入率,2024-06-05,1.0063599172699913
主动买入率,2024-06-06,1.0167479029551494
主动买入率,2024-06-07,1.024519507892687
主动买入率,2024-06-08,1.0248212098798035
主动买入率,2024-06-09,1.022230703006579
主动买入率,2024-06-10,1.0513651281348322
主动买入率,2024-06-11,1.0628143444785128
主动买入率,2024-06-12,1.0814748471518518
主动买入率,2024-06-13,1.0734661356424458
主动买入率,2024-06-14,1.091346145327209
主动买入率,2024-06-15,1.0926716990706828
主动买入率,2024-06-16,1.0541795415117783
主动买入率,2024-06-17,1.0456537614700063
主动买入率,2024-06-18,1.060642273901556
主动买入率,2024-06-19,1.0465920734436327
主动买入率,2024-06-20,1.0684291018321632
主动买入率,2024-06-21,1.057782257351436
主动买入率,2024-06-22,1.0582391411444794
主动买入率,2024-06-23,1.0449828235653011
主动买入率,2024-06-24,1.029632459496361
主动买入率,2024-06-25,1.0143539341121945
主动买入率,2024-06-26,0.998146269903065
主动买入率,2024-06-27,0.984774876156006
主动买入率,2024-06-28,0.9835773766922444
主动买入率,2024-06-29,0.9730564063982734
主动买入率,2024-06-30,0.9718807202810705
主动买入率,2024-07-01,0.9639360341551916
主动买入率,2024-07-02,0.9676166872411808
主动买入率,2024-07-03,0.9712410840549176
主动买入率,2024-07-04,0.9853098860732901
主动买入率,2024-07-05,1.0032881395636626
主动买入率,2024-07-06,0.9986001600486243
主动买入率,2024-07-07,0.9957433733619374
主动买入率,2024-07-08,1.0054769865004227
主动买入率,2024-07-09,1.0061031808978134
主动买入率,2024-07-10,1.0032375796038677
主动买入率,2024-07-11,1.0081785436998636
主动买入率,2024-07-12,0.9721986201118044
主动买入率,2024-07-13,0.9651694572210606
主动买入率,2024-07-14,0.9829342608210287
主动买入率,2024-07-15,0.9797431230113155
主动买入率,2024-07-16,0.9805191361038158
主动买入率,2024-07-17,0.9930566829987016
主动买入率,2024-07-18,0.9856525982959425
主动买入率,2024-07-19,0.9927661125190064
主动买入率,2024-07-20,0.9915546076618247
主动买入率,2024-07-21,0.9786427244971441
主动买入率,2024-07-22,0.9817191242414294
主动买入率,2024-07-23,0.9515953086595356
主动买入率,2024-07-24,0.9319474922894329
主动买入率,2024-07-25,0.957403541523621
主动买入率,2024-07-26,0.9629325396861381
主动买入率,2024-07-27,0.960513457201568
主动买入率,2024-07-28,0.9770824738631146
主动买入率,2024-07-29,0.9701448653494351
主动买入率,2024-07-30,0.9731586409973365
主动买入率,2024-07-31,0.98988315685798
主动买入率,2024-08-01,0.9914776511093215
主动买入率,2024-08-02,0.9807627048758855
主动买入率,2024-08-03,0.9607674257586284
主动买入率,2024-08-04,0.974347040615202
主动买入率,2024-08-05,0.9880824873752792
主动买入率,2024-08-06,0.9805871960534911
主动买入率,2024-08-07,1.0085381409035195
主动买入率,2024-08-08,1.0191136878263287
主动买入率,2024-08-09,1.022445110255844
主动买入率,2024-08-10,1.0219587362424891
主动买入率,2024-08-11,1.0309856355208722
主动买入率,2024-08-12,1.023854065034925
主动买入率,2024-08-13,1.016997586392253
主动买入率,2024-08-14,1.0103860831181233
主动买入率,2024-08-15,1.0134917892348492
主动买入率,2024-08-16,1.0250900883853078
主动买入率,2024-08-17,1.0219949314318588
主动买入率,2024-08-18,1.0307894143221128
主动买入率,2024-08-19,1.0621028779377886
主动买入率,2024-08-20,1.016283990091311
主动买入率,2024-08-21,1.0067319966767925
主动买入率,2024-08-22,1.0113628906942516
主动买入率,2024-08-23,0.9907295026348354
主动买入率,2024-08-24,1.0081329455437147
主动买入率,2024-08-25,1.0045661201368654
主动买入率,2024-08-26,0.98636028632653
主动买入率,2024-08-27,0.9705157355744979
主动买入率,2024-08-28,0.959096150938392
主动买入率,2024-08-29,0.9491383648556748
主动买入率,2024-08-30,0.9353615311007379
主动买入率,2024-08-31,0.9241034142886481
主动买入率,2024-09-01,0.9284708285063686
主动买入率,2024-09-02,0.9161911174027816
主动买入率,2024-09-03,0.9566744780425681
主动买入率,2024-09-04,0.9572323128823534
主动买入率,2024-09-05,0.9579068609128174
主动买入率,2024-09-06,0.9474004971721033
主动买入率,2024-09-07,0.947681011623767
主动买入率,2024-09-08,0.9314979791997791
主动买入率,2024-09-09,0.9262763182317343
主动买入率,2024-09-10,0.9346248385801178
主动买入率,2024-09-11,0.9256462709743712
主动买入率,2024-09-12,0.9233150911933767
主动买入率,2024-09-13,0.9127370432801888
主动买入率,2024-09-14,0.9199384626584537
主动买入率,2024-09-15,0.9116710021256181
主动买入率,2024-09-16,0.9265857685989961
主动买入率,2024-09-17,0.9418392403129215
主动买入率,2024-09-18,0.9526546318866237
主动买入率,2024-09-19,0.9459514738174081
主动买入率,2024-09-20,0.9613364432425661
主动买入率,2024-09-21,0.9772907036910582
主动买入率,2024-09-22,0.9928320380612856
主动买入率,2024-09-23,0.9635708646177653
主动买入率,2024-09-24,0.9522012411380668
主动买入率,2024-09-25,0.9688215815692253
主动买入率,2024-09-26,0.9745225409949172
主动买入率,2024-09-27,0.9525138387934792
主动买入率,2024-09-28,0.9466642958228736
主动买入率,2024-09-29,0.9665156196804324
主动买入率,2024-09-30,0.9585403609408337
主动买入率,2024-10-01,0.9924039601455462
主动买入率,2024-10-02,0.999167043808687
主动买入率,2024-10-03,1.012033273833931
主动买入率,2024-10-04,0.9911414825209921
主动买入率,2024-10-05,0.9899686042305129
主动买入率,2024-10-06,0.9911271917631975
主动买入率,2024-10-07,0.9891748309949284
主动买入率,2024-10-08,0.9775581257164202
主动买入率,2024-10-09,0.9850986149584721
主动买入率,2024-10-10,0.9751142428638951
主动买入率,2024-10-11,1.0110548059827626
主动买入率,2024-10-12,1.0138035042608524
主动买入率,2024-10-13,1.0155646428465241
主动买入率,2024-10-14,1.0274114911537664
主动买入率,2024-10-15,1.0207864747541975
主动买入率,2024-10-16,1.042043279970646
主动买入率,2024-10-17,1.0416841283046103
主动买入率,2024-10-18,1.029654766354739
主动买入率,2024-10-19,1.0438095662028166
主动买入率,2024-10-20,1.0413820958267406
主动买入率,2024-10-21,1.0390809348580752
主动买入率,2024-10-22,1.04331103243051
主动买入率,2024-10-23,1.0457342053584828
主动买入率,2024-10-24,1.0488331346253392
主动买入率,2024-10-25,1.0715297115416242
主动买入率,2024-10-26,1.0622564277485327
主动买入率,2024-10-27,1.06274531650665
主动买入率,2024-10-28,1.0492450097228665
主动买入率,2024-10-29,1.0575443501915431
主动买入率,2024-10-30,1.0489868199274428
主动买入率,2024-10-31,1.0438225991380086
主动买入率,2024-11-01,1.0435261801954934
主动买入率,2024-11-02,1.0333236005305242
主动买入率,2024-11-03,1.0324860038825374
主动买入率,2024-11-04,1.0562509206590496
主动买入率,2024-11-05,1.1143905343773013
主动买入率,2024-11-06,1.0991852148978134
主动买入率,2024-11-07,1.083556736787399
主动买入率,2024-11-08,1.1057769500900385
主动买入率,2024-11-09,1.0790135599272388
主动买入率,2024-11-10,1.1113145828233288
主动买入率,2024-11-11,1.0444251122535588
主动买入率,2024-11-12,1.0672708521289849
主动买入率,2024-11-13,1.0554895254602055
主动买入率,2024-11-14,1.0512335130415609
主动买入率,2024-11-15,1.0313835252223937
主动买入率,2024-11-16,1.04707638322687
主动买入率,2024-11-17,1.0383928693999487
主动买入率,2024-11-18,1.029961892752123
主动买入率,2024-11-19,1.0400722951840204
主动买入率,2024-11-20,1.0785840771129886
主动买入率,2024-11-21,1.0646229534884974
主动买入率,2024-11-22,1.051229292061056
主动买入率,2024-11-23,1.027606888796779
主动买入率,2024-11-24,1.065539040469601
主动买入率,2024-11-25,1.0542714650926632
主动买入率,2024-11-26,1.1221546878880366
主动买入率,2024-11-27,1.0612426236185433
主动买入率,2024-11-28,1.0256492924968625
主动买入率,2024-11-29,1.0321347980644986
主动买入率,2024-11-30,1.0223085519118142
主动买入率,2024-12-01,0.9832546095377294
主动买入率,2024-12-02,1.1268334502584274
主动买入率,2024-12-03,1.066631471393445
主动买入率,2024-12-04,1.0639732110228783
主动买入率,2024-12-05,1.0852276284321076
主动买入率,2024-12-06,1.0987419004332868
主动买入率,2024-12-07,1.089172996004521
主动买入率,2024-12-08,1.1278448874694516
主动买入率,2024-12-09,1.1086863692635014
主动买入率,2024-12-10,1.1254392573534215
主动买入率,2024-12-11,1.1108158578610459
主动买入率,2024-12-12,1.1149307099231
主动买入率,2024-12-13,1.088766790328726
主动买入率,2024-12-14,1.0800330872693147
主动买入率,2024-12-15,1.0964434489715975
主动买入率,2024-12-16,1.092230385652411
主动买入率,2024-12-17,1.1102022657009545
主动买入率,2024-12-18,1.129569139692136
主动买入率,2024-12-19,1.1032935892410338
主动买入率,2024-12-20,1.086510952407426
主动买入率,2024-12-21,1.0983591428125818
主动买入率,2024-12-22,1.0942613421895326
主动买入率,2024-12-23,1.089616046334172
主动买入率,2024-12-24,1.1033250276850517
主动买入率,2024-12-25,1.111033535037933
主动买入率,2024-12-26,1.123617288898782
主动买入率,2024-12-27,1.1331534121009066
主动买入率,2024-12-28,1.1539803999615137
主动买入率,2024-12-29,1.1576885101704684
主动买入率,2024-12-30,1.1428532737158459
主动买入率,2024-12-31,1.1053137563604436
主动买入率,2025-01-01,1.1104644731663122
主动买入率,2025-01-02,1.0664928925191068
主动买入率,2025-01-03,1.0560225488761072
主动买入率,2025-01-04,1.0414420503254882
主动买入率,2025-01-05,1.045380583837336
主动买入率,2025-01-06,1.0662306306414218
主动买入率,2025-01-07,1.0674532190573027
主动买入率,2025-01-08,1.055146292964441
主动买入率,2025-01-09,1.0496377893025166
主动买入率,2025-01-10,1.0684345960470178
主动买入率,2025-01-11,1.0739017611155264
主动买入率,2025-01-12,1.084078180450453
主动买入率,2025-01-13,1.0802966304600858
主动买入率,2025-01-14,1.0759322429848734
主动买入率,2025-01-15,1.0472752199826252
主动买入率,2025-01-16,1.030836441388926
主动买入率,2025-01-17,1.0286915130554
主动买入率,2025-01-18,1.0252813363012296
主动买入率,2025-01-19,0.9847343394811644
主动买入率,2025-01-20,0.9942983456653605
主动买入率,2025-01-21,1.0094094466457395
主动买入率,2025-01-22,0.9886368312360776
主动买入率,2025-01-23,0.9994904627518073
主动买入率,2025-01-24,0.9914722884959042
主动买入率,2025-01-25,0.984465105504623
主动买入率,2025-01-26,0.9882847807319549
主动买入率,2025-01-27,0.9769836744470125
主动买入率,2025-01-28,0.9856226535193271
主动买入率,2025-01-29,0.9794584152291088
主动买入率,2025-01-30,0.9733948987483574
主动买入率,2025-01-31,0.9650892664153939
主动买入率,2025-02-01,0.9746328838099155
主动买入率,2025-02-02,1.0056571702227195
主动买入率,2025-02-03,1.019114678658488
主动买入率,2025-02-04,0.9920265694099617
主动买入率,2025-02-05,0.9580698623298721
主动买入率,2025-02-06,0.9629310306665357
主动买入率,2025-02-07,0.970719691763625
主动买入率,2025-02-08,0.9793350851832959
主动买入率,2025-02-09,1.0069419385466638
主动买入率,2025-02-10,1.0463189940201458
主动买入率,2025-02-11,1.0748981549024594
主动买入率,2025-02-12,1.0940412391764718
主动买入率,2025-02-13,1.0764367398104613
主动买入率,2025-02-14,1.0708277944503606
主动买入率,2025-02-15,1.0662031197286765
主动买入率,2025-02-16,1.0883175812299803
主动买入率,2025-02-17,1.1094200574649826
主动买入率,2025-02-18,1.1248211263760273
主动买入率,2025-02-19,1.0920756890114973
主动买入率,2025-02-20,1.07847015157946
主动买入率,2025-02-21,1.0787720462804247
主动买入率,2025-02-22,1.0983606590768247
主动买入率,2025-02-23,1.1142410394912634
主动买入率,2025-02-24,1.0766432679873257
主动买入率,2025-02-25,1.0797349742557558
主动买入率,2025-02-26,1.0891866668565287
主动买入率,2025-02-27,1.079270834987213
主动买入率,2025-02-28,1.0597589758439192
主动买入率,2025-03-01,0.8996734373694658
主动买入率,2025-03-02,0.9391882631246083
主动买入率,2025-03-03,0.9295067468166881
主动买入率,2025-03-04,0.9591294173379442
主动买入率,2025-03-05,0.9428925878524594
主动买入率,2025-03-06,0.9285847565694635
主动买入率,2025-03-07,0.9215334351019212
主动买入率,2025-03-08,0.943487912683888
主动买入率,2025-03-09,0.9615048199815293
主动买入率,2025-03-10,0.9456084315726566
主动买入率,2025-03-11,0.9203241045938026
主动买入率,2025-03-12,0.9065691752106253
主动买入率,2025-03-13,0.9134317297572814
主动买入率,2025-03-14,0.9387069233397737
主动买入率,2025-03-15,0.9457197228279869
主动买入率,2025-03-16,0.9653556752712431
主动买入率,2025-03-17,0.9520552526331473
主动买入率,2025-03-18,0.9475973639692564
主动买入率,2025-03-19,0.9562227535994845
主动买入率,2025-03-20,0.9472993758130981
主动买入率,2025-03-21,0.9482990851934062
主动买入率,2025-03-22,0.9343059933015581
主动买入率,2025-03-23,0.9170787235280832
主动买入率,2025-03-24,0.9216256723370417
主动买入率,2025-03-25,0.9095403738890708
主动买入率,2025-03-26,0.910514660301642
主动买入率,2025-03-27,0.9051158672465498
主动买入率,2025-03-28,0.9029424424804949
主动买入率,2025-03-29,0.8939943530816574
主动买入率,2025-03-30,0.8821229715111458
主动买入率,2025-03-31,0.868155182655641
主动买入率,2025-04-01,0.8628751741987157
主动买入率,2025-04-02,0.8672151078738753
主动买入率,2025-04-03,0.8699904350983624
主动买入率,2025-04-04,0.8835193765828633
主动买入率,2025-04-05,0.8892246514435164
主动买入率,2025-04-06,0.8852171406405167
主动买入率,2025-04-07,0.9006347602936514
主动买入率,2025-04-08,0.8879772675725751
主动买入率,2025-04-09,0.8818929829203154
主动买入率,2025-04-10,0.8779420961538609
主动买入率,2025-04-11,0.8751910735489586
主动买入率,2025-04-12,0.8824456685297274
主动买入率,2025-04-13,0.8691097192446217
主动买入率,2025-04-14,0.8829322986300655
主动买入率,2025-04-15,0.8888480252781403
主动买入率,2025-04-16,0.9031797962690084
主动买入率,2025-04-17,0.8893839383227293
主动买入率,2025-04-18,0.8938877788793186
主动买入率,2025-04-19,0.8994172660418327
主动买入率,2025-04-20,0.9155937066454285
主动买入率,2025-04-21,0.9220880420563259
主动买入率,2025-04-22,0.9313873455808885
主动买入率,2025-04-23,0.9186580802465669
主动买入率,2025-04-24,0.9239668136350371
主动买入率,2025-04-25,0.9181706137800754
主动买入率,2025-04-26,0.9150511259953888
主动买入率,2025-04-27,0.9209655980375843
主动买入率,2025-04-28,0.9136592021088272
主动买入率,2025-04-29,0.8995978514204428
主动买入率,2025-04-30,0.8657999119840081
主动买入率,2025-05-01,0.8540274410841607
主动买入率,2025-05-02,0.8518512408572502
主动买入率,2025-05-03,0.859877258918259
主动买入率,2025-05-04,0.8600814010224114
主动买入率,2025-05-05,0.8555463066976264
主动买入率,2025-05-06,0.853654372615118
主动买入率,2025-05-07,0.8471685247607454
主动买入率,2025-05-08,0.8520522563167028
主动买入率,2025-05-09,0.781572088540505
主动买入率,2025-05-10,0.7873576991406827
主动买入率,2025-05-11,0.7944525137536532
主动买入率,2025-05-12,0.7855709419989356
主动买入率,2025-05-13,0.7857744586476932
主动买入率,2025-05-14,0.782216164181028
主动买入率,2025-05-15,0.7782290912397455
主动买入率,2025-05-16,0.7796009099753027
主动买入率,2025-05-17,0.7789252791495749
主动买入率,2025-05-18,0.7974077892723971
主动买入率,2025-05-19,0.8062430823132091
主动买入率,2025-05-20,0.7913133306029934
主动买入率,2025-05-21,0.7905257107723918
主动买入率,2025-05-22,0.8093023373285149
主动买入率,2025-05-23,0.8180813980078683
主动买入率,2025-05-24,0.8161489441051962
主动买入率,2025-05-25,0.8214707171338342
主动买入率,2025-05-26,0.8238519340614546
主动买入率,2025-05-27,0.8126148048902114
主动买入率,2025-05-28,0.8205929194514359
主动买入率,2025-05-29,0.7887207583461215
主动买入率,2025-05-30,0.8010033437864018
主动买入率,2025-05-31,0.7952222796452518
主动买入率,2025-06-01,0.7957057856969489
主动买入率,2025-06-02,0.7983814975323507
主动买入率,2025-06-03,0.8069489726321843
主动买入率,2025-06-04,0.8262851059489964
主动买入率,2025-06-05,0.8059834464832638
主动买入率,2025-06-06,0.786052794994291
主动买入率,2025-06-07,0.7856391302656173
主动买入率,2025-06-08,0.7723540468237462
主动买入率,2025-06-09,0.8027660405301932
主动买入率,2025-06-10,0.8027288598622918
主动买入率,2025-06-11,0.8194971902374479
主动买入率,2025-06-12,0.83851499195808
主动买入率,2025-06-13,0.8299705058142
主动买入率,2025-06-14,0.8389397650349042
主动买入率,2025-06-15,0.8512501832903343
主动买入率,2025-06-16,0.8573657989908919
主动买入率,2025-06-17,0.8506275494659975
主动买入率,2025-06-18,0.866027476816662
主动买入率,2025-06-19,0.8744142719301251
主动买入率,2025-06-20,0.8712658856166253
主动买入率,2025-06-21,0.8633304765326185
主动买入率,2025-06-22,0.8719048612604262
主动买入率,2025-06-23,0.9011610803509076
主动买入率,2025-06-24,0.9008936995317208
主动买入率,2025-06-25,0.9033397458848266
主动买入率,2025-06-26,0.9127202253403315
主动买入率,2025-06-27,0.9088681274248358
主动买入率,2025-06-28,0.9052027314394221
主动买入率,2025-06-29,0.9188496703378404
主动买入率,2025-06-30,0.9405736541310347
主动买入率,2025-07-01,0.9163048193840806
主动买入率,2025-07-02,0.9134619484562396
主动买入率,2025-07-03,0.9350684190170769
主动买入率,2025-07-04,0.9470056706977321
主动买入率,2025-07-05,0.9445885319412822
主动买入率,2025-07-06,0.9428229356246941
主动买入率,2025-07-07,0.9449513407685365
主动买入率,2025-07-08,0.9483251033644532
主动买入率,2025-07-09,0.9318040888013404
主动买入率,2025-07-10,0.9242219648016221
主动买入率,2025-07-11,0.9393285684188664
主动买入率,2025-07-12,0.9615588034748618
主动买入率,2025-07-13,0.9645846953202419
主动买入率,2025-07-14,0.9588331839339698
主动买入率,2025-07-15,0.9640193870743471
主动买入率,2025-07-16,0.9616809287840177
主动买入率,2025-07-17,1.0038446022021188
主动买入率,2025-07-18,0.9978619185708597
主动买入率,2025-07-19,0.9946969361852426
主动买入率,2025-07-20,0.9993642567090048
主动买入率,2025-07-21,1.0178282747831677
主动买入率,2025-07-22,1.0125870102045968
主动买入率,2025-07-23,0.9997374824529012
主动买入率,2025-07-24,0.9933832931843058
主动买入率,2025-07-25,0.992133525786319
主动买入率,2025-07-26,0.9979426693142384
主动买入率,2025-07-27,1.0029666478421437
主动买入率,2025-07-28,1.0104132659858382
主动买入率,2025-07-29,1.0018302783356616
主动买入率,2025-07-30,1.0195191095988636
主动买入率,2025-07-31,1.0326211529886375
主动买入率,2025-08-01,1.0427256606515367
主动买入率,2025-08-02,1.042511935777763
主动买入率,2025-08-03,1.0478354356672261
主动买入率,2025-08-04,1.0482094268966609
主动买入率,2025-08-05,1.044949662714121
主动买入率,2025-08-06,1.0523505079521516
主动买入率,2025-08-07,1.0392865346020983
主动买入率,2025-08-08,1.0301466278450913
主动买入率,2025-08-09,1.037499327336972
主动买入率,2025-08-10,1.0766515447637406
主动买入率,2025-08-11,1.0730230610219258
主动买入率,2025-08-12,1.0517352475775343
主动买入率,2025-08-13,1.089541526881666
主动买入率,2025-08-14,1.0985346849887316
主动买入率,2025-08-15,1.0944876793480944
主动买入率,2025-08-16,1.0862461218961446
主动买入率,2025-08-17,1.062211311040116
主动买入率,2025-08-18,1.057112283270443
主动买入率,2025-08-19,1.0618825464069446
主动买入率,2025-08-20,1.0677581427827116
主动买入率,2025-08-21,1.0506293557713686
主动买入率,2025-08-22,1.0569165546803012
主动买入率,2025-08-23,1.0748523237554242
主动买入率,2025-08-24,1.089276427784884
主动买入率,2025-08-25,1.101769531029763
主动买入率,2025-08-26,1.1028907263094998
主动买入率,2025-08-27,1.1043214082749275
主动买入率,2025-08-28,1.105799381272849
主动买入率,2025-08-29,1.09949537220462
主动买入率,2025-08-30,1.0938530532760742
主动买入率,2025-08-31,1.0783861970473312
主动买入率,2025-09-01,1.0698646143508452
主动买入率,2025-09-02,1.0753275886051339
主动买入率,2025-09-03,1.065756298856275
主动买入率,2025-09-04,1.046905847018512
主动买入率,2025-09-05,1.0604981020490876
主动买入率,2025-09-06,1.0539669808796108
主动买入率,2025-09-07,1.0566119982430573
主动买入率,2025-09-08,1.0598660719469875
主动买入率,2025-09-09,1.0681750101213001
主动买入率,2025-09-10,1.0574346171756848
主动买入率,2025-09-11,1.062970872826285
主动买入率,2025-09-12,1.059629311252473
主动买入率,2025-09-13,1.0671724762263566
主动买入率,2025-09-14,1.0720072658520376
主动买入率,2025-09-15,1.0628127703994354
主动买入率,2025-09-16,1.0688870802416028
主动买入率,2025-09-17,1.108042256758401
主动买入率,2025-09-18,1.1105293961724996
主动买入率,2025-09-19,1.1245339138352455
主动买入率,2025-09-20,1.1244411619518082
主动买入率,2025-09-21,1.1044312824345959
主动买入率,2025-09-22,1.1078194823963523
主动买入率,2025-09-23,1.094997470578554
主动买入率,2025-09-24,1.09290893482151
主动买入率,2025-09-25,1.0854335005280258
主动买入率,2025-09-26,1.0931261397264298
主动买入率,2025-09-27,1.0878256778687376
主动买入率,2025-09-28,1.1093471061257465
主动买入率,2025-09-29,1.1234237905059867
主动买入率,2025-09-30,1.1403789653268759
主动买入率,2025-10-01,1.1524540194990656
主动买入率,2025-10-02,1.1656732575478732
主动买入率,2025-10-03,1.172309803144588
主动买入率,2025-10-04,1.189491121058252
主动买入率,2025-10-05,1.1626855827210445
主动买入率,2025-10-06,1.2140025757307622
主动买入率,2025-10-07,1.179802669655668
主动买入率,2025-10-08,1.1804859824067093
主动买入率,2025-10-09,1.325213707690063
主动买入率,2025-10-10,1.3748891410591961
主动买入率,2025-10-11,1.3822387820772872
主动买入率,2025-10-12,1.373396369820117
主动买入率,2025-10-13,1.37458608669915
主动买入率,2025-10-14,1.3757044351016234
主动买入率,2025-10-15,1.3841136916247796
主动买入率,2025-10-16,1.375349330725276
主动买入率,2025-10-17,1.388690310908067
主动买入率,2025-10-18,1.3864265172109744
主动买入率,2025-10-19,1.3716284136314039
主动买入率,2025-10-20,1.403360231679969
主动买入率,2025-10-21,1.4156453381284602
主动买入率,2025-10-22,1.4085783983559075
主动买入率,2025-10-23,1.3811397643669105
主动买入率,2025-10-24,1.3967696066974418
主动买入率,2025-10-25,1.4099238029415446
主动买入率,2025-10-26,1.4071818723094838
主动买入率,2025-10-27,1.4097306529653861
主动买入率,2025-10-28,1.4229469341820649
主动买入率,2025-10-29,1.4235150480202385
主动买入率,2025-10-30,1.425501638910493
主动买入率,2025-10-31,1.4038698254479955
主动买入率,2025-11-01,1.4017471150445382
主动买入率,2025-11-02,1.4121546291366016
主动买入率,2025-11-03,1.40097779054192
主动买入率,2025-11-04,1.4230611465491978
主动买入率,2025-11-05,1.445603484537574
主动买入率,2025-11-06,1.5319274942785421
主动买入率,2025-11-07,1.5339912444195458
主动买入率,2025-11-08,1.54086059203315
主动买入率,2025-11-09,1.393459199492199
主动买入率,2025-11-10,1.4222136848938562
主动买入率,2025-11-11,1.4260228015449352
主动买入率,2025-11-12,1.4351682663150067
主动买入率,2025-11-13,1.4108825371331037
主动买入率,2025-11-14,1.4014444338201564
主动买入率,2025-11-15,1.4157215903018892
主动买入率,2025-11-16,1.4227144981761397
主动买入率,2025-11-17,1.4275247160825686
主动买入率,2025-11-18,1.4436381243752223
主动买入率,2025-11-19,1.409976508781596
主动买入率,2025-11-20,1.3509655332463324
主动买入率,2025-11-21,1.3478985465684137
主动买入率,2025-11-22,1.342276253833513
主动买入率,2025-11-23,1.3663355018135166
主动买入率,2025-11-24,1.3554861317332154
主动买入率,2025-11-25,1.361583491356752
主动买入率,2025-11-26,1.378824392375495
主动买入率,2025-11-27,1.3665227988388966
主动买入率,2025-11-28,1.35398720801177
主动买入率,2025-11-29,1.3608347245818209
主动买入率,2025-11-30,1.380810675640751
主动买入率,2025-12-01,1.3803571145121931
主动买入率,2025-12-02,1.3872882829138293
主动买入率,2025-12-03,1.405115892236057
主动买入率,2025-12-04,1.4042775767818885
主动买入率,2025-12-05,1.4307342758579114
主动买入率,2025-12-06,1.4357596085030508
主动买入率,2025-12-07,1.4048656295751538
主动买入率,2025-12-08,1.4048659456207557
主动买入率,2025-12-09,1.3820199238273911
主动买入率,2025-12-10,1.351159995444876
主动买入率,2025-12-11,1.3664345944824379
主动买入率,2025-12-12,1.3753929318398863
主动买入率,2025-12-13,1.345033280494142
主动买入率,2025-12-14,1.3417310733293686
主动买入率,2025-12-15,1.3539909623477706
主动买入率,2025-12-16,1.3619194435529491
主动买入率,2025-12-17,1.3855637073012943
主动买入率,2025-12-18,1.368306716813468
主动买入率,2025-12-19,1.3408532889637463
主动买入率,2025-12-20,1.3399549932968489
主动买入率,2025-12-21,1.3178567013323383
主动买入率,2025-12-22,1.3299726951274986
主动买入率,2025-12-23,1.324657671447272
主动买入率,2025-12-24,1.3160543890369933
主动买入率,2025-12-25,1.3484046231313522
主动买入率,2025-12-26,1.3408338592728513
主动买入率,2025-12-27,1.332274737719335
主动买入率,2025-12-28,1.3196027006908229
主动买入率,2025-12-29,1.3077610347523567
主动买入率,2025-12-30,1.2823194771488229
主动买入率,2025-12-31,1.2209403782087749
主动买入率,2026-01-01,1.2329412475456525
主动买入率,2026-01-02,1.2236881313844716
主动买入率,2026-01-03,1.2534297328062696
主动买入率,2026-01-04,1.219431133952317
主动买入率,2026-01-05,1.2108732548527894
主动买入率,2026-01-06,1.2344194806532813
主动买入率,2026-01-07,1.2265489982451074
主动买入率,2026-01-08,1.2160999189536803
主动买入率,2026-01-09,1.2202231468120146
主动买入率,2026-01-10,1.2063501332630724
主动买入率,2026-01-11,1.210436841470588
主动买入率,2026-01-12,1.217798022288362
主动买入率,2026-01-13,1.2283244192012686
主动买入率,2026-01-14,1.279646501752417
主动买入率,2026-01-15,1.264715851431454
主动买入率,2026-01-16,1.2764102677019795
主动买入率,2026-01-17,1.2872788118935363
主动买入率,2026-01-18,1.2657035529318024
主动买入率,2026-01-19,1.2580919087587494
主动买入率,2026-01-20,1.2430342162902117
主动买入率,2026-01-21,1.2609313584883954
主动买入率,2026-01-22,1.248726221760295
主动买入率,2026-01-23,1.2470247930840654
主动买入率,2026-01-24,1.2635203248411835
主动买入率,2026-01-25,1.2745057684089407
主动买入率,2026-01-26,1.2580589683138872
主动买入率,2026-01-27,1.2593754907011412
主动买入率,2026-01-28,1.2638627940198277
主动买入率,2026-01-29,1.279800625129515
主动买入率,2026-01-30,1.2763016218750718
主动买入率,2026-01-31,1.2891873055916314
主动买入率,2026-02-01,1.2923994629249227
主动买入率,2026-02-02,1.2927209444454522
主动买入率,2026-02-03,1.3230172868946182
主动买入率,2026-02-04,1.3480286568890407
主动买入率,2026-02-05,1.3105864336468878
主动买入率,2026-02-06,1.3283777340617178
主动买入率,2026-02-07,1.3219002907019424
主动买入率,2026-02-08,1.3177627506789573
主动买入率,2026-02-09,1.3241736331158453
主动买入率,2026-02-10,1.314505115480959
主动买入率,2026-02-11,1.3435025809660408
主动买入率,2026-02-12,1.3091152978232383
主动买入率,2026-02-13,1.2994158756540952
主动买入率,2026-02-14,1.319449432988181
主动买入率,2026-02-15,1.3255494570006277
主动买入率,2026-02-16,1.3261444536898632
主动买入率,2026-02-17,1.3370737481968724
主动买入率,2026-02-18,1.350883855870967
主动买入率,2026-02-19,1.3281609466821636
主动买入率,2026-02-20,1.32420367059957
主动买入率,2026-02-21,1.3338002276645027
主动买入率,2026-02-22,1.3119703985658349
主动买入率,2026-02-23,1.3237981301484198
主动买入率,2026-02-24,1.3604755861364106
主动买入率,2026-02-25,1.3657856186410373
主动买入率,2026-02-26,1.3455367411046444
主动买入率,2026-02-27,1.3405918384912883
主动买入率,2026-02-28,1.341636505300586
主动买入率,2026-03-01,1.301734058942628
主动买入率,2026-03-02,1.2891736178152928
主动买入率,2026-03-03,1.28393584087478
主动买入率,2026-03-04,1.2937128812714904
主动买入率,2026-03-05,1.312145662938183
主动买入率,2026-03-06,1.3156087898000433
主动买入率,2026-03-07,1.3282399462096015
主动买入率,2026-03-08,1.3111270633218464
主动买入率,2026-03-09,1.2731363939370997
主动买入率,2026-03-10,1.2929604922352764
主动买入率,2026-03-11,1.2739625591476214
主动买入率,2026-03-12,1.277963690866599
主动买入率,2026-03-13,1.2990137124416696
主动买入率,2026-03-14,1.2899052144150684
主动买入率,2026-03-15,1.2316444496043764
主动买入率,2026-03-16,1.2438944451929814
主动买入率,2026-03-17,1.2655948631185017
主动买入率,2026-03-18,1.2736038692818612
主动买入率,2026-03-19,1.2722870383301141
主动买入率,2026-03-20,1.280139433529425
主动买入率,2026-03-21,1.2874471495986652
主动买入率,2026-03-22,1.2762173818932752
主动买入率,2026-03-23,1.2787284011985296
主动买入率,2026-03-24,1.2773627690615073
主动买入率,2026-03-25,1.2981783581713373
主动买入率,2026-03-26,1.2844970942699363
主动买入率,2026-03-27,1.2976199509091109
主动买入率,2026-03-28,1.2857821627453716
主动买入率,2026-03-29,1.2944027926696124
主动买入率,2026-03-30,1.293680795513685
主动买入率,2026-03-31,1.2930537983318429
主动买入率,2026-04-01,1.2895631541386048
主动买入率,2026-04-02,1.309524556097279
主动买入率,2026-04-03,1.3152469428798101
主动买入率,2026-04-04,1.3039294294657047
主动买入率,2026-04-05,1.319648046151809
主动买入率,2026-04-06,1.3005816171425777
主动买入率,2026-04-07,1.3557303951022162
主动买入率,2026-04-08,1.3811720094680915
主动买入率,2026-04-09,1.3801821427159744
主动买入率,2026-04-10,1.3683252439858073
主动买入率,2026-04-11,1.3898397133752103
主动买入率,2026-04-12,1.3333656108749408
主动买入率,2026-04-13,1.3379406175990571
主动买入率,2026-04-14,1.3258130160932389
主动买入率,2026-04-15,1.2968267222468242
主动买入率,2026-04-16,1.2970085566115777
主动买入率,2026-04-17,1.320490656305855
主动买入率,2026-04-18,1.3513612080214397
主动买入率,2026-04-19,1.3531993676878207
主动买入率,2026-04-20,1.3594888436553068
主动买入率,2026-04-21,1.351369359160366
主动买入率,2026-04-22,1.34746806330328
主动买入率,2026-04-23,1.3398166075423092
主动买入率,2026-04-24,1.3340980724287135
主动买入率,2026-04-25,1.336470751803643
主动买入率,2026-04-26,1.3369564174178903
主动买入率,2026-04-27,1.3268333291700332
主动买入率,2026-04-28,1.340433116143095
主动买入率,2026-04-29,1.3463851372342355
主动买入率,2026-04-30,1.3481614499396781
主动买入率,2026-05-01,1.3375180275005196
主动买入率,2026-05-02,1.3368576079329135
主动买入率,2026-05-03,1.3327974791891557
主动买入率,2026-05-04,1.3340369114078892
主动买入率,2026-05-05,1.3873186391798054
主动买入率,2026-05-06,1.4045798544390533
主动买入率,2026-05-07,1.4422599255131228
主动买入率,2026-05-08,1.4452121116973837
主动买入率,2026-05-09,1.4357110922306873
主动买入率,2026-05-10,1.4576823674470456
主动买入率,2026-05-11,1.445628063643015
主动买入率,2026-05-12,1.4577728728417287
主动买入率,2026-05-13,1.4491421093926038
主动买入率,2026-05-14,1.4760393690350069
主动买入率,2026-05-15,1.4927500587415727
主动买入率,2026-05-16,1.5095712292597918
主动买入率,2026-05-17,1.4860016265629319
主动买入率,2026-05-18,1.491369316338863
主动买入率,2026-05-19,1.4871294884146886
主动买入率,2026-05-20,1.4950299720094649
主动买入率,2026-05-21,1.4981692937207316
主动买入率,2026-05-22,1.4983648425975755
主动买入率,2026-05-23,1.4936382360140494
主动买入率,2026-05-24,1.545354471361518
主动买入率,2026-05-25,1.527332032814092
主动买入率,2026-05-26,1.4692184882096895
主动买入率,2026-05-27,1.4024545778190585
主动买入率,2026-05-28,1.3097808760233747
主动买入率,2026-05-29,1.2837995711252723
主动买入率,2026-05-30,1.287134601979441
大额主动买,2024-06-02,0.9963325534878855
大额主动买,2024-06-03,1.0018822473449827
大额主动买,2024-06-04,0.9972693024489218
大额主动买,2024-06-05,1.0070115960997785
大额主动买,2024-06-06,1.0302601481416833
大额主动买,2024-06-07,1.0381097634106038
大额主动买,2024-06-08,1.0370637180793145
大额主动买,2024-06-09,1.0361089637398435
大额主动买,2024-06-10,1.0445760397800246
大额主动买,2024-06-11,1.0377149709306221
大额主动买,2024-06-12,1.0376826949807023
大额主动买,2024-06-13,1.047995166946178
大额主动买,2024-06-14,1.0693965364268108
大额主动买,2024-06-15,1.0705884904268341
大额主动买,2024-06-16,1.0328742704197562
大额主动买,2024-06-17,1.0231808212042923
大额主动买,2024-06-18,1.0308201224749078
大额主动买,2024-06-19,1.025841629971468
大额主动买,2024-06-20,1.0461263570462742
大额主动买,2024-06-21,1.034025810390463
大额主动买,2024-06-22,1.0319854069273284
大额主动买,2024-06-23,1.0006516253766469
大额主动买,2024-06-24,0.9868651932237968
大额主动买,2024-06-25,0.9592060452173273
大额主动买,2024-06-26,0.9483907015150748
大额主动买,2024-06-27,0.9467326972916108
大额主动买,2024-06-28,0.9418489216220456
大额主动买,2024-06-29,0.9414477990516691
大额主动买,2024-06-30,0.9428732950833604
大额主动买,2024-07-01,0.9411864074635438
大额主动买,2024-07-02,0.9526787821653625
大额主动买,2024-07-03,0.9593126948134937
大额主动买,2024-07-04,0.9849514868666083
大额主动买,2024-07-05,0.9910118906183132
大额主动买,2024-07-06,0.9856316234927865
大额主动买,2024-07-07,0.9897277115158423
大额主动买,2024-07-08,0.9977882693608764
大额主动买,2024-07-09,0.9950836064992356
大额主动买,2024-07-10,0.9912409805418804
大额主动买,2024-07-11,0.9877140200883884
大额主动买,2024-07-12,0.9634607371360898
大额主动买,2024-07-13,0.9515765635534433
大额主动买,2024-07-14,0.9683981332220699
大额主动买,2024-07-15,0.9709834880968516
大额主动买,2024-07-16,0.9702926633217245
大额主动买,2024-07-17,0.9826994479730664
大额主动买,2024-07-18,0.9760340374874485
大额主动买,2024-07-19,0.9695040330754517
大额主动买,2024-07-20,0.9671252476259046
大额主动买,2024-07-21,0.9746817310691995
大额主动买,2024-07-22,0.969210579140156
大额主动买,2024-07-23,0.9364949900462118
大额主动买,2024-07-24,0.9110845897643535
大额主动买,2024-07-25,0.9263514720767055
大额主动买,2024-07-26,0.9215038461002939
大额主动买,2024-07-27,0.9141332393892151
大额主动买,2024-07-28,0.9299021895905395
大额主动买,2024-07-29,0.9237933475081297
大额主动买,2024-07-30,0.9274397642888597
大额主动买,2024-07-31,0.9443826129826983
大额主动买,2024-08-01,0.9518598120775235
大额主动买,2024-08-02,0.9444615299694277
大额主动买,2024-08-03,0.9226352572012586
大额主动买,2024-08-04,0.9433347588889139
大额主动买,2024-08-05,0.9534520694760117
大额主动买,2024-08-06,0.9481556260488845
大额主动买,2024-08-07,0.9962547061051769
大额主动买,2024-08-08,1.0063397362273907
大额主动买,2024-08-09,1.0061687504742889
大额主动买,2024-08-10,0.9960061872513866
大额主动买,2024-08-11,1.0100559099700384
大额主动买,2024-08-12,1.0194049527073503
大额主动买,2024-08-13,1.0040342599535144
大额主动买,2024-08-14,1.011583263196991
大额主动买,2024-08-15,1.0169597937992045
大额主动买,2024-08-16,1.0254186063685855
大额主动买,2024-08-17,1.0141992301932212
大额主动买,2024-08-18,1.014172872545079
大额主动买,2024-08-19,1.033347336240777
大额主动买,2024-08-20,1.029379047295415
大额主动买,2024-08-21,1.035010948450031
大额主动买,2024-08-22,1.0412042805488206
大额主动买,2024-08-23,1.0344537599264192
大额主动买,2024-08-24,1.0539573568282077
大额主动买,2024-08-25,1.055993145920125
大额主动买,2024-08-26,1.0381511396816068
大额主动买,2024-08-27,1.0164899739557502
大额主动买,2024-08-28,0.9994500074010808
大额主动买,2024-08-29,0.987254760391609
大额主动买,2024-08-30,0.9729246635255389
大额主动买,2024-08-31,0.9682840675191179
大额主动买,2024-09-01,0.9866787918578029
大额主动买,2024-09-02,0.9643470078920201
大额主动买,2024-09-03,1.0113862135380614
大额主动买,2024-09-04,1.0053557823825086
大额主动买,2024-09-05,1.0052334479637317
大额主动买,2024-09-06,0.9916273362179173
大额主动买,2024-09-07,0.9843058003311409
大额主动买,2024-09-08,0.9742774881407501
大额主动买,2024-09-09,0.9723761390386001
大额主动买,2024-09-10,0.9702709190025449
大额主动买,2024-09-11,0.961650093757136
大额主动买,2024-09-12,0.956352699050961
大额主动买,2024-09-13,0.9455019838693692
大额主动买,2024-09-14,0.9525716113368834
大额主动买,2024-09-15,0.9509896046717177
大额主动买,2024-09-16,0.9633611450807862
大额主动买,2024-09-17,0.9795342332479392
大额主动买,2024-09-18,1.0002490590058162
大额主动买,2024-09-19,1.0006920085213622
大额主动买,2024-09-20,1.033418310096652
大额主动买,2024-09-21,1.0548924936467778
大额主动买,2024-09-22,1.0666329732410258
大额主动买,2024-09-23,1.052866720263762
大额主动买,2024-09-24,1.0344733283851169
大额主动买,2024-09-25,1.0454334711556783
大额主动买,2024-09-26,1.0396012853333276
大额主动买,2024-09-27,1.0281998500386555
大额主动买,2024-09-28,1.0165051033358004
大额主动买,2024-09-29,1.0374338512727288
大额主动买,2024-09-30,1.0338488640050425
大额主动买,2024-10-01,1.0598890386794888
大额主动买,2024-10-02,1.0631611992183954
大额主动买,2024-10-03,1.0854600863383788
大额主动买,2024-10-04,1.0630525171520446
大额主动买,2024-10-05,1.0663803995566952
大额主动买,2024-10-06,1.0833278904818782
大额主动买,2024-10-07,1.0886774951216702
大额主动买,2024-10-08,1.0737025030820166
大额主动买,2024-10-09,1.0872198279875853
大额主动买,2024-10-10,1.055217561035115
大额主动买,2024-10-11,1.0898544686423253
大额主动买,2024-10-12,1.0914878417111353
大额主动买,2024-10-13,1.1266862535746087
大额主动买,2024-10-14,1.11942831098853
大额主动买,2024-10-15,1.1079438668545305
大额主动买,2024-10-16,1.1143413471600818
大额主动买,2024-10-17,1.1146127825643282
大额主动买,2024-10-18,1.1046394996885212
大额主动买,2024-10-19,1.0989345359165983
大额主动买,2024-10-20,1.0917957802995288
大额主动买,2024-10-21,1.0834979739806987
大额主动买,2024-10-22,1.089803694624456
大额主动买,2024-10-23,1.0978504565758418
大额主动买,2024-10-24,1.104197320123401
大额主动买,2024-10-25,1.1334974620497973
大额主动买,2024-10-26,1.1275796598643004
大额主动买,2024-10-27,1.137174493959903
大额主动买,2024-10-28,1.1208651141632449
大额主动买,2024-10-29,1.116543030107243
大额主动买,2024-10-30,1.1050920424281303
大额主动买,2024-10-31,1.10470127827198
大额主动买,2024-11-01,1.104916724773452
大额主动买,2024-11-02,1.1047690153251146
大额主动买,2024-11-03,1.0930392893296275
大额主动买,2024-11-04,1.096175603630417
大额主动买,2024-11-05,1.1295489559923064
大额主动买,2024-11-06,1.1204281890439907
大额主动买,2024-11-07,1.1057205693142882
大额主动买,2024-11-08,1.1059908225349617
大额主动买,2024-11-09,1.0897423928673091
大额主动买,2024-11-10,1.121112876518564
大额主动买,2024-11-11,1.048802066645969
大额主动买,2024-11-12,1.0887670348644902
大额主动买,2024-11-13,1.0741001458284052
大额主动买,2024-11-14,1.1120222131735085
大额主动买,2024-11-15,1.1797398042987217
大额主动买,2024-11-16,1.151785214235426
大额主动买,2024-11-17,1.1512091402401698
大额主动买,2024-11-18,1.1628326820761317
大额主动买,2024-11-19,1.2319670268711171
大额主动买,2024-11-20,1.2679257899944065
大额主动买,2024-11-21,1.2725043235724176
大额主动买,2024-11-22,1.4005076108937304
大额主动买,2024-11-23,1.3923060104773715
大额主动买,2024-11-24,1.430861365099655
大额主动买,2024-11-25,1.3865040273791875
大额主动买,2024-11-26,1.483916595148032
大额主动买,2024-11-27,1.4173645144003657
大额主动买,2024-11-28,1.3912623324748734
大额主动买,2024-11-29,1.3918261608681692
大额主动买,2024-11-30,1.3790813667217423
大额主动买,2024-12-01,1.2667454856570126
大额主动买,2024-12-02,1.4303694544250356
大额主动买,2024-12-03,1.368525503458027
大额主动买,2024-12-04,1.339698969972771
大额主动买,2024-12-05,1.356658082322886
大额主动买,2024-12-06,1.3702283933680137
大额主动买,2024-12-07,1.3742089915001592
大额主动买,2024-12-08,1.4360948974780348
大额主动买,2024-12-09,1.425207203169255
大额主动买,2024-12-10,1.433914676118042
大额主动买,2024-12-11,1.4576769903472835
大额主动买,2024-12-12,1.4658803193098324
大额主动买,2024-12-13,1.4506635440566034
大额主动买,2024-12-14,1.4436937834426498
大额主动买,2024-12-15,1.4628497611606608
大额主动买,2024-12-16,1.477408331565354
大额主动买,2024-12-17,1.520559709259126
大额主动买,2024-12-18,1.5628498179478298
大额主动买,2024-12-19,1.538659063450249
大额主动买,2024-12-20,1.4767527375530065
大额主动买,2024-12-21,1.5000158677735382
大额主动买,2024-12-22,1.5332346689320913
大额主动买,2024-12-23,1.5402992118649947
大额主动买,2024-12-24,1.5477940228513043
大额主动买,2024-12-25,1.5510470358543706
大额主动买,2024-12-26,1.5568987300503099
大额主动买,2024-12-27,1.5705703431441866
大额主动买,2024-12-28,1.5918929325957496
大额主动买,2024-12-29,1.6036051496570527
大额主动买,2024-12-30,1.5849729598797153
大额主动买,2024-12-31,1.5329110536808612
大额主动买,2025-01-01,1.5264548455425384
大额主动买,2025-01-02,1.481466135923323
大额主动买,2025-01-03,1.464822027028693
大额主动买,2025-01-04,1.4448902003396877
大额主动买,2025-01-05,1.4509125613992404
大额主动买,2025-01-06,1.4666260085626015
大额主动买,2025-01-07,1.4537425721819346
大额主动买,2025-01-08,1.43575500368949
大额主动买,2025-01-09,1.4373990215942898
大额主动买,2025-01-10,1.433181053319669
大额主动买,2025-01-11,1.433197428114656
大额主动买,2025-01-12,1.4473613219979073
大额主动买,2025-01-13,1.4324041565412111
大额主动买,2025-01-14,1.3919501819192128
大额主动买,2025-01-15,1.3520473062287583
大额主动买,2025-01-16,1.2998344660458525
大额主动买,2025-01-17,1.3106284697535966
大额主动买,2025-01-18,1.3389286074834037
大额主动买,2025-01-19,1.2894717717977964
大额主动买,2025-01-20,1.2976445569406063
大额主动买,2025-01-21,1.3021113515374736
大额主动买,2025-01-22,1.2695892442100336
大额主动买,2025-01-23,1.278505141180216
大额主动买,2025-01-24,1.265111070649432
大额主动买,2025-01-25,1.2570299160118115
大额主动买,2025-01-26,1.2671761943201147
大额主动买,2025-01-27,1.2439071750253954
大额主动买,2025-01-28,1.2597121373118159
大额主动买,2025-01-29,1.270413745685691
大额主动买,2025-01-30,1.2625490170105726
大额主动买,2025-01-31,1.2503074425764082
大额主动买,2025-02-01,1.2404774383533352
大额主动买,2025-02-02,1.2810777667455955
大额主动买,2025-02-03,1.2946181314247367
大额主动买,2025-02-04,1.2856919961539952
大额主动买,2025-02-05,1.2511776413658224
大额主动买,2025-02-06,1.249451178166516
大额主动买,2025-02-07,1.2565574706183833
大额主动买,2025-02-08,1.2566621352966643
大额主动买,2025-02-09,1.2674483825805314
大额主动买,2025-02-10,1.2655739322098938
大额主动买,2025-02-11,1.290570107622295
大额主动买,2025-02-12,1.2949266111832225
大额主动买,2025-02-13,1.2834351645653257
大额主动买,2025-02-14,1.2875393597251772
大额主动买,2025-02-15,1.2766199426419078
大额主动买,2025-02-16,1.2980765985412561
大额主动买,2025-02-17,1.30429146281092
大额主动买,2025-02-18,1.3222673249324726
大额主动买,2025-02-19,1.2750128460303665
大额主动买,2025-02-20,1.2670137119584486
大额主动买,2025-02-21,1.2667879176227541
大额主动买,2025-02-22,1.2718936591582275
大额主动买,2025-02-23,1.2813189080875345
大额主动买,2025-02-24,1.2575438748414887
大额主动买,2025-02-25,1.2976742449692538
大额主动买,2025-02-26,1.3008880472561315
大额主动买,2025-02-27,1.298225077699604
大额主动买,2025-02-28,1.2731499749422093
大额主动买,2025-03-01,1.2268746249146023
大额主动买,2025-03-02,1.2360872391308348
大额主动买,2025-03-03,1.2187958705689017
大额主动买,2025-03-04,1.2630565761086385
大额主动买,2025-03-05,1.2673856498326097
大额主动买,2025-03-06,1.2774137064288533
大额主动买,2025-03-07,1.2780453636235791
大额主动买,2025-03-08,1.3112108840653238
大额主动买,2025-03-09,1.3355607750094847
大额主动买,2025-03-10,1.2966274644818538
大额主动买,2025-03-11,1.2722384452986755
大额主动买,2025-03-12,1.2493123553568588
大额主动买,2025-03-13,1.22246089229086
大额主动买,2025-03-14,1.2413545456512975
大额主动买,2025-03-15,1.2382162116012168
大额主动买,2025-03-16,1.2530806436297814
大额主动买,2025-03-17,1.2528302482637699
大额主动买,2025-03-18,1.2199278568000567
大额主动买,2025-03-19,1.2311919479949014
大额主动买,2025-03-20,1.223877994077065
大额主动买,2025-03-21,1.227077178645638
大额主动买,2025-03-22,1.209550226815516
大额主动买,2025-03-23,1.1990689014186826
大额主动买,2025-03-24,1.1966746580691658
大额主动买,2025-03-25,1.1789407933495042
大额主动买,2025-03-26,1.1835917544379801
大额主动买,2025-03-27,1.181613289782373
大额主动买,2025-03-28,1.1786577595806944
大额主动买,2025-03-29,1.1698112051158904
大额主动买,2025-03-30,1.1661369306087983
大额主动买,2025-03-31,1.1459503068561803
大额主动买,2025-04-01,1.1493484759383574
大额主动买,2025-04-02,1.1581125746223435
大额主动买,2025-04-03,1.144408346170789
大额主动买,2025-04-04,1.158992073575531
大额主动买,2025-04-05,1.1688438456239076
大额主动买,2025-04-06,1.1694424755277282
大额主动买,2025-04-07,1.170109131847209
大额主动买,2025-04-08,1.1863619674625452
大额主动买,2025-04-09,1.183231572750094
大额主动买,2025-04-10,1.1823361379229411
大额主动买,2025-04-11,1.1783948324648308
大额主动买,2025-04-12,1.1903754678584006
大额主动买,2025-04-13,1.1740769932221542
大额主动买,2025-04-14,1.1845607127212523
大额主动买,2025-04-15,1.1922604650153588
大额主动买,2025-04-16,1.2073229748695125
大额主动买,2025-04-17,1.1865665215999346
大额主动买,2025-04-18,1.1926991465352736
大额主动买,2025-04-19,1.1988992132422938
大额主动买,2025-04-20,1.213292894713263
大额主动买,2025-04-21,1.2198902804882366
大额主动买,2025-04-22,1.2311540588216114
大额主动买,2025-04-23,1.1932460866635444
大额主动买,2025-04-24,1.201676508383378
大额主动买,2025-04-25,1.1997012486046008
大额主动买,2025-04-26,1.1868481274416187
大额主动买,2025-04-27,1.1905245219563148
大额主动买,2025-04-28,1.1866779143590922
大额主动买,2025-04-29,1.1643317833700417
大额主动买,2025-04-30,1.1330681787017056
大额主动买,2025-05-01,1.1284470359620518
大额主动买,2025-05-02,1.1180084630002474
大额主动买,2025-05-03,1.1306325139789175
大额主动买,2025-05-04,1.1253812779308725
大额主动买,2025-05-05,1.1333713448263156
大额主动买,2025-05-06,1.1353211359432283
大额主动买,2025-05-07,1.168109645511588
大额主动买,2025-05-08,1.1448727572612123
大额主动买,2025-05-09,1.0738732591321898
大额主动买,2025-05-10,1.1034810571878801
大额主动买,2025-05-11,1.1070390505117134
大额主动买,2025-05-12,1.0870264097088194
大额主动买,2025-05-13,1.0914461833074798
大额主动买,2025-05-14,1.1007906719197578
大额主动买,2025-05-15,1.1072187681546084
大额主动买,2025-05-16,1.119276926951049
大额主动买,2025-05-17,1.11819499270154
大额主动买,2025-05-18,1.1483987620903546
大额主动买,2025-05-19,1.1574931901199497
大额主动买,2025-05-20,1.1376993081186435
大额主动买,2025-05-21,1.1413965853444874
大额主动买,2025-05-22,1.1678119984023385
大额主动买,2025-05-23,1.1785026541282775
大额主动买,2025-05-24,1.175718821053934
大额主动买,2025-05-25,1.1644000442443156
大额主动买,2025-05-26,1.167230553128623
大额主动买,2025-05-27,1.1487277628002777
大额主动买,2025-05-28,1.156822696500211
大额主动买,2025-05-29,1.1009507235949112
大额主动买,2025-05-30,1.1122351208008212
大额主动买,2025-05-31,1.1055187531415884
大额主动买,2025-06-01,1.1028801968946336
大额主动买,2025-06-02,1.116069370738654
大额主动买,2025-06-03,1.1283238934253201
大额主动买,2025-06-04,1.153875275287758
大额主动买,2025-06-05,1.1329449122967086
大额主动买,2025-06-06,1.108140765651663
大额主动买,2025-06-07,1.1113783026025572
大额主动买,2025-06-08,1.1008740305234979
大额主动买,2025-06-09,1.0722305325150794
大额主动买,2025-06-10,1.0706929410648727
大额主动买,2025-06-11,1.090622852371722
大额主动买,2025-06-12,1.1023651374987904
大额主动买,2025-06-13,1.0992817485592092
大额主动买,2025-06-14,1.10034168350726
大额主动买,2025-06-15,1.1113429688168082
大额主动买,2025-06-16,1.1171106646695923
大额主动买,2025-06-17,1.1177923867750317
大额主动买,2025-06-18,1.1386122348881489
大额主动买,2025-06-19,1.1503271966084474
大额主动买,2025-06-20,1.1309749015232011
大额主动买,2025-06-21,1.1192449546610903
大额主动买,2025-06-22,1.1329133072759097
大额主动买,2025-06-23,1.1726756652691146
大额主动买,2025-06-24,1.1656517733613847
大额主动买,2025-06-25,1.16881667313891
大额主动买,2025-06-26,1.1773154145137723
大额主动买,2025-06-27,1.1742661149461782
大额主动买,2025-06-28,1.1736144397648927
大额主动买,2025-06-29,1.1786367741303923
大额主动买,2025-06-30,1.199269135741365
大额主动买,2025-07-01,1.1589717321361508
大额主动买,2025-07-02,1.1520725714079898
大额主动买,2025-07-03,1.1795295129155088
大额主动买,2025-07-04,1.1967810351861692
大额主动买,2025-07-05,1.1879838096698399
大额主动买,2025-07-06,1.1874454744821694
大额主动买,2025-07-07,1.1852485316333354
大额主动买,2025-07-08,1.20450933958357
大额主动买,2025-07-09,1.2061288349378871
大额主动买,2025-07-10,1.2133040081777882
大额主动买,2025-07-11,1.2329759037048338
大额主动买,2025-07-12,1.2189610246680398
大额主动买,2025-07-13,1.2206913406845816
大额主动买,2025-07-14,1.2176118940365976
大额主动买,2025-07-15,1.2385681539532414
大额主动买,2025-07-16,1.23158163970524
大额主动买,2025-07-17,1.269816146670351
大额主动买,2025-07-18,1.2401719073486737
大额主动买,2025-07-19,1.238195074872333
大额主动买,2025-07-20,1.2249957123574633
大额主动买,2025-07-21,1.2329277856251053
大额主动买,2025-07-22,1.2234321572827331
大额主动买,2025-07-23,1.2012943690758444
大额主动买,2025-07-24,1.185266653787447
大额主动买,2025-07-25,1.1930466529620067
大额主动买,2025-07-26,1.1930872479617325
大额主动买,2025-07-27,1.1996366633550752
大额主动买,2025-07-28,1.2086278720305486
大额主动买,2025-07-29,1.205260457930002
大额主动买,2025-07-30,1.2278711342322157
大额主动买,2025-07-31,1.2395298242324493
大额主动买,2025-08-01,1.2564932822059727
大额主动买,2025-08-02,1.2575203166055338
大额主动买,2025-08-03,1.264190808957824
大额主动买,2025-08-04,1.2666617475765118
大额主动买,2025-08-05,1.2674666269371047
大额主动买,2025-08-06,1.2686093307773747
大额主动买,2025-08-07,1.2540408071955538
大额主动买,2025-08-08,1.2456169717595913
大额主动买,2025-08-09,1.2548192450530138
大额主动买,2025-08-10,1.2914465622403404
大额主动买,2025-08-11,1.2757527875703356
大额主动买,2025-08-12,1.2504429984991716
大额主动买,2025-08-13,1.2953921407515048
大额主动买,2025-08-14,1.3072883285006134
大额主动买,2025-08-15,1.2897121729581347
大额主动买,2025-08-16,1.2828271209198765
大额主动买,2025-08-17,1.268903726517407
大额主动买,2025-08-18,1.2677837285924671
大额主动买,2025-08-19,1.2861428394493954
大额主动买,2025-08-20,1.2781165193595263
大额主动买,2025-08-21,1.267248914179862
大额主动买,2025-08-22,1.2891930841239148
大额主动买,2025-08-23,1.2955824334203843
大额主动买,2025-08-24,1.3033914480363227
大额主动买,2025-08-25,1.3095703718866956
大额主动买,2025-08-26,1.3210853950024781
大额主动买,2025-08-27,1.3252838926815393
大额主动买,2025-08-28,1.3204302296142214
大额主动买,2025-08-29,1.3170090508619414
大额主动买,2025-08-30,1.3103321495422495
大额主动买,2025-08-31,1.2893642217524381
大额主动买,2025-09-01,1.2832645563244738
大额主动买,2025-09-02,1.292282230825023
大额主动买,2025-09-03,1.2793006941169398
大额主动买,2025-09-04,1.256791783732257
大额主动买,2025-09-05,1.2720593313973765
大额主动买,2025-09-06,1.2685678131043376
大额主动买,2025-09-07,1.263752947324528
大额主动买,2025-09-08,1.2583440855565682
大额主动买,2025-09-09,1.2728819649935714
大额主动买,2025-09-10,1.2485105116232196
大额主动买,2025-09-11,1.2468861142491492
大额主动买,2025-09-12,1.2430910842372254
大额主动买,2025-09-13,1.2732220051439873
大额主动买,2025-09-14,1.2789902953489842
大额主动买,2025-09-15,1.2869382690606617
大额主动买,2025-09-16,1.3010227775448173
大额主动买,2025-09-17,1.319228444051332
大额主动买,2025-09-18,1.32515458057029
大额主动买,2025-09-19,1.3408964436815656
大额主动买,2025-09-20,1.344166067929059
大额主动买,2025-09-21,1.3203805125706685
大额主动买,2025-09-22,1.3205918015217066
大额主动买,2025-09-23,1.3078821146403148
大额主动买,2025-09-24,1.2689108390300006
大额主动买,2025-09-25,1.2614506103654501
大额主动买,2025-09-26,1.2595178669857792
大额主动买,2025-09-27,1.2546035466334604
大额主动买,2025-09-28,1.2800075538211055
大额主动买,2025-09-29,1.2868407733483778
大额主动买,2025-09-30,1.3003696641593039
大额主动买,2025-10-01,1.304859672140137
大额主动买,2025-10-02,1.3138671247892426
大额主动买,2025-10-03,1.3160723008816548
大额主动买,2025-10-04,1.3225541276894333
大额主动买,2025-10-05,1.29516664918002
大额主动买,2025-10-06,1.3504124887158175
大额主动买,2025-10-07,1.3263258768304553
大额主动买,2025-10-08,1.3202431233800538
大额主动买,2025-10-09,1.4671581802583242
大额主动买,2025-10-10,1.5189814857716584
大额主动买,2025-10-11,1.525141139911725
大额主动买,2025-10-12,1.5095623949971286
大额主动买,2025-10-13,1.5061383799340566
大额主动买,2025-10-14,1.5020660040002987
大额主动买,2025-10-15,1.5220269244743032
大额主动买,2025-10-16,1.513020133595261
大额主动买,2025-10-17,1.527319301448594
大额主动买,2025-10-18,1.5215399967232976
大额主动买,2025-10-19,1.5035752342143762
大额主动买,2025-10-20,1.5352789147985482
大额主动买,2025-10-21,1.5447788183370694
大额主动买,2025-10-22,1.5387304937571542
大额主动买,2025-10-23,1.5106482634229779
大额主动买,2025-10-24,1.5221765998493362
大额主动买,2025-10-25,1.5293687272571046
大额主动买,2025-10-26,1.5322341554350773
大额主动买,2025-10-27,1.5462011917533731
大额主动买,2025-10-28,1.545280193816479
大额主动买,2025-10-29,1.5755350500554195
大额主动买,2025-10-30,1.5774388766580552
大额主动买,2025-10-31,1.554204436915936
大额主动买,2025-11-01,1.5518544142375241
大额主动买,2025-11-02,1.5795145215668447
大额主动买,2025-11-03,1.5775594352698081
大额主动买,2025-11-04,1.5948005309140885
大额主动买,2025-11-05,1.6264337224585956
大额主动买,2025-11-06,1.7277264507454098
大额主动买,2025-11-07,1.7842058293671845
大额主动买,2025-11-08,1.7662664343969805
大额主动买,2025-11-09,1.7465748938486607
大额主动买,2025-11-10,1.73742117806657
大额主动买,2025-11-11,1.718816272971184
大额主动买,2025-11-12,1.7285307651058681
大额主动买,2025-11-13,1.6992807941935828
大额主动买,2025-11-14,1.6970740424833464
大额主动买,2025-11-15,1.702688589918731
大额主动买,2025-11-16,1.7442247565750166
大额主动买,2025-11-17,1.7569511835767624
大额主动买,2025-11-18,1.782000873387239
大额主动买,2025-11-19,1.744463671751268
大额主动买,2025-11-20,1.6603422904821326
大额主动买,2025-11-21,1.6622213263978163
大额主动买,2025-11-22,1.6602411345227719
大额主动买,2025-11-23,1.6837631632859182
大额主动买,2025-11-24,1.686052910897445
大额主动买,2025-11-25,1.6956792337385593
大额主动买,2025-11-26,1.7202579708174415
大额主动买,2025-11-27,1.7028677068653923
大额主动买,2025-11-28,1.683450354322814
大额主动买,2025-11-29,1.6874503927385442
大额主动买,2025-11-30,1.7069831698551574
大额主动买,2025-12-01,1.72727802386355
大额主动买,2025-12-02,1.776008918806826
大额主动买,2025-12-03,1.7730875247399993
大额主动买,2025-12-04,1.7853937382810199
大额主动买,2025-12-05,1.8192092349394355
大额主动买,2025-12-06,1.8255990528888228
大额主动买,2025-12-07,1.7798808163009465
大额主动买,2025-12-08,1.7959226460326878
大额主动买,2025-12-09,1.7848995747802174
大额主动买,2025-12-10,1.7600549475749312
大额主动买,2025-12-11,1.7650216249621398
大额主动买,2025-12-12,1.77364254679193
大额主动买,2025-12-13,1.7388164898851943
大额主动买,2025-12-14,1.732373623602877
大额主动买,2025-12-15,1.7412924914492405
大额主动买,2025-12-16,1.7568027207185692
大额主动买,2025-12-17,1.7766800466991728
大额主动买,2025-12-18,1.742797109539928
大额主动买,2025-12-19,1.7124502538532946
大额主动买,2025-12-20,1.707745783491054
大额主动买,2025-12-21,1.6864701712712573
大额主动买,2025-12-22,1.6980606447031283
大额主动买,2025-12-23,1.6934467296616476
大额主动买,2025-12-24,1.6840384378526112
大额主动买,2025-12-25,1.7159162211371701
大额主动买,2025-12-26,1.7373717535743285
大额主动买,2025-12-27,1.7296526926376248
大额主动买,2025-12-28,1.7159850226657751
大额主动买,2025-12-29,1.707071307617064
大额主动买,2025-12-30,1.6894652299727606
大额主动买,2025-12-31,1.6298803007456386
大额主动买,2026-01-01,1.6384041283520798
大额主动买,2026-01-02,1.6333981332141347
大额主动买,2026-01-03,1.6722290645263318
大额主动买,2026-01-04,1.622638746362554
大额主动买,2026-01-05,1.6358382743608686
大额主动买,2026-01-06,1.6742404105679312
大额主动买,2026-01-07,1.6739341607567755
大额主动买,2026-01-08,1.6802950138976347
大额主动买,2026-01-09,1.6882774714750322
大额主动买,2026-01-10,1.6690830345416412
大额主动买,2026-01-11,1.6760403984180137
大额主动买,2026-01-12,1.6962353132324535
大额主动买,2026-01-13,1.7157723353514456
大额主动买,2026-01-14,1.7786606218736345
大额主动买,2026-01-15,1.7572226251280216
大额主动买,2026-01-16,1.7736468136645784
大额主动买,2026-01-17,1.7975994201051453
大额主动买,2026-01-18,1.786155279732012
大额主动买,2026-01-19,1.7746444860791106
大额主动买,2026-01-20,1.7526214097134405
大额主动买,2026-01-21,1.7733472605502731
大额主动买,2026-01-22,1.7526187087510066
大额主动买,2026-01-23,1.7486419790392695
大额主动买,2026-01-24,1.7546016462868128
大额主动买,2026-01-25,1.781630069296933
大额主动买,2026-01-26,1.7730503778794664
大额主动买,2026-01-27,1.7700514447034255
大额主动买,2026-01-28,1.7789969286082274
大额主动买,2026-01-29,1.796892391118442
大额主动买,2026-01-30,1.8042281955273414
大额主动买,2026-01-31,1.8259808313323318
大额主动买,2026-02-01,1.8336169545527932
大额主动买,2026-02-02,1.836637638949235
大额主动买,2026-02-03,1.901500121415576
大额主动买,2026-02-04,1.9337526516776304
大额主动买,2026-02-05,1.8846308680169779
大额主动买,2026-02-06,1.9117198625667302
大额主动买,2026-02-07,1.8952633434187476
大额主动买,2026-02-08,1.8977815476078645
大额主动买,2026-02-09,1.912060669989906
大额主动买,2026-02-10,1.9001375412786834
大额主动买,2026-02-11,1.9371312790323199
大额主动买,2026-02-12,1.8746193411613727
大额主动买,2026-02-13,1.8686287316970736
大额主动买,2026-02-14,1.8703262261284972
大额主动买,2026-02-15,1.8758911036654442
大额主动买,2026-02-16,1.8841785278393428
大额主动买,2026-02-17,1.8997068075657646
大额主动买,2026-02-18,1.909430578731507
大额主动买,2026-02-19,1.8887516866606453
大额主动买,2026-02-20,1.8957713416432658
大额主动买,2026-02-21,1.9095100725243745
大额主动买,2026-02-22,1.8837185393876266
大额主动买,2026-02-23,1.9010267383247486
大额主动买,2026-02-24,1.847937441033641
大额主动买,2026-02-25,1.8523447315788024
大额主动买,2026-02-26,1.8351956562149654
大额主动买,2026-02-27,1.846014180223147
大额主动买,2026-02-28,1.83727562190616
大额主动买,2026-03-01,1.785288839119422
大额主动买,2026-03-02,1.7927328142197945
大额主动买,2026-03-03,1.7995581506388303
大额主动买,2026-03-04,1.8117419665065728
大额主动买,2026-03-05,1.8356177382067596
大额主动买,2026-03-06,1.8321167860842855
大额主动买,2026-03-07,1.8450928848459704
大额主动买,2026-03-08,1.8224084595134888
大额主动买,2026-03-09,1.7816327775252088
大额主动买,2026-03-10,1.8125784087936145
大额主动买,2026-03-11,1.7998101822074262
大额主动买,2026-03-12,1.8081218549586198
大额主动买,2026-03-13,1.8277115346170905
大额主动买,2026-03-14,1.8047274713980492
大额主动买,2026-03-15,1.7525384318041022
大额主动买,2026-03-16,1.7629304634677263
大额主动买,2026-03-17,1.7849299530993135
大额主动买,2026-03-18,1.7932048614315708
大额主动买,2026-03-19,1.7814362294726094
大额主动买,2026-03-20,1.7890295511387326
大额主动买,2026-03-21,1.8085017163933428
大额主动买,2026-03-22,1.7318996858451197
大额主动买,2026-03-23,1.7296692799656814
大额主动买,2026-03-24,1.7469964536452733
大额主动买,2026-03-25,1.7590343258822152
大额主动买,2026-03-26,1.7497273917906504
大额主动买,2026-03-27,1.7565226967407033
大额主动买,2026-03-28,1.7449787513937765
大额主动买,2026-03-29,1.770289486426751
大额主动买,2026-03-30,1.7888761453619553
大额主动买,2026-03-31,1.7940623556623831
大额主动买,2026-04-01,1.795951685460387
大额主动买,2026-04-02,1.7974781796752433
大额主动买,2026-04-03,1.804717211459708
大额主动买,2026-04-04,1.7925640049593121
大额主动买,2026-04-05,1.82419460802423
大额主动买,2026-04-06,1.8005034916511629
大额主动买,2026-04-07,1.8423125235046036
大额主动买,2026-04-08,1.8648583904470537
大额主动买,2026-04-09,1.8354700156890917
大额主动买,2026-04-10,1.8219548695908845
大额主动买,2026-04-11,1.83151894193537
大额主动买,2026-04-12,1.7543391264905968
大额主动买,2026-04-13,1.7723708083948817
大额主动买,2026-04-14,1.7370239452977874
大额主动买,2026-04-15,1.6971753232579625
大额主动买,2026-04-16,1.6953643508875327
大额主动买,2026-04-17,1.7260586084564034
大额主动买,2026-04-18,1.760884193615356
大额主动买,2026-04-19,1.763706627189837
大额主动买,2026-04-20,1.7663907522185285
大额主动买,2026-04-21,1.7468209355291944
大额主动买,2026-04-22,1.7433641591219713
大额主动买,2026-04-23,1.7324217925884227
大额主动买,2026-04-24,1.7209574294519332
大额主动买,2026-04-25,1.707392257857886
大额主动买,2026-04-26,1.698532587042808
大额主动买,2026-04-27,1.676734253358463
大额主动买,2026-04-28,1.6804716617138848
大额主动买,2026-04-29,1.6869169937025155
大额主动买,2026-04-30,1.6893112685623597
大额主动买,2026-05-01,1.6779615772962677
大额主动买,2026-05-02,1.6819165131744394
大额主动买,2026-05-03,1.687588939097307
大额主动买,2026-05-04,1.691928202849758
大额主动买,2026-05-05,1.700820168125673
大额主动买,2026-05-06,1.711212005060333
大额主动买,2026-05-07,1.7567757250506335
大额主动买,2026-05-08,1.7603716989334233
大额主动买,2026-05-09,1.7222528563926942
大额主动买,2026-05-10,1.7418451379611182
大额主动买,2026-05-11,1.7373153187694481
大额主动买,2026-05-12,1.7637339678001946
大额主动买,2026-05-13,1.751601670317854
大额主动买,2026-05-14,1.7753205087978057
大额主动买,2026-05-15,1.79531281943273
大额主动买,2026-05-16,1.819332442749869
大额主动买,2026-05-17,1.7894304594968269
大额主动买,2026-05-18,1.7960731286992528
大额主动买,2026-05-19,1.7909670554271995
大额主动买,2026-05-20,1.7934263786028024
大额主动买,2026-05-21,1.7945701041151552
大额主动买,2026-05-22,1.806663841473319
大额主动买,2026-05-23,1.8046161253535213
大额主动买,2026-05-24,1.8658612141745408
大额主动买,2026-05-25,1.8362476806933483
大额主动买,2026-05-26,1.7580921145681223
大额主动买,2026-05-27,1.6860968367532503
大额主动买,2026-05-28,1.6026505264802442
大额主动买,2026-05-29,1.553506136952641
大额主动买,2026-05-30,1.5570757547093699
单笔金额,2024-06-05,1.010556898610517
单笔金额,2024-06-06,0.9992754068356078
单笔金额,2024-06-07,0.9981568777910979
单笔金额,2024-06-08,1.007946522568655
单笔金额,2024-06-09,1.0057882488334051
单笔金额,2024-06-10,0.9952656278482953
单笔金额,2024-06-11,1.0026261825801397
单笔金额,2024-06-12,1.00773921379556
单笔金额,2024-06-13,0.9846449297745907
单笔金额,2024-06-14,1.0060186717317996
单笔金额,2024-06-15,1.011242036109291
单笔金额,2024-06-16,0.9888556791358865
单笔金额,2024-06-17,0.98157535794783
单笔金额,2024-06-18,0.9724419178601913
单笔金额,2024-06-19,0.9710388014135066
单笔金额,2024-06-20,0.9864260653088335
单笔金额,2024-06-21,0.9846217217513273
单笔金额,2024-06-22,0.9799819754439514
单笔金额,2024-06-23,1.0303041061649192
单笔金额,2024-06-24,1.012891293590018
单笔金额,2024-06-25,1.0255410839246077
单笔金额,2024-06-26,1.0566021390374578
单笔金额,2024-06-27,1.0532399175184937
单笔金额,2024-06-28,1.0573548310788452
单笔金额,2024-06-29,1.0727358047158986
单笔金额,2024-06-30,1.0681180517837567
单笔金额,2024-07-01,1.0590693026140912
单笔金额,2024-07-02,1.0493968300876204
单笔金额,2024-07-03,1.0745133541368999
单笔金额,2024-07-04,1.1015657391064348
单笔金额,2024-07-05,1.0734819213034825
单笔金额,2024-07-06,1.0793205557342176
单笔金额,2024-07-07,1.0774957521921993
单笔金额,2024-07-08,1.095872948851894
单笔金额,2024-07-09,1.097865910697013
单笔金额,2024-07-10,1.0943279310545442
单笔金额,2024-07-11,1.1127300932823307
单笔金额,2024-07-12,1.1182717921129925
单笔金额,2024-07-13,1.1202242279829644
单笔金额,2024-07-14,1.1213020038094568
单笔金额,2024-07-15,1.1400714664905602
单笔金额,2024-07-16,1.1430914629721696
单笔金额,2024-07-17,1.163278760215103
单笔金额,2024-07-18,1.167788305547392
单笔金额,2024-07-19,1.1792361004300216
单笔金额,2024-07-20,1.213096958253341
单笔金额,2024-07-21,1.2186509613019907
单笔金额,2024-07-22,1.1987295545592564
单笔金额,2024-07-23,1.1770488234511096
单笔金额,2024-07-24,1.156170715307954
单笔金额,2024-07-25,1.1621887132523085
单笔金额,2024-07-26,1.1687106681997566
单笔金额,2024-07-27,1.1602251631906537
单笔金额,2024-07-28,1.160131942860042
单笔金额,2024-07-29,1.1590043711827764
单笔金额,2024-07-30,1.1454890309036299
单笔金额,2024-07-31,1.1698111707863756
单笔金额,2024-08-01,1.182668887366727
单笔金额,2024-08-02,1.1764600315429514
单笔金额,2024-08-03,1.1979217042391384
单笔金额,2024-08-04,1.2349196840374754
单笔金额,2024-08-05,1.212477085159398
单笔金额,2024-08-06,1.1061254328654104
单笔金额,2024-08-07,1.0615969320030594
单笔金额,2024-08-08,1.0321453348702843
单笔金额,2024-08-09,1.0374634831011555
单笔金额,2024-08-10,1.0292448012576862
单笔金额,2024-08-11,1.0696559595141721
单笔金额,2024-08-12,1.0892390021926124
单笔金额,2024-08-13,1.1228905175679327
单笔金额,2024-08-14,1.137986326849303
单笔金额,2024-08-15,1.1480560998927447
单笔金额,2024-08-16,1.1525875437492468
单笔金额,2024-08-17,1.1460895218115337
单笔金额,2024-08-18,1.1606396891707642
单笔金额,2024-08-19,1.1802860440033767
单笔金额,2024-08-20,1.1095354599275078
单笔金额,2024-08-21,1.0875635531309276
单笔金额,2024-08-22,1.0496390667475877
单笔金额,2024-08-23,1.0461101833713087
单笔金额,2024-08-24,1.0488720326887373
单笔金额,2024-08-25,1.045250507095002
单笔金额,2024-08-26,1.050319658775028
单笔金额,2024-08-27,1.0507100871872475
单笔金额,2024-08-28,1.0598100434336368
单笔金额,2024-08-29,1.0618448791015151
单笔金额,2024-08-30,1.0582323872609227
单笔金额,2024-08-31,1.0405688176433958
单笔金额,2024-09-01,1.0313322838128565
单笔金额,2024-09-02,1.0103486283554153
单笔金额,2024-09-03,1.023283554260813
单笔金额,2024-09-04,1.0087558450536016
单笔金额,2024-09-05,1.0073034488287158
单笔金额,2024-09-06,1.0082182866112201
单笔金额,2024-09-07,1.0114765792681548
单笔金额,2024-09-08,1.037600654553889
单笔金额,2024-09-09,1.0380421615340125
单笔金额,2024-09-10,1.0450329304634332
单笔金额,2024-09-11,1.0450617629575796
单笔金额,2024-09-12,1.0286696395614423
单笔金额,2024-09-13,1.033641090461286
单笔金额,2024-09-14,1.040464579692764
单笔金额,2024-09-15,1.0198374999360444
单笔金额,2024-09-16,1.0365852006475562
单笔金额,2024-09-17,1.0333067324040168
单笔金额,2024-09-18,1.05912227589487
单笔金额,2024-09-19,1.0526819056962715
单笔金额,2024-09-20,1.0629097889365846
单笔金额,2024-09-21,1.0567094589008412
单笔金额,2024-09-22,1.0758980428417804
单笔金额,2024-09-23,1.0782669807300804
单笔金额,2024-09-24,1.0961209212761418
单笔金额,2024-09-25,1.1005846684300533
单笔金额,2024-09-26,1.0895068544547601
单笔金额,2024-09-27,1.1113733861184099
单笔金额,2024-09-28,1.1074528509452115
单笔金额,2024-09-29,1.1146909822300632
单笔金额,2024-09-30,1.1274998998754444
单笔金额,2024-10-01,1.1443982525223992
单笔金额,2024-10-02,1.1370197044551602
单笔金额,2024-10-03,1.142283184813964
单笔金额,2024-10-04,1.134576277265608
单笔金额,2024-10-05,1.1433739840892503
单笔金额,2024-10-06,1.1427370411538509
单笔金额,2024-10-07,1.1468848528075963
单笔金额,2024-10-08,1.1542647733404248
单笔金额,2024-10-09,1.1475297260477573
单笔金额,2024-10-10,1.1273049889373947
单笔金额,2024-10-11,1.108428444104102
单笔金额,2024-10-12,1.115055749348249
单笔金额,2024-10-13,1.1038947182102983
单笔金额,2024-10-14,1.1242698453586362
单笔金额,2024-10-15,1.1076553094206854
单笔金额,2024-10-16,1.126432916629583
单笔金额,2024-10-17,1.1151797398465142
单笔金额,2024-10-18,1.1343709536597553
单笔金额,2024-10-19,1.122312700065093
单笔金额,2024-10-20,1.1010530321122904
单笔金额,2024-10-21,1.0833512401847685
单笔金额,2024-10-22,1.0910372967364956
单笔金额,2024-10-23,1.0782565550836107
单笔金额,2024-10-24,1.079158469103632
单笔金额,2024-10-25,1.0716940285665142
单笔金额,2024-10-26,1.0909699786529434
单笔金额,2024-10-27,1.1040614616513311
单笔金额,2024-10-28,1.0998874043068592
单笔金额,2024-10-29,1.0549005236347802
单笔金额,2024-10-30,1.0464838443037663
单笔金额,2024-10-31,1.044757107141482
单笔金额,2024-11-01,1.0409333995236454
单笔金额,2024-11-02,1.0347156353115574
单笔金额,2024-11-03,1.032106057122778
单笔金额,2024-11-04,1.0235682842925273
单笔金额,2024-11-05,0.9890392435137917
单笔金额,2024-11-06,0.9810114941589614
单笔金额,2024-11-07,0.9528094923682211
单笔金额,2024-11-08,0.9749304210861822
单笔金额,2024-11-09,0.9801915949962855
单笔金额,2024-11-10,0.9677941214252878
单笔金额,2024-11-11,0.9869727440157279
单笔金额,2024-11-12,1.0186816300610526
单笔金额,2024-11-13,0.9945014916298641
单笔金额,2024-11-14,0.9622934842114541
单笔金额,2024-11-15,1.0677055891337373
单笔金额,2024-11-16,1.018693985604697
单笔金额,2024-11-17,1.0555858438519423
单笔金额,2024-11-18,1.0430125095182246
单笔金额,2024-11-19,1.0688626731940387
单笔金额,2024-11-20,1.086170948061046
单笔金额,2024-11-21,1.1562481452978282
单笔金额,2024-11-22,1.2386778850597682
单笔金额,2024-11-23,1.2417676480034074
单笔金额,2024-11-24,1.210104811654569
单笔金额,2024-11-25,1.1645141379033677
单笔金额,2024-11-26,1.1586994780727873
单笔金额,2024-11-27,1.1467694411119174
单笔金额,2024-11-28,1.108647842892587
单笔金额,2024-11-29,1.1309283210909427
单笔金额,2024-11-30,1.1951719737000894
单笔金额,2024-12-01,1.2445240245553046
单笔金额,2024-12-02,1.4363600262534668
单笔金额,2024-12-03,1.3992317780760664
单笔金额,2024-12-04,1.3711560036642048
单笔金额,2024-12-05,1.3368990892652384
单笔金额,2024-12-06,1.3438755900463881
单笔金额,2024-12-07,1.3686799301665842
单笔金额,2024-12-08,1.296044422078262
单笔金额,2024-12-09,1.2879573298753948
单笔金额,2024-12-10,1.314449421342936
单笔金额,2024-12-11,1.3404150451521186
单笔金额,2024-12-12,1.347866495186128
单笔金额,2024-12-13,1.333905103501154
单笔金额,2024-12-14,1.352807176791339
单笔金额,2024-12-15,1.3392269455945371
单笔金额,2024-12-16,1.3324043263232244
单笔金额,2024-12-17,1.3031053503667982
单笔金额,2024-12-18,1.3164573966092077
单笔金额,2024-12-19,1.2688611737866058
单笔金额,2024-12-20,1.2495783656562485
单笔金额,2024-12-21,1.249849772654181
单笔金额,2024-12-22,1.2543122385966046
单笔金额,2024-12-23,1.2598939537040208
单笔金额,2024-12-24,1.2572490082957097
单笔金额,2024-12-25,1.2417837992627558
单笔金额,2024-12-26,1.239607125395403
单笔金额,2024-12-27,1.2300974546360872
单笔金额,2024-12-28,1.2287089058570881
单笔金额,2024-12-29,1.204203679317042
单笔金额,2024-12-30,1.1784731405518547
单笔金额,2024-12-31,1.1484233667913626
单笔金额,2025-01-01,1.153927801916702
单笔金额,2025-01-02,1.0993667501838214
单笔金额,2025-01-03,1.0951812438654203
单笔金额,2025-01-04,1.0909215012569253
单笔金额,2025-01-05,1.0895447608090694
单笔金额,2025-01-06,1.1046839147625243
单笔金额,2025-01-07,1.06312761047598
单笔金额,2025-01-08,1.068204212515563
单笔金额,2025-01-09,1.07931056116986
单笔金额,2025-01-10,1.0279749908371505
单笔金额,2025-01-11,1.0236225726858172
单笔金额,2025-01-12,1.0176332584734162
单笔金额,2025-01-13,0.9798818877379729
单笔金额,2025-01-14,0.9891516434383943
单笔金额,2025-01-15,1.0150899923094465
单笔金额,2025-01-16,1.0041901306880618
单笔金额,2025-01-17,1.0108337640731655
单笔金额,2025-01-18,1.0441347351425954
单笔金额,2025-01-19,1.042795666397572
单笔金额,2025-01-20,1.0514087547612887
单笔金额,2025-01-21,1.0544658319921447
单笔金额,2025-01-22,1.0630922218206564
单笔金额,2025-01-23,1.0573277974116388
单笔金额,2025-01-24,1.033691013872063
单笔金额,2025-01-25,1.0303654992458098
单笔金额,2025-01-26,1.0369035630319994
单笔金额,2025-01-27,1.0294135037058973
单笔金额,2025-01-28,1.0363365528942772
单笔金额,2025-01-29,1.023360557394353
单笔金额,2025-01-30,1.0202338736756835
单笔金额,2025-01-31,1.0095251349126109
单笔金额,2025-02-01,0.9472343667590601
单笔金额,2025-02-02,0.944555968885275
单笔金额,2025-02-03,0.9436103827533324
单笔金额,2025-02-04,0.9276462500061615
单笔金额,2025-02-05,0.9388377238297289
单笔金额,2025-02-06,0.940075841307604
单笔金额,2025-02-07,0.9266446459152693
单笔金额,2025-02-08,0.9189595991597661
单笔金额,2025-02-09,0.9120164294072456
单笔金额,2025-02-10,0.9116141757744675
单笔金额,2025-02-11,0.8846447227165056
单笔金额,2025-02-12,0.8857022495551421
单笔金额,2025-02-13,0.8810965544409212
单笔金额,2025-02-14,0.8776910288181791
单笔金额,2025-02-15,0.8637346470144168
单笔金额,2025-02-16,0.8208594301865019
单笔金额,2025-02-17,0.8393045569231203
单笔金额,2025-02-18,0.8510328938891365
单笔金额,2025-02-19,0.8308727003857456
单笔金额,2025-02-20,0.8332365382250296
单笔金额,2025-02-21,0.8342855413153141
单笔金额,2025-02-22,0.8361472881973631
单笔金额,2025-02-23,0.8275915826724786
单笔金额,2025-02-24,0.8062519962296061
单笔金额,2025-02-25,0.7862279431658545
单笔金额,2025-02-26,0.7835211987470048
单笔金额,2025-02-27,0.777104571087326
单笔金额,2025-02-28,0.7748947828186926
单笔金额,2025-03-01,0.9091310589242666
单笔金额,2025-03-02,0.8681715058049273
单笔金额,2025-03-03,0.9223037528060765
单笔金额,2025-03-04,0.9106138109738877
单笔金额,2025-03-05,0.8938160601312644
单笔金额,2025-03-06,0.859633142070027
单笔金额,2025-03-07,0.862850675432778
单笔金额,2025-03-08,0.8467140806823122
单笔金额,2025-03-09,0.8353174616485338
单笔金额,2025-03-10,0.8423055067783419
单笔金额,2025-03-11,0.8408646092599138
单笔金额,2025-03-12,0.8359591222867396
单笔金额,2025-03-13,0.8468461977750226
单笔金额,2025-03-14,0.8551333690061932
单笔金额,2025-03-15,0.8726662543873347
单笔金额,2025-03-16,0.8835611802127615
单笔金额,2025-03-17,0.8628073273396184
单笔金额,2025-03-18,0.8377904719674854
单笔金额,2025-03-19,0.8453750950523845
单笔金额,2025-03-20,0.8381229588329564
单笔金额,2025-03-21,0.845285636529376
单笔金额,2025-03-22,0.8568837166405875
单笔金额,2025-03-23,0.8663882912799845
单笔金额,2025-03-24,0.8775572793333757
单笔金额,2025-03-25,0.8768722872158927
单笔金额,2025-03-26,0.8754417906074563
单笔金额,2025-03-27,0.8778879367351682
单笔金额,2025-03-28,0.8746111340688303
单笔金额,2025-03-29,0.869773774370597
单笔金额,2025-03-30,0.8677026825508031
单笔金额,2025-03-31,0.8575549284738805
单笔金额,2025-04-01,0.8476382971462905
单笔金额,2025-04-02,0.8287373227089011
单笔金额,2025-04-03,0.8363532213735224
单笔金额,2025-04-04,0.8327344162471687
单笔金额,2025-04-05,0.8327837740174491
单笔金额,2025-04-06,0.8455699828511033
单笔金额,2025-04-07,0.8314385489158737
单笔金额,2025-04-08,0.826182471718401
单笔金额,2025-04-09,0.8325071691523731
单笔金额,2025-04-10,0.82937194480509
单笔金额,2025-04-11,0.8420977422929462
单笔金额,2025-04-12,0.8385579274897067
单笔金额,2025-04-13,0.854284825469255
单笔金额,2025-04-14,0.8493990482798291
单笔金额,2025-04-15,0.8506218584903273
单笔金额,2025-04-16,0.8515538348287398
单笔金额,2025-04-17,0.83914187980755
单笔金额,2025-04-18,0.8462886864553428
单笔金额,2025-04-19,0.8638011301485591
单笔金额,2025-04-20,0.8620909313670642
单笔金额,2025-04-21,0.842386373455323
单笔金额,2025-04-22,0.8166965330589991
单笔金额,2025-04-23,0.7942948995827318
单笔金额,2025-04-24,0.7890616245114197
单笔金额,2025-04-25,0.7810998340237517
单笔金额,2025-04-26,0.7838042025821673
单笔金额,2025-04-27,0.78425656112374
单笔金额,2025-04-28,0.7833907800729961
单笔金额,2025-04-29,0.7728967114764549
单笔金额,2025-04-30,0.7674648760760738
单笔金额,2025-05-01,0.7609578237752134
单笔金额,2025-05-02,0.7565961435406177
单笔金额,2025-05-03,0.7461625368247127
单笔金额,2025-05-04,0.7368381576033801
单笔金额,2025-05-05,0.7454282824457082
单笔金额,2025-05-06,0.7429582961163846
单笔金额,2025-05-07,0.7512531666866679
单笔金额,2025-05-08,0.7762234323272443
单笔金额,2025-05-09,0.7775267893448798
单笔金额,2025-05-10,0.7812332023221829
单笔金额,2025-05-11,0.7503202628939121
单笔金额,2025-05-12,0.7535858668544629
单笔金额,2025-05-13,0.7430577397633663
单笔金额,2025-05-14,0.7481914012969544
单笔金额,2025-05-15,0.7411841640666978
单笔金额,2025-05-16,0.7331945211643979
单笔金额,2025-05-17,0.7345069135006788
单笔金额,2025-05-18,0.7265350729298257
单笔金额,2025-05-19,0.739354404599603
单笔金额,2025-05-20,0.7257019020610466
单笔金额,2025-05-21,0.7153880261006218
单笔金额,2025-05-22,0.7191010455337702
单笔金额,2025-05-23,0.7232004589895537
单笔金额,2025-05-24,0.7280844305016596
单笔金额,2025-05-25,0.737398169412588
单笔金额,2025-05-26,0.7341303252408162
单笔金额,2025-05-27,0.7507746105190467
单笔金额,2025-05-28,0.7332862609095822
单笔金额,2025-05-29,0.7082605785045254
单笔金额,2025-05-30,0.7040690792798057
单笔金额,2025-05-31,0.7078694896635407
单笔金额,2025-06-01,0.7199335900103723
单笔金额,2025-06-02,0.7314494466170328
单笔金额,2025-06-03,0.7143138036141261
单笔金额,2025-06-04,0.7028553839769226
单笔金额,2025-06-05,0.6940190616541009
单笔金额,2025-06-06,0.698712624955619
单笔金额,2025-06-07,0.6923435425812282
单笔金额,2025-06-08,0.6908853290138458
单笔金额,2025-06-09,0.6405164198826725
单笔金额,2025-06-10,0.6469258952714029
单笔金额,2025-06-11,0.6561157930438164
单笔金额,2025-06-12,0.648345271433382
单笔金额,2025-06-13,0.639622846172095
单笔金额,2025-06-14,0.6351952280987767
单笔金额,2025-06-15,0.624378786906242
单笔金额,2025-06-16,0.6292835742339679
单笔金额,2025-06-17,0.6263998989590475
单笔金额,2025-06-18,0.6215033557566059
单笔金额,2025-06-19,0.616303596297063
单笔金额,2025-06-20,0.6085988413469465
单笔金额,2025-06-21,0.6055693643025051
单笔金额,2025-06-22,0.5871944613995689
单笔金额,2025-06-23,0.5947976185445347
单笔金额,2025-06-24,0.5927219851101919
单笔金额,2025-06-25,0.595084797287894
单笔金额,2025-06-26,0.5959687280539262
单笔金额,2025-06-27,0.5968733427175575
单笔金额,2025-06-28,0.5598111852740881
单笔金额,2025-06-29,0.5632320073840688
单笔金额,2025-06-30,0.5643876772800253
单笔金额,2025-07-01,0.5710366448358225
单笔金额,2025-07-02,0.5709756492246285
单笔金额,2025-07-03,0.5734668330518867
单笔金额,2025-07-04,0.5838157379987776
单笔金额,2025-07-05,0.5793331357883785
单笔金额,2025-07-06,0.5760553824092177
单笔金额,2025-07-07,0.5791858400624157
单笔金额,2025-07-08,0.5775097599595596
单笔金额,2025-07-09,0.59030570137611
单笔金额,2025-07-10,0.5793130788268679
单笔金额,2025-07-11,0.5863932510936977
单笔金额,2025-07-12,0.5816027664057029
单笔金额,2025-07-13,0.5743369136750184
单笔金额,2025-07-14,0.54471299077291
单笔金额,2025-07-15,0.5525628397015573
单笔金额,2025-07-16,0.5512072244697759
单笔金额,2025-07-17,0.5333861932057404
单笔金额,2025-07-18,0.5400378480469136
单笔金额,2025-07-19,0.5258148265143312
单笔金额,2025-07-20,0.5090771570930838
单笔金额,2025-07-21,0.5068821777053565
单笔金额,2025-07-22,0.5268602100880743
单笔金额,2025-07-23,0.5369535089306131
单笔金额,2025-07-24,0.5302759248548287
单笔金额,2025-07-25,0.5242241168148114
单笔金额,2025-07-26,0.5237212366401266
单笔金额,2025-07-27,0.5291707743557438
单笔金额,2025-07-28,0.528379626622313
单笔金额,2025-07-29,0.5193262092406415
单笔金额,2025-07-30,0.5240642735786095
单笔金额,2025-07-31,0.5194076530229617
单笔金额,2025-08-01,0.525016634843689
单笔金额,2025-08-02,0.5247496146407792
单笔金额,2025-08-03,0.5213390096884586
单笔金额,2025-08-04,0.5155664159683953
单笔金额,2025-08-05,0.5083277940502099
单笔金额,2025-08-06,0.5127668384247576
单笔金额,2025-08-07,0.5168625188192657
单笔金额,2025-08-08,0.5352029475215381
单笔金额,2025-08-09,0.5327093407249354
单笔金额,2025-08-10,0.518519963241155
单笔金额,2025-08-11,0.5281606712926125
单笔金额,2025-08-12,0.5279083615253016
单笔金额,2025-08-13,0.5273484309071649
单笔金额,2025-08-14,0.532741477015132
单笔金额,2025-08-15,0.5336476502951347
单笔金额,2025-08-16,0.5546225165275841
单笔金额,2025-08-17,0.5485511179935773
单笔金额,2025-08-18,0.5349760782672597
单笔金额,2025-08-19,0.5399970656133702
单笔金额,2025-08-20,0.5359825476736219
单笔金额,2025-08-21,0.5177773876352721
单笔金额,2025-08-22,0.5075814510842034
单笔金额,2025-08-23,0.5088300922906784
单笔金额,2025-08-24,0.5138653340889132
单笔金额,2025-08-25,0.5215086175831565
单笔金额,2025-08-26,0.5093199577870944
单笔金额,2025-08-27,0.5051010883506035
单笔金额,2025-08-28,0.4970337807339268
单笔金额,2025-08-29,0.4980449094457577
单笔金额,2025-08-30,0.49599874416907375
单笔金额,2025-08-31,0.4962322920685676
单笔金额,2025-09-01,0.4977548471453285
单笔金额,2025-09-02,0.49251832077274116
单笔金额,2025-09-03,0.4913133885873178
单笔金额,2025-09-04,0.49213697462025663
单笔金额,2025-09-05,0.49134592847912234
单笔金额,2025-09-06,0.48804228918196413
单笔金额,2025-09-07,0.496133133324383
单笔金额,2025-09-08,0.4943266110338925
单笔金额,2025-09-09,0.5018289781494989
单笔金额,2025-09-10,0.4927285535501886
单笔金额,2025-09-11,0.4908519006945345
单笔金额,2025-09-12,0.4970976091869388
单笔金额,2025-09-13,0.4967508172514112
单笔金额,2025-09-14,0.5012556988019828
单笔金额,2025-09-15,0.49833499376605694
单笔金额,2025-09-16,0.496780076719866
单笔金额,2025-09-17,0.4950160708884685
单笔金额,2025-09-18,0.49991249816364636
单笔金额,2025-09-19,0.510400699003955
单笔金额,2025-09-20,0.5146283936164937
单笔金额,2025-09-21,0.5262866781135062
单笔金额,2025-09-22,0.5259926540404779
单笔金额,2025-09-23,0.5188833084417543
单笔金额,2025-09-24,0.5195264622913834
单笔金额,2025-09-25,0.5254975862057628
单笔金额,2025-09-26,0.5244505635363967
单笔金额,2025-09-27,0.5235547903645793
单笔金额,2025-09-28,0.5228364791373948
单笔金额,2025-09-29,0.5149731980771023
单笔金额,2025-09-30,0.5074303837963616
单笔金额,2025-10-01,0.5106669497694234
单笔金额,2025-10-02,0.5053223585622321
单笔金额,2025-10-03,0.5004969090234572
单笔金额,2025-10-04,0.5064467652754691
单笔金额,2025-10-05,0.4972463316992191
单笔金额,2025-10-06,0.5111631384893808
单笔金额,2025-10-07,0.5064840409278284
单笔金额,2025-10-08,0.5039973829501706
单笔金额,2025-10-09,0.5350993950968943
单笔金额,2025-10-10,0.516183093181973
单笔金额,2025-10-11,0.5040349716069854
单笔金额,2025-10-12,0.4895233915637017
单笔金额,2025-10-13,0.48196360679979294
单笔金额,2025-10-14,0.48419410347238717
单笔金额,2025-10-15,0.48773929108698
单笔金额,2025-10-16,0.49086770050817724
单笔金额,2025-10-17,0.4841750005167152
单笔金额,2025-10-18,0.48149543339268674
单笔金额,2025-10-19,0.47644880843238335
单笔金额,2025-10-20,0.47471135423356464
单笔金额,2025-10-21,0.47781812033890825
单笔金额,2025-10-22,0.47145462396578636
单笔金额,2025-10-23,0.4705821997474459
单笔金额,2025-10-24,0.4678887537197337
单笔金额,2025-10-25,0.4822808867117842
单笔金额,2025-10-26,0.4750929140676731
单笔金额,2025-10-27,0.4833831935042655
单笔金额,2025-10-28,0.48607669877895043
单笔金额,2025-10-29,0.48721072855921616
单笔金额,2025-10-30,0.48425119809764455
单笔金额,2025-10-31,0.47816783774304294
单笔金额,2025-11-01,0.4734393984922649
单笔金额,2025-11-02,0.4577105466297664
单笔金额,2025-11-03,0.4577581336532997
单笔金额,2025-11-04,0.45053386921770666
单笔金额,2025-11-05,0.47579474430164453
单笔金额,2025-11-06,0.48367299309169165
单笔金额,2025-11-07,0.4791562129332516
单笔金额,2025-11-08,0.4761045071428829
单笔金额,2025-11-09,0.504749333772064
单笔金额,2025-11-10,0.4981485022584182
单笔金额,2025-11-11,0.49765346653316556
单笔金额,2025-11-12,0.4968728175315302
单笔金额,2025-11-13,0.4836087823389234
单笔金额,2025-11-14,0.4780959407314891
单笔金额,2025-11-15,0.47037808954242016
单笔金额,2025-11-16,0.4727413361416739
单笔金额,2025-11-17,0.4652996263592725
单笔金额,2025-11-18,0.47216816266989037
单笔金额,2025-11-19,0.47017514952505723
单笔金额,2025-11-20,0.4713497378227311
单笔金额,2025-11-21,0.47140039359199976
单笔金额,2025-11-22,0.46620651826687376
单笔金额,2025-11-23,0.4801868957663119
单笔金额,2025-11-24,0.48282126720589635
单笔金额,2025-11-25,0.4853524253423813
单笔金额,2025-11-26,0.48505932990682576
单笔金额,2025-11-27,0.4859712498555574
单笔金额,2025-11-28,0.4782172335090917
单笔金额,2025-11-29,0.4718546523745144
单笔金额,2025-11-30,0.47125501389060676
单笔金额,2025-12-01,0.4870100345939328
单笔金额,2025-12-02,0.49696349119186967
单笔金额,2025-12-03,0.4925755593748303
单笔金额,2025-12-04,0.47632613139059926
单笔金额,2025-12-05,0.47664012131915745
单笔金额,2025-12-06,0.4638483127121974
单笔金额,2025-12-07,0.4725941719647605
单笔金额,2025-12-08,0.48501262943902995
单笔金额,2025-12-09,0.4900725332123487
单笔金额,2025-12-10,0.4934595864741353
单笔金额,2025-12-11,0.4901101111626286
单笔金额,2025-12-12,0.4886664960292764
单笔金额,2025-12-13,0.4798618749716044
单笔金额,2025-12-14,0.48792505110477163
单笔金额,2025-12-15,0.48357046109171636
单笔金额,2025-12-16,0.4786879387610601
单笔金额,2025-12-17,0.47182976570530893
单笔金额,2025-12-18,0.46207243300466366
单笔金额,2025-12-19,0.48162370946693933
单笔金额,2025-12-20,0.4710736402636161
单笔金额,2025-12-21,0.4603052871087549
单笔金额,2025-12-22,0.46052320328320456
单笔金额,2025-12-23,0.4600715930768449
单笔金额,2025-12-24,0.46522550426916903
单笔金额,2025-12-25,0.4669052122853544
单笔金额,2025-12-26,0.4645080666420904
单笔金额,2025-12-27,0.46691781815117606
单笔金额,2025-12-28,0.46894086382489425
单笔金额,2025-12-29,0.47459431032886273
单笔金额,2025-12-30,0.46939155845648767
单笔金额,2025-12-31,0.45860372095998114
单笔金额,2026-01-01,0.466942392702548
单笔金额,2026-01-02,0.47074100550372067
单笔金额,2026-01-03,0.4708793560532503
单笔金额,2026-01-04,0.484413585527082
单笔金额,2026-01-05,0.4751950123474652
单笔金额,2026-01-06,0.4802052830696772
单笔金额,2026-01-07,0.48010451112381075
单笔金额,2026-01-08,0.48471763920596617
单笔金额,2026-01-09,0.4836694533803332
单笔金额,2026-01-10,0.48163263185699967
单笔金额,2026-01-11,0.48154701307937453
单笔金额,2026-01-12,0.4494142265130546
单笔金额,2026-01-13,0.4502016157419215
单笔金额,2026-01-14,0.4445454735226903
单笔金额,2026-01-15,0.45226255462134046
单笔金额,2026-01-16,0.45511814736431994
单笔金额,2026-01-17,0.4615327806355793
单笔金额,2026-01-18,0.4647497689009999
单笔金额,2026-01-19,0.4641150267110971
单笔金额,2026-01-20,0.4644680406863724
单笔金额,2026-01-21,0.46684694585716124
单笔金额,2026-01-22,0.4653245623624335
单笔金额,2026-01-23,0.4646117577648016
单笔金额,2026-01-24,0.46114515701619213
单笔金额,2026-01-25,0.46161044628339015
单笔金额,2026-01-26,0.46134089200948825
单笔金额,2026-01-27,0.46366530414584656
单笔金额,2026-01-28,0.4632833528836283
单笔金额,2026-01-29,0.4678975795364609
单笔金额,2026-01-30,0.48329514080545855
单笔金额,2026-01-31,0.47219691753459875
单笔金额,2026-02-01,0.46893412367750464
单笔金额,2026-02-02,0.4691593229675138
单笔金额,2026-02-03,0.4676305638800362
单笔金额,2026-02-04,0.48561493524317895
单笔金额,2026-02-05,0.4773946837573516
单笔金额,2026-02-06,0.47929225587304425
单笔金额,2026-02-07,0.48647853761406706
单笔金额,2026-02-08,0.48844749101492724
单笔金额,2026-02-09,0.49321870808742846
单笔金额,2026-02-10,0.4883989792209397
单笔金额,2026-02-11,0.48089152109860317
单笔金额,2026-02-12,0.48432664661871905
单笔金额,2026-02-13,0.4984408624297634
单笔金额,2026-02-14,0.5026172399972548
单笔金额,2026-02-15,0.48882826724929207
单笔金额,2026-02-16,0.48597928827321346
单笔金额,2026-02-17,0.4745610814661147
单笔金额,2026-02-18,0.46975576313671474
单笔金额,2026-02-19,0.45478406510669883
单笔金额,2026-02-20,0.4628645468801969
单笔金额,2026-02-21,0.45854930031986263
单笔金额,2026-02-22,0.45527497662813976
单笔金额,2026-02-23,0.4532686294449454
单笔金额,2026-02-24,0.4552062612853237
单笔金额,2026-02-25,0.44717707083017333
单笔金额,2026-02-26,0.45024536717169944
单笔金额,2026-02-27,0.4565370518490749
单笔金额,2026-02-28,0.44536409782236325
单笔金额,2026-03-01,0.4289867029593236
单笔金额,2026-03-02,0.4468642066849036
单笔金额,2026-03-03,0.4415370062200303
单笔金额,2026-03-04,0.43666942854176666
单笔金额,2026-03-05,0.4402345764933901
单笔金额,2026-03-06,0.4405849745508754
单笔金额,2026-03-07,0.43991804065696166
单笔金额,2026-03-08,0.44176099538829416
单笔金额,2026-03-09,0.45607860874031947
单笔金额,2026-03-10,0.4545701269067616
单笔金额,2026-03-11,0.45633432273252433
单笔金额,2026-03-12,0.4511648065719123
单笔金额,2026-03-13,0.4499285380469127
单笔金额,2026-03-14,0.4534034254902018
单笔金额,2026-03-15,0.4607845040650858
单笔金额,2026-03-16,0.45600448520569653
单笔金额,2026-03-17,0.44810804609127636
单笔金额,2026-03-18,0.44594172013367966
单笔金额,2026-03-19,0.449852552127861
单笔金额,2026-03-20,0.44924373950776
单笔金额,2026-03-21,0.441733848108688
单笔金额,2026-03-22,0.44658673767597656
单笔金额,2026-03-23,0.4508923732451256
单笔金额,2026-03-24,0.44869254549127946
单笔金额,2026-03-25,0.4519639965581522
单笔金额,2026-03-26,0.4425368875258822
单笔金额,2026-03-27,0.4479926024438334
单笔金额,2026-03-28,0.4513667905126883
单笔金额,2026-03-29,0.45012424134067264
单笔金额,2026-03-30,0.44860131149620036
单笔金额,2026-03-31,0.4388972064951139
单笔金额,2026-04-01,0.4283859205619175
单笔金额,2026-04-02,0.4241932414578357
单笔金额,2026-04-03,0.42717839224968523
单笔金额,2026-04-04,0.4295896242535506
单笔金额,2026-04-05,0.42402855831118025
单笔金额,2026-04-06,0.4258760354757131
单笔金额,2026-04-07,0.42621613414280934
单笔金额,2026-04-08,0.4207371314423531
单笔金额,2026-04-09,0.429026474553574
单笔金额,2026-04-10,0.43310785468873386
单笔金额,2026-04-11,0.4325764128616447
单笔金额,2026-04-12,0.4368594068375668
单笔金额,2026-04-13,0.44162914204455905
单笔金额,2026-04-14,0.4318570766707566
单笔金额,2026-04-15,0.44714390945039867
单笔金额,2026-04-16,0.44637382433483663
单笔金额,2026-04-17,0.4470324653241813
单笔金额,2026-04-18,0.45377851908129213
单笔金额,2026-04-19,0.44918488146281177
单笔金额,2026-04-20,0.45272495492937287
单笔金额,2026-04-21,0.44598734351103875
单笔金额,2026-04-22,0.444957004150343
单笔金额,2026-04-23,0.4407027964149331
单笔金额,2026-04-24,0.4391326658514605
单笔金额,2026-04-25,0.4437158764931971
单笔金额,2026-04-26,0.4382115442655788
单笔金额,2026-04-27,0.43637698148249865
单笔金额,2026-04-28,0.44298051263016963
单笔金额,2026-04-29,0.4480790536124395
单笔金额,2026-04-30,0.4463456025655525
单笔金额,2026-05-01,0.4451131245188492
单笔金额,2026-05-02,0.44790358205432185
单笔金额,2026-05-03,0.4443003506737938
单笔金额,2026-05-04,0.4448942817050612
单笔金额,2026-05-05,0.42877564450821765
单笔金额,2026-05-06,0.42533830558699887
单笔金额,2026-05-07,0.43192934887925455
单笔金额,2026-05-08,0.4266922542298689
单笔金额,2026-05-09,0.4236875716467126
单笔金额,2026-05-10,0.41425308832786273
单笔金额,2026-05-11,0.41387216091951606
单笔金额,2026-05-12,0.41402287015498407
单笔金额,2026-05-13,0.41567753396904655
单笔金额,2026-05-14,0.41559239145278454
单笔金额,2026-05-15,0.41732423649100125
单笔金额,2026-05-16,0.4201171516586815
单笔金额,2026-05-17,0.4218457399811174
单笔金额,2026-05-18,0.4216807660728247
单笔金额,2026-05-19,0.422313527161616
单笔金额,2026-05-20,0.4321272935135272
单笔金额,2026-05-21,0.4284419441646557
单笔金额,2026-05-22,0.42635286931682786
单笔金额,2026-05-23,0.4275157913580776
单笔金额,2026-05-24,0.43218936043940975
单笔金额,2026-05-25,0.4346902904427031
单笔金额,2026-05-26,0.4288102176065911
单笔金额,2026-05-27,0.4223409227659694
单笔金额,2026-05-28,0.4349013485735405
单笔金额,2026-05-29,0.443185073647151
单笔金额,2026-05-30,0.42783569532026794
组合·全因子,2024-06-02,1.0001378503690759
组合·全因子,2024-06-03,0.9887077971346794
组合·全因子,2024-06-04,0.9806862835394273
组合·全因子,2024-06-05,0.9724286583573306
组合·全因子,2024-06-06,0.9728271249788899
组合·全因子,2024-06-07,0.9623621814832019
组合·全因子,2024-06-08,0.9806605459168121
组合·全因子,2024-06-09,0.9635664148466956
组合·全因子,2024-06-10,0.994262082326585
组合·全因子,2024-06-11,0.9605585191823682
组合·全因子,2024-06-12,0.9848260332365728
组合·全因子,2024-06-13,0.983284533226352
组合·全因子,2024-06-14,0.9741881030498034
组合·全因子,2024-06-15,0.9696140724764375
组合·全因子,2024-06-16,0.9858007412734939
组合·全因子,2024-06-17,0.979309845311317
组合·全因子,2024-06-18,0.977532275091306
组合·全因子,2024-06-19,0.9733691594431528
组合·全因子,2024-06-20,0.996366020158439
组合·全因子,2024-06-21,0.9916976575734644
组合·全因子,2024-06-22,0.9923728329121696
组合·全因子,2024-06-23,1.0161184280589557
组合·全因子,2024-06-24,0.9812908337531596
组合·全因子,2024-06-25,0.9770590064764072
组合·全因子,2024-06-26,0.9487443422848283
组合·全因子,2024-06-27,0.940994224125145
组合·全因子,2024-06-28,0.9438270812499572
组合·全因子,2024-06-29,0.9331734319086844
组合·全因子,2024-06-30,0.9399865932219271
组合·全因子,2024-07-01,0.9308387146002869
组合·全因子,2024-07-02,0.954744224412134
组合·全因子,2024-07-03,0.9812538008627073
组合·全因子,2024-07-04,0.9468369544043173
组合·全因子,2024-07-05,0.9361041039072794
组合·全因子,2024-07-06,0.9513742225791104
组合·全因子,2024-07-07,0.9508704109137204
组合·全因子,2024-07-08,0.9249050823391148
组合·全因子,2024-07-09,0.9277365609214968
组合·全因子,2024-07-10,0.932563805202654
组合·全因子,2024-07-11,0.9274383942973802
组合·全因子,2024-07-12,0.9540249486954423
组合·全因子,2024-07-13,0.9357322324367835
组合·全因子,2024-07-14,0.9132733287614001
组合·全因子,2024-07-15,0.9090161431317605
组合·全因子,2024-07-16,0.8952394486441011
组合·全因子,2024-07-17,0.9052205205481405
组合·全因子,2024-07-18,0.896065110442771
组合·全因子,2024-07-19,0.8900201992237112
组合·全因子,2024-07-20,0.8763876034972544
组合·全因子,2024-07-21,0.8775944809097822
组合·全因子,2024-07-22,0.9002378334203719
组合·全因子,2024-07-23,0.8820619953872075
组合·全因子,2024-07-24,0.8803172694911714
组合·全因子,2024-07-25,0.864926592026647
组合·全因子,2024-07-26,0.8693839964396055
组合·全因子,2024-07-27,0.8710786031741823
组合·全因子,2024-07-28,0.8671749991480882
组合·全因子,2024-07-29,0.8499805124679832
组合·全因子,2024-07-30,0.8525486059093885
组合·全因子,2024-07-31,0.8633779996811668
组合·全因子,2024-08-01,0.8789762196288848
组合·全因子,2024-08-02,0.9027394977155558
组合·全因子,2024-08-03,0.9270760468805626
组合·全因子,2024-08-04,0.9552097191049181
组合·全因子,2024-08-05,0.9355508515071693
组合·全因子,2024-08-06,0.9377402220039495
组合·全因子,2024-08-07,0.934862711796988
组合·全因子,2024-08-08,0.9681713302506307
组合·全因子,2024-08-09,0.9641678035347948
组合·全因子,2024-08-10,0.9771303395573084
组合·全因子,2024-08-11,0.9672970538222788
组合·全因子,2024-08-12,0.9697786763595545
组合·全因子,2024-08-13,1.0012545771280543
组合·全因子,2024-08-14,1.021879019590198
组合·全因子,2024-08-15,1.0359530574588194
组合·全因子,2024-08-16,1.0275678652678677
组合·全因子,2024-08-17,1.0344449720320719
组合·全因子,2024-08-18,1.0361899439502686
组合·全因子,2024-08-19,1.0566849100845834
组合·全因子,2024-08-20,1.0069448264768555
组合·全因子,2024-08-21,0.9971187929711738
组合·全因子,2024-08-22,0.9813996508266807
组合·全因子,2024-08-23,0.9815273092043211
组合·全因子,2024-08-24,0.9921561580312839
组合·全因子,2024-08-25,1.007312611347427
组合·全因子,2024-08-26,1.0118094927071646
组合·全因子,2024-08-27,1.0286284795945313
组合·全因子,2024-08-28,1.0394312180290988
组合·全因子,2024-08-29,1.0277628583715486
组合·全因子,2024-08-30,1.0335963080644608
组合·全因子,2024-08-31,1.0351823562909401
组合·全因子,2024-09-01,1.0026714735771434
组合·全因子,2024-09-02,1.021311505915575
组合·全因子,2024-09-03,0.9713347147083319
组合·全因子,2024-09-04,0.970328505792951
组合·全因子,2024-09-05,0.9702031477886401
组合·全因子,2024-09-06,0.9546925075379813
组合·全因子,2024-09-07,0.9602047976074712
组合·全因子,2024-09-08,0.9261215822902215
组合·全因子,2024-09-09,0.9044997389679531
组合·全因子,2024-09-10,0.9179343207802577
组合·全因子,2024-09-11,0.9328342633709921
组合·全因子,2024-09-12,0.9322652171207029
组合·全因子,2024-09-13,0.9252810335606585
组合·全因子,2024-09-14,0.9391920405128729
组合·全因子,2024-09-15,0.9412782883321482
组合·全因子,2024-09-16,0.9495754548817565
组合·全因子,2024-09-17,0.9637370793202726
组合·全因子,2024-09-18,0.9500150774265917
组合·全因子,2024-09-19,0.9427364003499275
组合·全因子,2024-09-20,0.9204341473583417
组合·全因子,2024-09-21,0.9171795280382977
组合·全因子,2024-09-22,0.8780205998941002
组合·全因子,2024-09-23,0.8817707643443546
组合·全因子,2024-09-24,0.8831381773574792
组合·全因子,2024-09-25,0.8913189134044421
组合·全因子,2024-09-26,0.8885852572473991
组合·全因子,2024-09-27,0.8973124018489468
组合·全因子,2024-09-28,0.9050890653070902
组合·全因子,2024-09-29,0.9150332491379244
组合·全因子,2024-09-30,0.9497845468505096
组合·全因子,2024-10-01,0.9699757947584875
组合·全因子,2024-10-02,0.9548636181474345
组合·全因子,2024-10-03,0.9516512741894022
组合·全因子,2024-10-04,0.9581755888193583
组合·全因子,2024-10-05,0.969757943363883
组合·全因子,2024-10-06,0.9712853135897089
组合·全因子,2024-10-07,0.9736064693029883
组合·全因子,2024-10-08,0.998465280642254
组合·全因子,2024-10-09,1.0032682436907154
组合·全因子,2024-10-10,0.9825772419851793
组合·全因子,2024-10-11,0.9377784761914546
组合·全因子,2024-10-12,0.9329338860537285
组合·全因子,2024-10-13,0.9421551681813806
组合·全因子,2024-10-14,0.97468695765995
组合·全因子,2024-10-15,0.9680207051150633
组合·全因子,2024-10-16,0.9524798041767548
组合·全因子,2024-10-17,0.9461902677512752
组合·全因子,2024-10-18,0.9354334328643793
组合·全因子,2024-10-19,0.9323846305292818
组合·全因子,2024-10-20,0.9284557291813382
组合·全因子,2024-10-21,0.9330009278609942
组合·全因子,2024-10-22,0.9380003773648242
组合·全因子,2024-10-23,0.9344915674936922
组合·全因子,2024-10-24,0.9656598528591764
组合·全因子,2024-10-25,0.9620899487634176
组合·全因子,2024-10-26,0.966898848681774
组合·全因子,2024-10-27,0.9365679129992024
组合·全因子,2024-10-28,0.915960374587721
组合·全因子,2024-10-29,0.9166467935016748
组合·全因子,2024-10-30,0.9321385132990656
组合·全因子,2024-10-31,0.9468388509007787
组合·全因子,2024-11-01,0.9541679804017664
组合·全因子,2024-11-02,0.9835084803732478
组合·全因子,2024-11-03,0.9676814983374599
组合·全因子,2024-11-04,0.9226649817755048
组合·全因子,2024-11-05,0.8526449103544851
组合·全因子,2024-11-06,0.8622892176303564
组合·全因子,2024-11-07,0.8476427461822749
组合·全因子,2024-11-08,0.8231927985597544
组合·全因子,2024-11-09,0.7981543243277204
组合·全因子,2024-11-10,0.7616701007673181
组合·全因子,2024-11-11,0.7624559902750695
组合·全因子,2024-11-12,0.7558581715699251
组合·全因子,2024-11-13,0.7616239793637118
组合·全因子,2024-11-14,0.7153081572736719
组合·全因子,2024-11-15,0.64291139224071
组合·全因子,2024-11-16,0.6718132222620157
组合·全因子,2024-11-17,0.6406665045682718
组合·全因子,2024-11-18,0.630780210211083
组合·全因子,2024-11-19,0.6250824135746572
组合·全因子,2024-11-20,0.6076345987360139
组合·全因子,2024-11-21,0.5367318937759836
组合·全因子,2024-11-22,0.4849834940394895
组合·全因子,2024-11-23,0.4733490760433172
组合·全因子,2024-11-24,0.4809149664130283
组合·全因子,2024-11-25,0.49991638654312176
组合·全因子,2024-11-26,0.4998428059607622
组合·全因子,2024-11-27,0.4870490889348886
组合·全因子,2024-11-28,0.4616164596110296
组合·全因子,2024-11-29,0.4517431746287999
组合·全因子,2024-11-30,0.43738242943504957
组合·全因子,2024-12-01,0.4110933467837615
组合·全因子,2024-12-02,0.49007136153255554
组合·全因子,2024-12-03,0.5130895010465265
组合·全因子,2024-12-04,0.516796233501385
组合·全因子,2024-12-05,0.5153489330932598
组合·全因子,2024-12-06,0.5151250300792789
组合·全因子,2024-12-07,0.5152879136982847
组合·全因子,2024-12-08,0.5398433965777515
组合·全因子,2024-12-09,0.5308813845261391
组合·全因子,2024-12-10,0.5386759638302999
组合·全因子,2024-12-11,0.5464115311542349
组合·全因子,2024-12-12,0.5510880790872583
组合·全因子,2024-12-13,0.5484333461978338
组合·全因子,2024-12-14,0.5514333911259166
组合·全因子,2024-12-15,0.5646278138409834
组合·全因子,2024-12-16,0.5711739716048531
组合·全因子,2024-12-17,0.5849045624688625
组合·全因子,2024-12-18,0.5907398476343545
组合·全因子,2024-12-19,0.5715347906145685
组合·全因子,2024-12-20,0.566065867788722
组合·全因子,2024-12-21,0.5666483516912483
组合·全因子,2024-12-22,0.5693297360095696
组合·全因子,2024-12-23,0.5610175008603829
组合·全因子,2024-12-24,0.5786530371387416
组合·全因子,2024-12-25,0.5936821418885245
组合·全因子,2024-12-26,0.6078299505725686
组合·全因子,2024-12-27,0.604850811913073
组合·全因子,2024-12-28,0.6213130299047097
组合·全因子,2024-12-29,0.6248673234970465
组合·全因子,2024-12-30,0.633043313463022
组合·全因子,2024-12-31,0.5895638497442964
组合·全因子,2025-01-01,0.588311704422937
组合·全因子,2025-01-02,0.5736497065803012
组合·全因子,2025-01-03,0.5706289213727209
组合·全因子,2025-01-04,0.5730411036980533
组合·全因子,2025-01-05,0.5798387522952436
组合·全因子,2025-01-06,0.5975030370321267
组合·全因子,2025-01-07,0.5977625677427214
组合·全因子,2025-01-08,0.601720832010951
组合·全因子,2025-01-09,0.5966573748471233
组合·全因子,2025-01-10,0.5900391933310045
组合·全因子,2025-01-11,0.600942321343491
组合·全因子,2025-01-12,0.5986835049288919
组合·全因子,2025-01-13,0.5852692300960491
组合·全因子,2025-01-14,0.5572059041606455
组合·全因子,2025-01-15,0.5416321154689294
组合·全因子,2025-01-16,0.5117059753924895
组合·全因子,2025-01-17,0.5260370432847876
组合·全因子,2025-01-18,0.5281202002391451
组合·全因子,2025-01-19,0.5136961834954735
组合·全因子,2025-01-20,0.5063769891206016
组合·全因子,2025-01-21,0.5147453570403534
组合·全因子,2025-01-22,0.49927886133294386
组合·全因子,2025-01-23,0.5062025532460068
组合·全因子,2025-01-24,0.5012339963476394
组合·全因子,2025-01-25,0.5013225063659248
组合·全因子,2025-01-26,0.5006697818909828
组合·全因子,2025-01-27,0.5081759061246485
组合·全因子,2025-01-28,0.502567493361768
组合·全因子,2025-01-29,0.4942597344846789
组合·全因子,2025-01-30,0.49087363013290847
组合·全因子,2025-01-31,0.4919928141549579
组合·全因子,2025-02-01,0.4753971418251686
组合·全因子,2025-02-02,0.47940413177714947
组合·全因子,2025-02-03,0.4759648592517075
组合·全因子,2025-02-04,0.4819439397812498
组合·全因子,2025-02-05,0.48833180142273375
组合·全因子,2025-02-06,0.4842893715286405
组合·全因子,2025-02-07,0.4872163285092371
组合·全因子,2025-02-08,0.492703852884627
组合·全因子,2025-02-09,0.48886035951793766
组合·全因子,2025-02-10,0.48587548060860797
组合·全因子,2025-02-11,0.47666632363654704
组合·全因子,2025-02-12,0.47187444255392685
组合·全因子,2025-02-13,0.46863926276452766
组合·全因子,2025-02-14,0.4685047150059137
组合·全因子,2025-02-15,0.47062102406725725
组合·全因子,2025-02-16,0.46064722860281215
组合·全因子,2025-02-17,0.4685891853208535
组合·全因子,2025-02-18,0.478125442032168
组合·全因子,2025-02-19,0.4670184333622758
组合·全因子,2025-02-20,0.4722244764471059
组合·全因子,2025-02-21,0.4776214152641561
组合·全因子,2025-02-22,0.48249893052646453
组合·全因子,2025-02-23,0.48607992043282683
组合·全因子,2025-02-24,0.47529668454664636
组合·全因子,2025-02-25,0.4885983134401352
组合·全因子,2025-02-26,0.4923564048886724
组合·全因子,2025-02-27,0.4877631034727831
组合·全因子,2025-02-28,0.4827401793627789
组合·全因子,2025-03-01,0.47238126677810677
组合·全因子,2025-03-02,0.5216277788865348
组合·全因子,2025-03-03,0.505903911802377
组合·全因子,2025-03-04,0.503062421216696
组合·全因子,2025-03-05,0.4984301890549441
组合·全因子,2025-03-06,0.5188256549277166
组合·全因子,2025-03-07,0.5234981662961375
组合·全因子,2025-03-08,0.534993841325852
组合·全因子,2025-03-09,0.5568036741489206
组合·全因子,2025-03-10,0.5492542049059642
组合·全因子,2025-03-11,0.5423958632011643
组合·全因子,2025-03-12,0.5386062009389249
组合·全因子,2025-03-13,0.5568824527659292
组合·全因子,2025-03-14,0.5548186216300416
组合·全因子,2025-03-15,0.5670317077413395
组合·全因子,2025-03-16,0.5708302168118364
组合·全因子,2025-03-17,0.5618111463472037
组合·全因子,2025-03-18,0.5581736317205099
组合·全因子,2025-03-19,0.5656019677649129
组合·全因子,2025-03-20,0.5735185660131666
组合·全因子,2025-03-21,0.5792676089810421
组合·全因子,2025-03-22,0.5745769266908793
组合·全因子,2025-03-23,0.5756584992272289
组合·全因子,2025-03-24,0.5793048813536199
组合·全因子,2025-03-25,0.5714981880375265
组合·全因子,2025-03-26,0.581607414966499
组合·全因子,2025-03-27,0.5900902008392365
组合·全因子,2025-03-28,0.5957826170760862
组合·全因子,2025-03-29,0.5946278946836819
组合·全因子,2025-03-30,0.589592937552571
组合·全因子,2025-03-31,0.5818400395183104
组合·全因子,2025-04-01,0.5849674265720123
组合·全因子,2025-04-02,0.587812996878826
组合·全因子,2025-04-03,0.5894663983832508
组合·全因子,2025-04-04,0.5889993943306271
组合·全因子,2025-04-05,0.607965572340066
组合·全因子,2025-04-06,0.6130328967610208
组合·全因子,2025-04-07,0.6274410653191093
组合·全因子,2025-04-08,0.6117891200162622
组合·全因子,2025-04-09,0.6174705106527825
组合·全因子,2025-04-10,0.6227381611735214
组合·全因子,2025-04-11,0.6026175383215175
组合·全因子,2025-04-12,0.6066174256911463
组合·全因子,2025-04-13,0.6082081791085931
组合·全因子,2025-04-14,0.6149690596858981
组合·全因子,2025-04-15,0.6105810566191252
组合·全因子,2025-04-16,0.6060164024414817
组合·全因子,2025-04-17,0.6026687425314831
组合·全因子,2025-04-18,0.5992917557867904
组合·全因子,2025-04-19,0.5924654536558269
组合·全因子,2025-04-20,0.6009270030070775
组合·全因子,2025-04-21,0.5997970475073976
组合·全因子,2025-04-22,0.5954917552962982
组合·全因子,2025-04-23,0.5923146052305507
组合·全因子,2025-04-24,0.5908052808760932
组合·全因子,2025-04-25,0.593189835702577
组合·全因子,2025-04-26,0.590454513523489
组合·全因子,2025-04-27,0.5939382065281881
组合·全因子,2025-04-28,0.5910524694492199
组合·全因子,2025-04-29,0.5903867623617495
组合·全因子,2025-04-30,0.5731878485752994
组合·全因子,2025-05-01,0.5559172212388995
组合·全因子,2025-05-02,0.5577664464104831
组合·全因子,2025-05-03,0.5620036555211454
组合·全因子,2025-05-04,0.5635927288298168
组合·全因子,2025-05-05,0.563415887205271
组合·全因子,2025-05-06,0.5617071440205199
组合·全因子,2025-05-07,0.5519886683438421
组合·全因子,2025-05-08,0.5697652432499478
组合·全因子,2025-05-09,0.5514631598066828
组合·全因子,2025-05-10,0.564424778421659
组合·全因子,2025-05-11,0.5742461212771061
组合·全因子,2025-05-12,0.5571973804733815
组合·全因子,2025-05-13,0.5610191628665002
组合·全因子,2025-05-14,0.573903952663712
组合·全因子,2025-05-15,0.574541464996401
组合·全因子,2025-05-16,0.5767483804464127
组合·全因子,2025-05-17,0.5662531392701738
组合·全因子,2025-05-18,0.5724515585093272
组合·全因子,2025-05-19,0.5651780592933361
组合·全因子,2025-05-20,0.5498771540019893
组合·全因子,2025-05-21,0.5426824372663723
组合·全因子,2025-05-22,0.5535512326643507
组合·全因子,2025-05-23,0.5535410091560001
组合·全因子,2025-05-24,0.5550900549727059
组合·全因子,2025-05-25,0.5558804989021197
组合·全因子,2025-05-26,0.550231622334801
组合·全因子,2025-05-27,0.5483425638310214
组合·全因子,2025-05-28,0.5606035818005755
组合·全因子,2025-05-29,0.5525763354953093
组合·全因子,2025-05-30,0.5584288855081654
组合·全因子,2025-05-31,0.5617991361714253
组合·全因子,2025-06-01,0.568982453564806
组合·全因子,2025-06-02,0.5670545417227002
组合·全因子,2025-06-03,0.5717101114758086
组合·全因子,2025-06-04,0.5951878425348669
组合·全因子,2025-06-05,0.5864990184866407
组合·全因子,2025-06-06,0.5691560465197356
组合·全因子,2025-06-07,0.56873622930514
组合·全因子,2025-06-08,0.5597558389697573
组合·全因子,2025-06-09,0.5163997734292592
组合·全因子,2025-06-10,0.5187040019313313
组合·全因子,2025-06-11,0.5290125852056599
组合·全因子,2025-06-12,0.5270846823263443
组合·全因子,2025-06-13,0.5419786043956034
组合·全因子,2025-06-14,0.5412718692937151
组合·全因子,2025-06-15,0.5397908086940809
组合·全因子,2025-06-16,0.5377552986143369
组合·全因子,2025-06-17,0.5325946202900175
组合·全因子,2025-06-18,0.5234357459955779
组合·全因子,2025-06-19,0.5275817662157443
组合·全因子,2025-06-20,0.5212637332082513
组合·全因子,2025-06-21,0.5277704551003871
组合·全因子,2025-06-22,0.5246365575767629
组合·全因子,2025-06-23,0.5180022433296463
组合·全因子,2025-06-24,0.5254438487188168
组合·全因子,2025-06-25,0.5277324783357853
组合·全因子,2025-06-26,0.5276049482247152
组合·全因子,2025-06-27,0.5249632569626256
组合·全因子,2025-06-28,0.5007465939993017
组合·全因子,2025-06-29,0.5125836593144982
组合·全因子,2025-06-30,0.5227935983639108
组合·全因子,2025-07-01,0.5112681913110657
组合·全因子,2025-07-02,0.5149865927681989
组合·全因子,2025-07-03,0.5336188159854384
组合·全因子,2025-07-04,0.5355172460334275
组合·全因子,2025-07-05,0.5369120427273978
组合·全因子,2025-07-06,0.5361242225468585
组合·全因子,2025-07-07,0.5304596804393688
组合·全因子,2025-07-08,0.5228023580200436
组合·全因子,2025-07-09,0.5084651110853657
组合·全因子,2025-07-10,0.506243166465998
组合·全因子,2025-07-11,0.5037089740289666
组合·全因子,2025-07-12,0.4809931825266572
组合·全因子,2025-07-13,0.4775277843973111
组合·全因子,2025-07-14,0.4944299359290882
组合·全因子,2025-07-15,0.49534734417097726
组合·全因子,2025-07-16,0.4925776504065554
组合·全因子,2025-07-17,0.5014826224617146
组合·全因子,2025-07-18,0.5004874919391283
组合·全因子,2025-07-19,0.48247180932196
组合·全因子,2025-07-20,0.49767893170403793
组合·全因子,2025-07-21,0.5029380299045662
组合·全因子,2025-07-22,0.49719573681466983
组合·全因子,2025-07-23,0.49463247158556983
组合·全因子,2025-07-24,0.48286802269760726
组合·全因子,2025-07-25,0.47706611767164575
组合·全因子,2025-07-26,0.46988529378417504
组合·全因子,2025-07-27,0.4797094343510566
组合·全因子,2025-07-28,0.4883508891215599
组合·全因子,2025-07-29,0.4833017615844098
组合·全因子,2025-07-30,0.4936756286794088
组合·全因子,2025-07-31,0.49789633818021206
组合·全因子,2025-08-01,0.5025463531121375
组合·全因子,2025-08-02,0.49407644365313336
组合·全因子,2025-08-03,0.4789561207913722
组合·全因子,2025-08-04,0.4809902194857508
组合·全因子,2025-08-05,0.4819642820006951
组合·全因子,2025-08-06,0.4773439188860665
组合·全因子,2025-08-07,0.4742150481526481
组合·全因子,2025-08-08,0.4741250948968293
组合·全因子,2025-08-09,0.48072172221258036
组合·全因子,2025-08-10,0.4892656886048576
组合·全因子,2025-08-11,0.48075416896867934
组合·全因子,2025-08-12,0.45472917498508886
组合·全因子,2025-08-13,0.46990448148090297
组合·全因子,2025-08-14,0.4828354862380668
组合·全因子,2025-08-15,0.4793855937198921
组合·全因子,2025-08-16,0.4542480971860282
组合·全因子,2025-08-17,0.45938860560091377
组合·全因子,2025-08-18,0.4763277697702544
组合·全因子,2025-08-19,0.46449320086716367
组合·全因子,2025-08-20,0.4749094987052938
组合·全因子,2025-08-21,0.46335831125566146
组合·全因子,2025-08-22,0.46129118857116946
组合·全因子,2025-08-23,0.46489484453803237
组合·全因子,2025-08-24,0.48172909318368395
组合·全因子,2025-08-25,0.48143964832535063
组合·全因子,2025-08-26,0.4875541922853468
组合·全因子,2025-08-27,0.4756676553705015
组合·全因子,2025-08-28,0.48149574289133873
组合·全因子,2025-08-29,0.47851774365202804
组合·全因子,2025-08-30,0.47871685710304984
组合·全因子,2025-08-31,0.4805509358312987
组合·全因子,2025-09-01,0.47249297821485936
组合·全因子,2025-09-02,0.47115546489200016
组合·全因子,2025-09-03,0.47354630535947184
组合·全因子,2025-09-04,0.4639787044827515
组合·全因子,2025-09-05,0.46821064576112537
组合·全因子,2025-09-06,0.4731387568161311
组合·全因子,2025-09-07,0.46638309597941957
组合·全因子,2025-09-08,0.46491440845253246
组合·全因子,2025-09-09,0.47117847517743094
组合·全因子,2025-09-10,0.46748374393485104
组合·全因子,2025-09-11,0.4677576602170537
组合·全因子,2025-09-12,0.45593289447414187
组合·全因子,2025-09-13,0.4544239561018147
组合·全因子,2025-09-14,0.45409885797937904
组合·全因子,2025-09-15,0.4554433350217975
组合·全因子,2025-09-16,0.4516055962955181
组合·全因子,2025-09-17,0.45108630264487326
组合·全因子,2025-09-18,0.4570956370758754
组合·全因子,2025-09-19,0.4640499909310122
组合·全因子,2025-09-20,0.46797335882350316
组合·全因子,2025-09-21,0.4703121264315342
组合·全因子,2025-09-22,0.4687191713153595
组合·全因子,2025-09-23,0.4684915546490781
组合·全因子,2025-09-24,0.4796778319977828
组合·全因子,2025-09-25,0.473835361424443
组合·全因子,2025-09-26,0.47871203570222354
组合·全因子,2025-09-27,0.47342232445937427
组合·全因子,2025-09-28,0.47923566169114085
组合·全因子,2025-09-29,0.48301752434629214
组合·全因子,2025-09-30,0.4807264139540549
组合·全因子,2025-10-01,0.4812447981366443
组合·全因子,2025-10-02,0.49095475869319133
组合·全因子,2025-10-03,0.48978109185169955
组合·全因子,2025-10-04,0.48651062910506654
组合·全因子,2025-10-05,0.48450192691966437
组合·全因子,2025-10-06,0.4899089274997089
组合·全因子,2025-10-07,0.495423718195137
组合·全因子,2025-10-08,0.49957744384406794
组合·全因子,2025-10-09,0.5593062709660013
组合·全因子,2025-10-10,0.5509393904565367
组合·全因子,2025-10-11,0.5447797744778677
组合·全因子,2025-10-12,0.5330545582087862
组合·全因子,2025-10-13,0.5309302426051241
组合·全因子,2025-10-14,0.5349069071214623
组合·全因子,2025-10-15,0.5340014857402783
组合·全因子,2025-10-16,0.5342672416386279
组合·全因子,2025-10-17,0.5377655859753452
组合·全因子,2025-10-18,0.5355061225108348
组合·全因子,2025-10-19,0.5351113513683703
组合·全因子,2025-10-20,0.544242214469212
组合·全因子,2025-10-21,0.551561118494567
组合·全因子,2025-10-22,0.5463222595618946
组合·全因子,2025-10-23,0.5441817260199701
组合·全因子,2025-10-24,0.5451427193487153
组合·全因子,2025-10-25,0.5332501589146934
组合·全因子,2025-10-26,0.5286657530011994
组合·全因子,2025-10-27,0.5310123930378764
组合·全因子,2025-10-28,0.5348637578522722
组合·全因子,2025-10-29,0.5379187231571559
组合·全因子,2025-10-30,0.5359319271894197
组合·全因子,2025-10-31,0.5285215248144621
组合·全因子,2025-11-01,0.51687310480742
组合·全因子,2025-11-02,0.5246023582795087
组合·全因子,2025-11-03,0.5330794178817067
组合·全因子,2025-11-04,0.5220417533675693
组合·全因子,2025-11-05,0.5243989115467258
组合·全因子,2025-11-06,0.4614653912962986
组合·全因子,2025-11-07,0.46150488982321597
组合·全因子,2025-11-08,0.4666130466023724
组合·全因子,2025-11-09,0.4898327186686681
组合·全因子,2025-11-10,0.5123078436150936
组合·全因子,2025-11-11,0.5146776021461567
组合·全因子,2025-11-12,0.5123793825158502
组合·全因子,2025-11-13,0.5147565030401993
组合·全因子,2025-11-14,0.5026019622532552
组合·全因子,2025-11-15,0.5120798292389355
组合·全因子,2025-11-16,0.5003247957945625
组合·全因子,2025-11-17,0.5036211564406928
组合·全因子,2025-11-18,0.511155800106807
组合·全因子,2025-11-19,0.5165805082054316
组合·全因子,2025-11-20,0.5041616933214755
组合·全因子,2025-11-21,0.4962682103589828
组合·全因子,2025-11-22,0.5013398254651902
组合·全因子,2025-11-23,0.5046117751546845
组合·全因子,2025-11-24,0.5136118502997068
组合·全因子,2025-11-25,0.5150828502994969
组合·全因子,2025-11-26,0.5291611156473645
组合·全因子,2025-11-27,0.5218515503198108
组合·全因子,2025-11-28,0.5207716724374456
组合·全因子,2025-11-29,0.525937294198154
组合·全因子,2025-11-30,0.5353588264443194
组合·全因子,2025-12-01,0.5254122628215652
组合·全因子,2025-12-02,0.5337918114566045
组合·全因子,2025-12-03,0.5388785408074686
组合·全因子,2025-12-04,0.5364002842002776
组合·全因子,2025-12-05,0.529854984092833
组合·全因子,2025-12-06,0.5215561964665842
组合·全因子,2025-12-07,0.5178591122632307
组合·全因子,2025-12-08,0.515379868390396
组合·全因子,2025-12-09,0.518881248383652
组合·全因子,2025-12-10,0.5254921951699605
组合·全因子,2025-12-11,0.5381712427932719
组合·全因子,2025-12-12,0.525810541196114
组合·全因子,2025-12-13,0.5307018740638779
组合·全因子,2025-12-14,0.5337182975680606
组合·全因子,2025-12-15,0.5332331697735642
组合·全因子,2025-12-16,0.5370288968996274
组合·全因子,2025-12-17,0.5336997419959236
组合·全因子,2025-12-18,0.5244896344469595
组合·全因子,2025-12-19,0.5146380903824979
组合·全因子,2025-12-20,0.5162334014504755
组合·全因子,2025-12-21,0.5065915193229493
组合·全因子,2025-12-22,0.5094416587373923
组合·全因子,2025-12-23,0.5063266816261116
组合·全因子,2025-12-24,0.505356628548993
组合·全因子,2025-12-25,0.5025842507079572
组合·全因子,2025-12-26,0.4982007089524245
组合·全因子,2025-12-27,0.5045217461442986
组合·全因子,2025-12-28,0.5129184942467412
组合·全因子,2025-12-29,0.5166071783704836
组合·全因子,2025-12-30,0.5134448421027835
组合·全因子,2025-12-31,0.49040967224392756
组合·全因子,2026-01-01,0.49281957072256977
组合·全因子,2026-01-02,0.4906132695464267
组合·全因子,2026-01-03,0.49344178178446846
组合·全因子,2026-01-04,0.4922357425339169
组合·全因子,2026-01-05,0.489156582500054
组合·全因子,2026-01-06,0.4983391090657009
组合·全因子,2026-01-07,0.5017042303514421
组合·全因子,2026-01-08,0.49869574845787573
组合·全因子,2026-01-09,0.49932232833991735
组合·全因子,2026-01-10,0.4953663093353677
组合·全因子,2026-01-11,0.5030806606126239
组合·全因子,2026-01-12,0.4945621267815071
组合·全因子,2026-01-13,0.5000167014951231
组合·全因子,2026-01-14,0.5127046451752341
组合·全因子,2026-01-15,0.5115917615797624
组合·全因子,2026-01-16,0.5109044609958961
组合·全因子,2026-01-17,0.5214500673151713
组合·全因子,2026-01-18,0.5203951121041173
组合·全因子,2026-01-19,0.521859403034891
组合·全因子,2026-01-20,0.5101021468389674
组合·全因子,2026-01-21,0.5156526874285908
组合·全因子,2026-01-22,0.5126142730869606
组合·全因子,2026-01-23,0.512415393704381
组合·全因子,2026-01-24,0.5271724279819745
组合·全因子,2026-01-25,0.5242412170182736
组合·全因子,2026-01-26,0.51883539348889
组合·全因子,2026-01-27,0.5196239283759985
组合·全因子,2026-01-28,0.5361284940974215
组合·全因子,2026-01-29,0.5494877604025249
组合·全因子,2026-01-30,0.5528418486492814
组合·全因子,2026-01-31,0.5554699459808928
组合·全因子,2026-02-01,0.5576533268806312
组合·全因子,2026-02-02,0.5551533525293395
组合·全因子,2026-02-03,0.5576867771523255
组合·全因子,2026-02-04,0.5863716204436453
组合·全因子,2026-02-05,0.5690324221483745
组合·全因子,2026-02-06,0.5722517755644676
组合·全因子,2026-02-07,0.5709089341043406
组合·全因子,2026-02-08,0.5706887285077719
组合·全因子,2026-02-09,0.5734488036407175
组合·全因子,2026-02-10,0.5724384385052396
组合·全因子,2026-02-11,0.578364785750426
组合·全因子,2026-02-12,0.5658804171985166
组合·全因子,2026-02-13,0.5643187337498559
组合·全因子,2026-02-14,0.5750150493072103
组合·全因子,2026-02-15,0.5652902640514949
组合·全因子,2026-02-16,0.5594405054137448
组合·全因子,2026-02-17,0.5615288652312899
组合·全因子,2026-02-18,0.5495926158631695
组合·全因子,2026-02-19,0.5463397842696447
组合·全因子,2026-02-20,0.5428500995685505
组合·全因子,2026-02-21,0.5469316729228464
组合·全因子,2026-02-22,0.5600678634336265
组合·全因子,2026-02-23,0.5727461384860938
组合·全因子,2026-02-24,0.6089861496853481
组合·全因子,2026-02-25,0.6148450703721072
组合·全因子,2026-02-26,0.6153934618005972
组合·全因子,2026-02-27,0.6064246858286086
组合·全因子,2026-02-28,0.613676193492143
组合·全因子,2026-03-01,0.5946646958864805
组合·全因子,2026-03-02,0.5971640596426743
组合·全因子,2026-03-03,0.611103676397563
组合·全因子,2026-03-04,0.6093455176314738
组合·全因子,2026-03-05,0.6143194993298629
组合·全因子,2026-03-06,0.6152449031660885
组合·全因子,2026-03-07,0.6179719881187882
组合·全因子,2026-03-08,0.6215911931790441
组合·全因子,2026-03-09,0.6151710297417371
组合·全因子,2026-03-10,0.6212214539865913
组合·全因子,2026-03-11,0.6171451598437596
组合·全因子,2026-03-12,0.6107717653188893
组合·全因子,2026-03-13,0.6136072735551401
组合·全因子,2026-03-14,0.6104943801280367
组合·全因子,2026-03-15,0.606438455293292
组合·全因子,2026-03-16,0.61373940557786
组合·全因子,2026-03-17,0.6157404120552148
组合·全因子,2026-03-18,0.6132828906435681
组合·全因子,2026-03-19,0.6208275001344712
组合·全因子,2026-03-20,0.6244813793382161
组合·全因子,2026-03-21,0.6253403921240532
组合·全因子,2026-03-22,0.6087065576247426
组合·全因子,2026-03-23,0.605348918269824
组合·全因子,2026-03-24,0.6141945234060053
组合·全因子,2026-03-25,0.6205714674753064
组合·全因子,2026-03-26,0.6202475038745399
组合·全因子,2026-03-27,0.6244048726547392
组合·全因子,2026-03-28,0.6215472562918136
组合·全因子,2026-03-29,0.6274667038482181
组合·全因子,2026-03-30,0.6269026846103745
组合·全因子,2026-03-31,0.6184272123681726
组合·全因子,2026-04-01,0.6194252243250968
组合·全因子,2026-04-02,0.6247889362383585
组合·全因子,2026-04-03,0.6321617040698662
组合·全因子,2026-04-04,0.6242084881237953
组合·全因子,2026-04-05,0.6301340265699876
组合·全因子,2026-04-06,0.6212495149955887
组合·全因子,2026-04-07,0.6266271606570818
组合·全因子,2026-04-08,0.6295799668067031
组合·全因子,2026-04-09,0.613009738593762
组合·全因子,2026-04-10,0.6102368779119587
组合·全因子,2026-04-11,0.619388128636422
组合·全因子,2026-04-12,0.602703377904369
组合·全因子,2026-04-13,0.6137168629412606
组合·全因子,2026-04-14,0.5993147723181269
组合·全因子,2026-04-15,0.5943465893865597
组合·全因子,2026-04-16,0.5968824471937574
组合·全因子,2026-04-17,0.6157226997303527
组合·全因子,2026-04-18,0.6301727087667386
组合·全因子,2026-04-19,0.6322250557015154
组合·全因子,2026-04-20,0.6300477195345745
组合·全因子,2026-04-21,0.6238167338385299
组合·全因子,2026-04-22,0.6241191029136542
组合·全因子,2026-04-23,0.6250128518938025
组合·全因子,2026-04-24,0.6194186710178133
组合·全因子,2026-04-25,0.6179869658995442
组合·全因子,2026-04-26,0.6154242653086286
组合·全因子,2026-04-27,0.612902002703891
组合·全因子,2026-04-28,0.621197912065132
组合·全因子,2026-04-29,0.621985724670481
组合·全因子,2026-04-30,0.6096760762151542
组合·全因子,2026-05-01,0.6064251671586411
组合·全因子,2026-05-02,0.6042655135580449
组合·全因子,2026-05-03,0.5987637197161378
组合·全因子,2026-05-04,0.6003883656601181
组合·全因子,2026-05-05,0.5954208600545706
组合·全因子,2026-05-06,0.5940227271602706
组合·全因子,2026-05-07,0.5678021199036788
组合·全因子,2026-05-08,0.5852850940595248
组合·全因子,2026-05-09,0.5906834860424456
组合·全因子,2026-05-10,0.6024650332424881
组合·全因子,2026-05-11,0.6092564084185789
组合·全因子,2026-05-12,0.6229294291689562
组合·全因子,2026-05-13,0.6199944954575077
组合·全因子,2026-05-14,0.6243343408096063
组合·全因子,2026-05-15,0.6268017227832663
组合·全因子,2026-05-16,0.631724826271084
组合·全因子,2026-05-17,0.6332746920153399
组合·全因子,2026-05-18,0.6372252145438956
组合·全因子,2026-05-19,0.641065166139112
组合·全因子,2026-05-20,0.6184777360042744
组合·全因子,2026-05-21,0.5999692459851887
组合·全因子,2026-05-22,0.584915287243216
组合·全因子,2026-05-23,0.5916161983020274
组合·全因子,2026-05-24,0.5637779535245372
组合·全因子,2026-05-25,0.5661206365924294
组合·全因子,2026-05-26,0.5473893389468049
组合·全因子,2026-05-27,0.5165909580713569
组合·全因子,2026-05-28,0.47020779715694505
组合·全因子,2026-05-29,0.4836138319748574
组合·全因子,2026-05-30,0.46831819065947355
组合·价格3,2024-06-02,0.9862658543500724
组合·价格3,2024-06-03,0.9829914934158117
组合·价格3,2024-06-04,0.9764959325582777
组合·价格3,2024-06-05,0.9808940613877574
组合·价格3,2024-06-06,0.9729535662585389
组合·价格3,2024-06-07,0.9547478177161847
组合·价格3,2024-06-08,0.9769852272048092
组合·价格3,2024-06-09,0.9768647565360403
组合·价格3,2024-06-10,0.9864438160105865
组合·价格3,2024-06-11,1.0039098783204174
组合·价格3,2024-06-12,1.005219846330449
组合·价格3,2024-06-13,1.018787450498611
组合·价格3,2024-06-14,1.021031675176215
组合·价格3,2024-06-15,1.0241818440749704
组合·价格3,2024-06-16,1.0574422158842174
组合·价格3,2024-06-17,1.0685029290206154
组合·价格3,2024-06-18,1.048172717620605
组合·价格3,2024-06-19,1.064688713240563
组合·价格3,2024-06-20,1.0819669648261176
组合·价格3,2024-06-21,1.0835302287464106
组合·价格3,2024-06-22,1.0789453384532979
组合·价格3,2024-06-23,1.1408236084470655
组合·价格3,2024-06-24,1.1314129744783832
组合·价格3,2024-06-25,1.135473616802446
组合·价格3,2024-06-26,1.1515509962630701
组合·价格3,2024-06-27,1.1544373650524127
组合·价格3,2024-06-28,1.167573631224883
组合·价格3,2024-06-29,1.1312399880883832
组合·价格3,2024-06-30,1.1373100023682918
组合·价格3,2024-07-01,1.1184933562874841
组合·价格3,2024-07-02,1.1418578912298218
组合·价格3,2024-07-03,1.1800149179429738
组合·价格3,2024-07-04,1.164171294028455
组合·价格3,2024-07-05,1.1537394055031016
组合·价格3,2024-07-06,1.1762147351288892
组合·价格3,2024-07-07,1.1528770946926021
组合·价格3,2024-07-08,1.1647271018043264
组合·价格3,2024-07-09,1.167198246030367
组合·价格3,2024-07-10,1.190576021217526
组合·价格3,2024-07-11,1.1971703451047813
组合·价格3,2024-07-12,1.241486848765547
组合·价格3,2024-07-13,1.2373202970941675
组合·价格3,2024-07-14,1.2115059232661556
组合·价格3,2024-07-15,1.2191811332455351
组合·价格3,2024-07-16,1.2261126972429213
组合·价格3,2024-07-17,1.2363548042970594
组合·价格3,2024-07-18,1.2271667718963297
组合·价格3,2024-07-19,1.2168080551035159
组合·价格3,2024-07-20,1.214221352189392
组合·价格3,2024-07-21,1.2158662737041983
组合·价格3,2024-07-22,1.2797147365232537
组合·价格3,2024-07-23,1.2620488351166588
组合·价格3,2024-07-24,1.2729858074461646
组合·价格3,2024-07-25,1.2449231124615392
组合·价格3,2024-07-26,1.2474747710972311
组合·价格3,2024-07-27,1.2270181262913689
组合·价格3,2024-07-28,1.2065762919449992
组合·价格3,2024-07-29,1.190776413594416
组合·价格3,2024-07-30,1.197809267880857
组合·价格3,2024-07-31,1.1724177496664734
组合·价格3,2024-08-01,1.1712074946403321
组合·价格3,2024-08-02,1.1692012472839672
组合·价格3,2024-08-03,1.199147455950646
组合·价格3,2024-08-04,1.2616877350336644
组合·价格3,2024-08-05,1.24479070143131
组合·价格3,2024-08-06,1.226357973142463
组合·价格3,2024-08-07,1.2302099259923167
组合·价格3,2024-08-08,1.2686641156199587
组合·价格3,2024-08-09,1.2962442144856834
组合·价格3,2024-08-10,1.310100303993586
组合·价格3,2024-08-11,1.2908986208929565
组合·价格3,2024-08-12,1.2841094492805007
组合·价格3,2024-08-13,1.2797481685334817
组合·价格3,2024-08-14,1.2852481730487317
组合·价格3,2024-08-15,1.279777536491725
组合·价格3,2024-08-16,1.287534000240985
组合·价格3,2024-08-17,1.2959925634824883
组合·价格3,2024-08-18,1.2970040936296754
组合·价格3,2024-08-19,1.2856727215550445
组合·价格3,2024-08-20,1.294949996958424
组合·价格3,2024-08-21,1.2728028081717198
组合·价格3,2024-08-22,1.2868498101036197
组合·价格3,2024-08-23,1.2951009729210823
组合·价格3,2024-08-24,1.302433489968006
组合·价格3,2024-08-25,1.313483662387237
组合·价格3,2024-08-26,1.3310981020779786
组合·价格3,2024-08-27,1.3371522487015854
组合·价格3,2024-08-28,1.3504213004117318
组合·价格3,2024-08-29,1.333322863290046
组合·价格3,2024-08-30,1.3354374015759825
组合·价格3,2024-08-31,1.3308007363144168
组合·价格3,2024-09-01,1.2994231024678096
组合·价格3,2024-09-02,1.3126166965301143
组合·价格3,2024-09-03,1.2869286378382887
组合·价格3,2024-09-04,1.286332939650131
组合·价格3,2024-09-05,1.298051823358993
组合·价格3,2024-09-06,1.2866167035519984
组合·价格3,2024-09-07,1.2970346694014059
组合·价格3,2024-09-08,1.2507823995236416
组合·价格3,2024-09-09,1.226597540452101
组合·价格3,2024-09-10,1.2507991815070236
组合·价格3,2024-09-11,1.2470246427290639
组合·价格3,2024-09-12,1.2388723000608017
组合·价格3,2024-09-13,1.2426412502984268
组合·价格3,2024-09-14,1.254957636561305
组合·价格3,2024-09-15,1.2611916385659216
组合·价格3,2024-09-16,1.2719008000651315
组合·价格3,2024-09-17,1.2583248451249658
组合·价格3,2024-09-18,1.209342875345658
组合·价格3,2024-09-19,1.1765228791322084
组合·价格3,2024-09-20,1.138563999420351
组合·价格3,2024-09-21,1.1341225731869289
组合·价格3,2024-09-22,1.090961420226067
组合·价格3,2024-09-23,1.0967296821521588
组合·价格3,2024-09-24,1.108141427183302
组合·价格3,2024-09-25,1.115164098098846
组合·价格3,2024-09-26,1.108500642876526
组合·价格3,2024-09-27,1.1213730856060065
组合·价格3,2024-09-28,1.1448279024884194
组合·价格3,2024-09-29,1.1370663413561743
组合·价格3,2024-09-30,1.1601301550277807
组合·价格3,2024-10-01,1.1779767275768311
组合·价格3,2024-10-02,1.141763094348012
组合·价格3,2024-10-03,1.1352349843908711
组合·价格3,2024-10-04,1.141170521411177
组合·价格3,2024-10-05,1.1453817184447515
组合·价格3,2024-10-06,1.1373415315317585
组合·价格3,2024-10-07,1.1312523585717784
组合·价格3,2024-10-08,1.168283388380299
组合·价格3,2024-10-09,1.1502668123099022
组合·价格3,2024-10-10,1.1500637757219248
组合·价格3,2024-10-11,1.1135967813573007
组合·价格3,2024-10-12,1.1067674331067894
组合·价格3,2024-10-13,1.09439469087897
组合·价格3,2024-10-14,1.1133136165532864
组合·价格3,2024-10-15,1.123843890002102
组合·价格3,2024-10-16,1.1114741908838028
组合·价格3,2024-10-17,1.106567062362835
组合·价格3,2024-10-18,1.1049698613730563
组合·价格3,2024-10-19,1.107849472010063
组合·价格3,2024-10-20,1.1123459552624748
组合·价格3,2024-10-21,1.1175757431100093
组合·价格3,2024-10-22,1.1100353682542012
组合·价格3,2024-10-23,1.115661853476692
组合·价格3,2024-10-24,1.1799155424379635
组合·价格3,2024-10-25,1.1523592388168962
组合·价格3,2024-10-26,1.1313332096505269
组合·价格3,2024-10-27,1.1212648263214602
组合·价格3,2024-10-28,1.0855572983723647
组合·价格3,2024-10-29,1.0815200607137412
组合·价格3,2024-10-30,1.109279470866273
组合·价格3,2024-10-31,1.1198283914382416
组合·价格3,2024-11-01,1.113139234252436
组合·价格3,2024-11-02,1.1377873722148546
组合·价格3,2024-11-03,1.132425007704284
组合·价格3,2024-11-04,1.1023029471745047
组合·价格3,2024-11-05,1.062384853753175
组合·价格3,2024-11-06,1.0771904268753292
组合·价格3,2024-11-07,1.0419053422090536
组合·价格3,2024-11-08,0.9964457106971397
组合·价格3,2024-11-09,0.9251565605165054
组合·价格3,2024-11-10,0.8655891569107687
组合·价格3,2024-11-11,0.9256030839752305
组合·价格3,2024-11-12,0.9020133732199423
组合·价格3,2024-11-13,0.934363777012164
组合·价格3,2024-11-14,0.9237206108082251
组合·价格3,2024-11-15,0.7981143599315118
组合·价格3,2024-11-16,0.8260416534641266
组合·价格3,2024-11-17,0.8131766419954725
组合·价格3,2024-11-18,0.7867792675931757
组合·价格3,2024-11-19,0.7484481043256711
组合·价格3,2024-11-20,0.7225018947713402
组合·价格3,2024-11-21,0.6627924852492358
组合·价格3,2024-11-22,0.6094419667268131
组合·价格3,2024-11-23,0.6111611154380998
组合·价格3,2024-11-24,0.5954019082943323
组合·价格3,2024-11-25,0.6096330102409973
组合·价格3,2024-11-26,0.6047216762070898
组合·价格3,2024-11-27,0.6050583096716318
组合·价格3,2024-11-28,0.5792744361625013
组合·价格3,2024-11-29,0.5759374722486233
组合·价格3,2024-11-30,0.5397370305331873
组合·价格3,2024-12-01,0.497239481471987
组合·价格3,2024-12-02,0.6274951447036755
组合·价格3,2024-12-03,0.6749911164164205
组合·价格3,2024-12-04,0.676849044412728
组合·价格3,2024-12-05,0.6840675728696277
组合·价格3,2024-12-06,0.6718890860516822
组合·价格3,2024-12-07,0.6599898768298427
组合·价格3,2024-12-08,0.6623784207241403
组合·价格3,2024-12-09,0.6372479454610177
组合·价格3,2024-12-10,0.6524963728590625
组合·价格3,2024-12-11,0.6504999513548931
组合·价格3,2024-12-12,0.6486681077812121
组合·价格3,2024-12-13,0.6637567666157964
组合·价格3,2024-12-14,0.6637314772662121
组合·价格3,2024-12-15,0.6738133873802457
组合·价格3,2024-12-16,0.6537506180558883
组合·价格3,2024-12-17,0.6662858527471235
组合·价格3,2024-12-18,0.6597954354338369
组合·价格3,2024-12-19,0.6707903211080911
组合·价格3,2024-12-20,0.645679874941224
组合·价格3,2024-12-21,0.6445047815072911
组合·价格3,2024-12-22,0.6275482747973705
组合·价格3,2024-12-23,0.6322745349061005
组合·价格3,2024-12-24,0.6428542708293168
组合·价格3,2024-12-25,0.6542278741639765
组合·价格3,2024-12-26,0.6654089343443483
组合·价格3,2024-12-27,0.6473481075786823
组合·价格3,2024-12-28,0.6602519512271599
组合·价格3,2024-12-29,0.6672719577561264
组合·价格3,2024-12-30,0.6651013546659384
组合·价格3,2024-12-31,0.619369597186741
组合·价格3,2025-01-01,0.6263486664359
组合·价格3,2025-01-02,0.6171822190076435
组合·价格3,2025-01-03,0.6163255902925591
组合·价格3,2025-01-04,0.6242859530479726
组合·价格3,2025-01-05,0.6355143040056899
组合·价格3,2025-01-06,0.6309002001635111
组合·价格3,2025-01-07,0.632386702016414
组合·价格3,2025-01-08,0.6411272882424734
组合·价格3,2025-01-09,0.6389290090667616
组合·价格3,2025-01-10,0.6371660471773997
组合·价格3,2025-01-11,0.6421969174804047
组合·价格3,2025-01-12,0.6457816783120688
组合·价格3,2025-01-13,0.6301012875247041
组合·价格3,2025-01-14,0.5928917636687049
组合·价格3,2025-01-15,0.5936344142749869
组合·价格3,2025-01-16,0.5792697599615582
组合·价格3,2025-01-17,0.588283874160039
组合·价格3,2025-01-18,0.5874134737874893
组合·价格3,2025-01-19,0.5854186251843289
组合·价格3,2025-01-20,0.5918059166399176
组合·价格3,2025-01-21,0.5927142059001452
组合·价格3,2025-01-22,0.5916736506306965
组合·价格3,2025-01-23,0.5926622899488606
组合·价格3,2025-01-24,0.5806771709743178
组合·价格3,2025-01-25,0.5819987455549513
组合·价格3,2025-01-26,0.5705589846100082
组合·价格3,2025-01-27,0.5728780910895938
组合·价格3,2025-01-28,0.5678077277332645
组合·价格3,2025-01-29,0.5672071664175332
组合·价格3,2025-01-30,0.5749287450418652
组合·价格3,2025-01-31,0.5774664591551881
组合·价格3,2025-02-01,0.5476056652965339
组合·价格3,2025-02-02,0.5349366745438168
组合·价格3,2025-02-03,0.5389168118643657
组合·价格3,2025-02-04,0.5512423524890027
组合·价格3,2025-02-05,0.5657854335916529
组合·价格3,2025-02-06,0.5706199886791322
组合·价格3,2025-02-07,0.5718019176027676
组合·价格3,2025-02-08,0.5706694582591263
组合·价格3,2025-02-09,0.5743791097813473
组合·价格3,2025-02-10,0.5713655112137325
组合·价格3,2025-02-11,0.575841392849449
组合·价格3,2025-02-12,0.5780180444457625
组合·价格3,2025-02-13,0.5677328967908326
组合·价格3,2025-02-14,0.563599504349834
组合·价格3,2025-02-15,0.561396169804106
组合·价格3,2025-02-16,0.5708808413554615
组合·价格3,2025-02-17,0.5544669494169532
组合·价格3,2025-02-18,0.5564969443007903
组合·价格3,2025-02-19,0.5583300582260207
组合·价格3,2025-02-20,0.5515752988032604
组合·价格3,2025-02-21,0.5619800341844615
组合·价格3,2025-02-22,0.5620995570394063
组合·价格3,2025-02-23,0.5449466089280878
组合·价格3,2025-02-24,0.5391111253156143
组合·价格3,2025-02-25,0.5604438176608152
组合·价格3,2025-02-26,0.5723933599207335
组合·价格3,2025-02-27,0.5802849023482342
组合·价格3,2025-02-28,0.5861783957721304
组合·价格3,2025-03-01,0.5174969354521537
组合·价格3,2025-03-02,0.5623611530637612
组合·价格3,2025-03-03,0.55206267969215
组合·价格3,2025-03-04,0.5720779664414308
组合·价格3,2025-03-05,0.5707068633295117
组合·价格3,2025-03-06,0.5968954811682101
组合·价格3,2025-03-07,0.591517874196905
组合·价格3,2025-03-08,0.602430449458272
组合·价格3,2025-03-09,0.6147153540374991
组合·价格3,2025-03-10,0.6214117879952029
组合·价格3,2025-03-11,0.627490510989335
组合·价格3,2025-03-12,0.6449968811100066
组合·价格3,2025-03-13,0.6563773228342181
组合·价格3,2025-03-14,0.655121881128394
组合·价格3,2025-03-15,0.6612172236898067
组合·价格3,2025-03-16,0.6657889584288419
组合·价格3,2025-03-17,0.6664947122236416
组合·价格3,2025-03-18,0.6703018593808644
组合·价格3,2025-03-19,0.6760520056894872
组合·价格3,2025-03-20,0.6696346042276775
组合·价格3,2025-03-21,0.6572273312613757
组合·价格3,2025-03-22,0.6533393521868467
组合·价格3,2025-03-23,0.6554790282737243
组合·价格3,2025-03-24,0.6640279410530896
组合·价格3,2025-03-25,0.6428532237373754
组合·价格3,2025-03-26,0.6501630236823146
组合·价格3,2025-03-27,0.6485098910838217
组合·价格3,2025-03-28,0.6473280722629694
组合·价格3,2025-03-29,0.6446417180587516
组合·价格3,2025-03-30,0.6496641522441458
组合·价格3,2025-03-31,0.644917541462443
组合·价格3,2025-04-01,0.6545015582950379
组合·价格3,2025-04-02,0.66843022861351
组合·价格3,2025-04-03,0.6569162634640021
组合·价格3,2025-04-04,0.6543656013179635
组合·价格3,2025-04-05,0.6693837745788506
组合·价格3,2025-04-06,0.6819183636909046
组合·价格3,2025-04-07,0.7073617983475248
组合·价格3,2025-04-08,0.6796715433332388
组合·价格3,2025-04-09,0.6974035456831815
组合·价格3,2025-04-10,0.6923844901972703
组合·价格3,2025-04-11,0.6627308515607322
组合·价格3,2025-04-12,0.6686712480949372
组合·价格3,2025-04-13,0.6670762581682678
组合·价格3,2025-04-14,0.6700952717781332
组合·价格3,2025-04-15,0.6620763079094543
组合·价格3,2025-04-16,0.6571254620548335
组合·价格3,2025-04-17,0.6644375069994367
组合·价格3,2025-04-18,0.6754514262744318
组合·价格3,2025-04-19,0.6684055983797594
组合·价格3,2025-04-20,0.6717348773005631
组合·价格3,2025-04-21,0.66768866827634
组合·价格3,2025-04-22,0.6610436753212804
组合·价格3,2025-04-23,0.6646803199092327
组合·价格3,2025-04-24,0.6629413366564807
组合·价格3,2025-04-25,0.6637504940646926
组合·价格3,2025-04-26,0.6756701804570404
组合·价格3,2025-04-27,0.6720168940867782
组合·价格3,2025-04-28,0.6720974157146035
组合·价格3,2025-04-29,0.6748998917593374
组合·价格3,2025-04-30,0.6769579355890772
组合·价格3,2025-05-01,0.6711643651107164
组合·价格3,2025-05-02,0.6571827060666995
组合·价格3,2025-05-03,0.6497346193332851
组合·价格3,2025-05-04,0.6524737482853157
组合·价格3,2025-05-05,0.6625410370418485
组合·价格3,2025-05-06,0.6720011091761978
组合·价格3,2025-05-07,0.6384476340918497
组合·价格3,2025-05-08,0.6520485167180903
组合·价格3,2025-05-09,0.6354615947761689
组合·价格3,2025-05-10,0.6533542932538926
组合·价格3,2025-05-11,0.6607108103852635
组合·价格3,2025-05-12,0.6407556795623213
组合·价格3,2025-05-13,0.6596025322024716
组合·价格3,2025-05-14,0.684029661771108
组合·价格3,2025-05-15,0.688342874245576
组合·价格3,2025-05-16,0.6910205384561545
组合·价格3,2025-05-17,0.6932520229710039
组合·价格3,2025-05-18,0.6839944561104069
组合·价格3,2025-05-19,0.6786357004661339
组合·价格3,2025-05-20,0.675685436156326
组合·价格3,2025-05-21,0.672206146834872
组合·价格3,2025-05-22,0.6835707568001728
组合·价格3,2025-05-23,0.6760260921421342
组合·价格3,2025-05-24,0.6768613653847676
组合·价格3,2025-05-25,0.6770720874768799
组合·价格3,2025-05-26,0.6811826238624811
组合·价格3,2025-05-27,0.6883032904454083
组合·价格3,2025-05-28,0.6934166169952215
组合·价格3,2025-05-29,0.6786334991361098
组合·价格3,2025-05-30,0.6820301663206911
组合·价格3,2025-05-31,0.686585636335887
组合·价格3,2025-06-01,0.6978867541620409
组合·价格3,2025-06-02,0.7017583067601185
组合·价格3,2025-06-03,0.7130006586003169
组合·价格3,2025-06-04,0.7440702025561111
组合·价格3,2025-06-05,0.7537728689975002
组合·价格3,2025-06-06,0.7365671963903292
组合·价格3,2025-06-07,0.7473957418523195
组合·价格3,2025-06-08,0.7332790446686562
组合·价格3,2025-06-09,0.690417079366066
组合·价格3,2025-06-10,0.6988616667617642
组合·价格3,2025-06-11,0.7059213645424218
组合·价格3,2025-06-12,0.7183924242697909
组合·价格3,2025-06-13,0.733401590843409
组合·价格3,2025-06-14,0.7238396405779481
组合·价格3,2025-06-15,0.7265928585423739
组合·价格3,2025-06-16,0.7187954753160766
组合·价格3,2025-06-17,0.7233473720275494
组合·价格3,2025-06-18,0.7114196377288962
组合·价格3,2025-06-19,0.7203599019437146
组合·价格3,2025-06-20,0.7230475738037621
组合·价格3,2025-06-21,0.7225344692655029
组合·价格3,2025-06-22,0.719147534321554
组合·价格3,2025-06-23,0.7368131049788196
组合·价格3,2025-06-24,0.7323271609695501
组合·价格3,2025-06-25,0.7354146337574905
组合·价格3,2025-06-26,0.7361424196333544
组合·价格3,2025-06-27,0.7328547169504284
组合·价格3,2025-06-28,0.711250403083029
组合·价格3,2025-06-29,0.7297145448502985
组合·价格3,2025-06-30,0.7447506694237986
组合·价格3,2025-07-01,0.723145258428401
组合·价格3,2025-07-02,0.727177543922427
组合·价格3,2025-07-03,0.7421101303158755
组合·价格3,2025-07-04,0.7409453051091688
组合·价格3,2025-07-05,0.744714491910897
组合·价格3,2025-07-06,0.7461852013161921
组合·价格3,2025-07-07,0.7402723203680559
组合·价格3,2025-07-08,0.7228666218330736
组合·价格3,2025-07-09,0.713713878587706
组合·价格3,2025-07-10,0.719497867411607
组合·价格3,2025-07-11,0.7100005032612468
组合·价格3,2025-07-12,0.7041433925657459
组合·价格3,2025-07-13,0.6932637071016866
组合·价格3,2025-07-14,0.7230026865799083
组合·价格3,2025-07-15,0.7063841432877093
组合·价格3,2025-07-16,0.6948517267808442
组合·价格3,2025-07-17,0.6981582151152268
组合·价格3,2025-07-18,0.7158813554789146
组合·价格3,2025-07-19,0.7173458450995002
组合·价格3,2025-07-20,0.7109755642878821
组合·价格3,2025-07-21,0.7090523850553859
组合·价格3,2025-07-22,0.729955174186581
组合·价格3,2025-07-23,0.7242287174593531
组合·价格3,2025-07-24,0.719746728427847
组合·价格3,2025-07-25,0.7198694465335226
组合·价格3,2025-07-26,0.7217886472218762
组合·价格3,2025-07-27,0.7132851260786125
组合·价格3,2025-07-28,0.7078383031534404
组合·价格3,2025-07-29,0.7013227799081881
组合·价格3,2025-07-30,0.7060992489415926
组合·价格3,2025-07-31,0.6933991448407066
组合·价格3,2025-08-01,0.693938995525697
组合·价格3,2025-08-02,0.696942831773248
组合·价格3,2025-08-03,0.6921201375169648
组合·价格3,2025-08-04,0.6895049838351281
组合·价格3,2025-08-05,0.695777394840806
组合·价格3,2025-08-06,0.6712024704870678
组合·价格3,2025-08-07,0.6605630478129366
组合·价格3,2025-08-08,0.6397190474154714
组合·价格3,2025-08-09,0.642284116801757
组合·价格3,2025-08-10,0.6522033597127592
组合·价格3,2025-08-11,0.6335801133855768
组合·价格3,2025-08-12,0.5921478558942461
组合·价格3,2025-08-13,0.6210900892486261
组合·价格3,2025-08-14,0.6380437130048944
组合·价格3,2025-08-15,0.6251687470191449
组合·价格3,2025-08-16,0.598478274508694
组合·价格3,2025-08-17,0.600623804046014
组合·价格3,2025-08-18,0.6207760571497838
组合·价格3,2025-08-19,0.5973104419190777
组合·价格3,2025-08-20,0.6109860949340121
组合·价格3,2025-08-21,0.6249224757965688
组合·价格3,2025-08-22,0.6166885662837542
组合·价格3,2025-08-23,0.6118244959106315
组合·价格3,2025-08-24,0.6338241439739783
组合·价格3,2025-08-25,0.6218227529526538
组合·价格3,2025-08-26,0.6251205254384534
组合·价格3,2025-08-27,0.6160409237574342
组合·价格3,2025-08-28,0.628342722712945
组合·价格3,2025-08-29,0.6241596635769597
组合·价格3,2025-08-30,0.6246542809562566
组合·价格3,2025-08-31,0.6255697164186866
组合·价格3,2025-09-01,0.607409651322598
组合·价格3,2025-09-02,0.6140673514913616
组合·价格3,2025-09-03,0.6145626999971722
组合·价格3,2025-09-04,0.6169029986041763
组合·价格3,2025-09-05,0.6213961536893912
组合·价格3,2025-09-06,0.6228262365993648
组合·价格3,2025-09-07,0.6200628955400803
组合·价格3,2025-09-08,0.6160084357102564
组合·价格3,2025-09-09,0.6212645726233835
组合·价格3,2025-09-10,0.624081454629507
组合·价格3,2025-09-11,0.620009439558734
组合·价格3,2025-09-12,0.6002055395131565
组合·价格3,2025-09-13,0.6016344924552622
组合·价格3,2025-09-14,0.6050533781820531
组合·价格3,2025-09-15,0.6082207501875437
组合·价格3,2025-09-16,0.5971388606630433
组合·价格3,2025-09-17,0.5907929147427292
组合·价格3,2025-09-18,0.5970710380198413
组合·价格3,2025-09-19,0.5944095467072116
组合·价格3,2025-09-20,0.6003624664949886
组合·价格3,2025-09-21,0.6119099474839278
组合·价格3,2025-09-22,0.614665848536486
组合·价格3,2025-09-23,0.6121869771790794
组合·价格3,2025-09-24,0.6368504094319695
组合·价格3,2025-09-25,0.6307898131059609
组合·价格3,2025-09-26,0.6368265868426222
组合·价格3,2025-09-27,0.6255428632528508
组合·价格3,2025-09-28,0.6228758506251706
组合·价格3,2025-09-29,0.6309092344377207
组合·价格3,2025-09-30,0.6258581633528617
组合·价格3,2025-10-01,0.621786865623378
组合·价格3,2025-10-02,0.6307619385955268
组合·价格3,2025-10-03,0.6378157160357397
组合·价格3,2025-10-04,0.6327676803019848
组合·价格3,2025-10-05,0.639053345187722
组合·价格3,2025-10-06,0.6288061580059714
组合·价格3,2025-10-07,0.633780145002841
组合·价格3,2025-10-08,0.6244863942834337
组合·价格3,2025-10-09,0.632049475744901
组合·价格3,2025-10-10,0.6421586232610558
组合·价格3,2025-10-11,0.6500564503777553
组合·价格3,2025-10-12,0.6601330098556445
组合·价格3,2025-10-13,0.6619512346971573
组合·价格3,2025-10-14,0.6645768502652295
组合·价格3,2025-10-15,0.6784237422853268
组合·价格3,2025-10-16,0.6747388015847858
组合·价格3,2025-10-17,0.676697853996949
组合·价格3,2025-10-18,0.6768860555457851
组合·价格3,2025-10-19,0.6872679582983225
组合·价格3,2025-10-20,0.6843383501922241
组合·价格3,2025-10-21,0.6816395469533041
组合·价格3,2025-10-22,0.6766444421871709
组合·价格3,2025-10-23,0.6791616551595816
组合·价格3,2025-10-24,0.6809104624084371
组合·价格3,2025-10-25,0.67239526309954
组合·价格3,2025-10-26,0.668653087773151
组合·价格3,2025-10-27,0.672168070593326
组合·价格3,2025-10-28,0.6759403419802714
组合·价格3,2025-10-29,0.665507408268432
组合·价格3,2025-10-30,0.6669781142178374
组合·价格3,2025-10-31,0.693001365123188
组合·价格3,2025-11-01,0.6818446962126351
组合·价格3,2025-11-02,0.68147613058308
组合·价格3,2025-11-03,0.686978908965971
组合·价格3,2025-11-04,0.6801535234286987
组合·价格3,2025-11-05,0.673841276148286
组合·价格3,2025-11-06,0.5655316155207565
组合·价格3,2025-11-07,0.5652633523736483
组合·价格3,2025-11-08,0.5804176510453375
组合·价格3,2025-11-09,0.6756198786183425
组合·价格3,2025-11-10,0.6984432048308549
组合·价格3,2025-11-11,0.7147175382996727
组合·价格3,2025-11-12,0.7073133731657062
组合·价格3,2025-11-13,0.6888082511794017
组合·价格3,2025-11-14,0.6780298110332814
组合·价格3,2025-11-15,0.6736669446926313
组合·价格3,2025-11-16,0.6588733790185582
组合·价格3,2025-11-17,0.6698798152116063
组合·价格3,2025-11-18,0.6844791656817639
组合·价格3,2025-11-19,0.6867591144826015
组合·价格3,2025-11-20,0.6754657446190103
组合·价格3,2025-11-21,0.6715495519060257
组合·价格3,2025-11-22,0.6827319393877863
组合·价格3,2025-11-23,0.6781411748693374
组合·价格3,2025-11-24,0.6891999462092884
组合·价格3,2025-11-25,0.6923102626296966
组合·价格3,2025-11-26,0.7010422555998338
组合·价格3,2025-11-27,0.7014927741205215
组合·价格3,2025-11-28,0.7127883425654252
组合·价格3,2025-11-29,0.7145377740483907
组合·价格3,2025-11-30,0.718880420911843
组合·价格3,2025-12-01,0.6907020249010553
组合·价格3,2025-12-02,0.6846825232136372
组合·价格3,2025-12-03,0.6931470875021277
组合·价格3,2025-12-04,0.7125702796832665
组合·价格3,2025-12-05,0.7172911252911699
组合·价格3,2025-12-06,0.7170404597012929
组合·价格3,2025-12-07,0.7062583179887476
组合·价格3,2025-12-08,0.702452503918873
组合·价格3,2025-12-09,0.707664515263676
组合·价格3,2025-12-10,0.7206371974974958
组合·价格3,2025-12-11,0.7318270443207088
组合·价格3,2025-12-12,0.7161837757822075
组合·价格3,2025-12-13,0.7270617704361498
组合·价格3,2025-12-14,0.7434652734499254
组合·价格3,2025-12-15,0.7382588158845451
组合·价格3,2025-12-16,0.7378308104993153
组合·价格3,2025-12-17,0.7309954047486114
组合·价格3,2025-12-18,0.737212635426736
组合·价格3,2025-12-19,0.746724515598583
组合·价格3,2025-12-20,0.7391982696741327
组合·价格3,2025-12-21,0.7438447226488971
组合·价格3,2025-12-22,0.7515938859678913
组合·价格3,2025-12-23,0.7462648872092004
组合·价格3,2025-12-24,0.7341709847424222
组合·价格3,2025-12-25,0.7290722510095362
组合·价格3,2025-12-26,0.7342729308790269
组合·价格3,2025-12-27,0.7322212400874387
组合·价格3,2025-12-28,0.730169482689852
组合·价格3,2025-12-29,0.7286717923397266
组合·价格3,2025-12-30,0.7109592735718425
组合·价格3,2025-12-31,0.7195450684259945
组合·价格3,2026-01-01,0.7192633957282378
组合·价格3,2026-01-02,0.7269588497175287
组合·价格3,2026-01-03,0.7252421711469708
组合·价格3,2026-01-04,0.7167795427744513
组合·价格3,2026-01-05,0.7180078572909329
组合·价格3,2026-01-06,0.7347836806057723
组合·价格3,2026-01-07,0.7410158608835576
组合·价格3,2026-01-08,0.7471659590438784
组合·价格3,2026-01-09,0.7519133077638592
组合·价格3,2026-01-10,0.7494079089154743
组合·价格3,2026-01-11,0.7428461335879315
组合·价格3,2026-01-12,0.7591925262290911
组合·价格3,2026-01-13,0.7642204284385798
组合·价格3,2026-01-14,0.7448679353225622
组合·价格3,2026-01-15,0.7572953464124909
组合·价格3,2026-01-16,0.7643111822547536
组合·价格3,2026-01-17,0.751041250024925
组合·价格3,2026-01-18,0.7524135184596398
组合·价格3,2026-01-19,0.7592741321042951
组合·价格3,2026-01-20,0.7566582796147061
组合·价格3,2026-01-21,0.7706845494387756
组合·价格3,2026-01-22,0.7752583318502856
组合·价格3,2026-01-23,0.7726832492951686
组合·价格3,2026-01-24,0.7836095475681565
组合·价格3,2026-01-25,0.785249948581814
组合·价格3,2026-01-26,0.7843275803077743
组合·价格3,2026-01-27,0.7876351754336977
组合·价格3,2026-01-28,0.7968762223036356
组合·价格3,2026-01-29,0.8004850446836758
组合·价格3,2026-01-30,0.8203579068191722
组合·价格3,2026-01-31,0.8325192906212704
组合·价格3,2026-02-01,0.8413706351851971
组合·价格3,2026-02-02,0.8473118049999129
组合·价格3,2026-02-03,0.8520688167616375
组合·价格3,2026-02-04,0.865846052876744
组合·价格3,2026-02-05,0.8289601099223315
组合·价格3,2026-02-06,0.8309158829987932
组合·价格3,2026-02-07,0.8354668003388966
组合·价格3,2026-02-08,0.8386661129228478
组合·价格3,2026-02-09,0.8454626580439848
组合·价格3,2026-02-10,0.8573238749480719
组合·价格3,2026-02-11,0.8637381655789973
组合·价格3,2026-02-12,0.8498433282866765
组合·价格3,2026-02-13,0.8408582948693157
组合·价格3,2026-02-14,0.8585505882604698
组合·价格3,2026-02-15,0.8547674996395915
组合·价格3,2026-02-16,0.8489038167895184
组合·价格3,2026-02-17,0.833882185643794
组合·价格3,2026-02-18,0.7951805904770873
组合·价格3,2026-02-19,0.8220188408835751
组合·价格3,2026-02-20,0.8362312292502192
组合·价格3,2026-02-21,0.8168562198507177
组合·价格3,2026-02-22,0.827670482167293
组合·价格3,2026-02-23,0.8252301241003397
组合·价格3,2026-02-24,0.8318836021891409
组合·价格3,2026-02-25,0.8420752005482631
组合·价格3,2026-02-26,0.8454592331738502
组合·价格3,2026-02-27,0.8278076542047049
组合·价格3,2026-02-28,0.8366388597027278
组合·价格3,2026-03-01,0.8116547861660572
组合·价格3,2026-03-02,0.8087092422301951
组合·价格3,2026-03-03,0.8150669286749895
组合·价格3,2026-03-04,0.8100028837901041
组合·价格3,2026-03-05,0.8162519407270793
组合·价格3,2026-03-06,0.8151719963617191
组合·价格3,2026-03-07,0.8064034743272611
组合·价格3,2026-03-08,0.8058443887011599
组合·价格3,2026-03-09,0.7841551503615236
组合·价格3,2026-03-10,0.7869040127181781
组合·价格3,2026-03-11,0.7782716260579439
组合·价格3,2026-03-12,0.7744693453122613
组合·价格3,2026-03-13,0.7614850908260357
组合·价格3,2026-03-14,0.7591082251891357
组合·价格3,2026-03-15,0.7549153934577644
组合·价格3,2026-03-16,0.7615773206942766
组合·价格3,2026-03-17,0.7707272162198873
组合·价格3,2026-03-18,0.765198669717868
组合·价格3,2026-03-19,0.7711809450065259
组合·价格3,2026-03-20,0.7736467570202477
组合·价格3,2026-03-21,0.768434937951381
组合·价格3,2026-03-22,0.7744764481653702
组合·价格3,2026-03-23,0.7728440339920586
组合·价格3,2026-03-24,0.780440889721215
组合·价格3,2026-03-25,0.7788976277860521
组合·价格3,2026-03-26,0.7894013059726761
组合·价格3,2026-03-27,0.7915461432352081
组合·价格3,2026-03-28,0.7912869406583074
组合·价格3,2026-03-29,0.7976930038923102
组合·价格3,2026-03-30,0.7929606247974748
组合·价格3,2026-03-31,0.7966302796913884
组合·价格3,2026-04-01,0.7911200177566962
组合·价格3,2026-04-02,0.7955707798348353
组合·价格3,2026-04-03,0.8061087783801656
组合·价格3,2026-04-04,0.8006638160435223
组合·价格3,2026-04-05,0.81092767574993
组合·价格3,2026-04-06,0.8121915974049946
组合·价格3,2026-04-07,0.8160637147976634
组合·价格3,2026-04-08,0.8238472679866278
组合·价格3,2026-04-09,0.8084913237994997
组合·价格3,2026-04-10,0.7973732929036954
组合·价格3,2026-04-11,0.8126427495054692
组合·价格3,2026-04-12,0.7765692461995186
组合·价格3,2026-04-13,0.7965649694702874
组合·价格3,2026-04-14,0.7819064657421451
组合·价格3,2026-04-15,0.7632300424644303
组合·价格3,2026-04-16,0.7617671139642046
组合·价格3,2026-04-17,0.7824393794381821
组合·价格3,2026-04-18,0.7986087210060175
组合·价格3,2026-04-19,0.8012898411582754
组合·价格3,2026-04-20,0.7985731567179346
组合·价格3,2026-04-21,0.796921828596152
组合·价格3,2026-04-22,0.8063300351643546
组合·价格3,2026-04-23,0.8225389949514647
组合·价格3,2026-04-24,0.8212158725118642
组合·价格3,2026-04-25,0.825713273430398
组合·价格3,2026-04-26,0.8210674011446637
组合·价格3,2026-04-27,0.8204231284563681
组合·价格3,2026-04-28,0.8102581172928041
组合·价格3,2026-04-29,0.8090676816236425
组合·价格3,2026-04-30,0.8011221572919818
组合·价格3,2026-05-01,0.8027562310569344
组合·价格3,2026-05-02,0.7949222207834713
组合·价格3,2026-05-03,0.8030427865274505
组合·价格3,2026-05-04,0.8014186458771547
组合·价格3,2026-05-05,0.7657741311206393
组合·价格3,2026-05-06,0.7496578853776016
组合·价格3,2026-05-07,0.7018261150112274
组合·价格3,2026-05-08,0.7136878375600907
组合·价格3,2026-05-09,0.7363380951411054
组合·价格3,2026-05-10,0.7459815540803574
组合·价格3,2026-05-11,0.7535752131912928
组合·价格3,2026-05-12,0.7747834082933743
组合·价格3,2026-05-13,0.7772956281800496
组合·价格3,2026-05-14,0.7684101718188772
组合·价格3,2026-05-15,0.7634692966999277
组合·价格3,2026-05-16,0.7557731111653561
组合·价格3,2026-05-17,0.7742458104096249
组合·价格3,2026-05-18,0.777522120857597
组合·价格3,2026-05-19,0.7758130104024983
组合·价格3,2026-05-20,0.7468083054051639
组合·价格3,2026-05-21,0.7343832405186925
组合·价格3,2026-05-22,0.7202006552169937
组合·价格3,2026-05-23,0.7218390684969959
组合·价格3,2026-05-24,0.6898454490101845
组合·价格3,2026-05-25,0.7054256851158505
组合·价格3,2026-05-26,0.721584177896109
组合·价格3,2026-05-27,0.6783632774757662
组合·价格3,2026-05-28,0.6439077974904931
组合·价格3,2026-05-29,0.6669088069567481
组合·价格3,2026-05-30,0.6507098229765748
组合·T2资金流3,2024-06-02,0.9963325534878855
组合·T2资金流3,2024-06-03,1.0018822473449827
组合·T2资金流3,2024-06-04,1.0006007326941133
组合·T2资金流3,2024-06-05,1.005516354888699
组合·T2资金流3,2024-06-06,1.0276423865806976
组合·T2资金流3,2024-06-07,1.0264478135183124
组合·T2资金流3,2024-06-08,1.034516976356051
组合·T2资金流3,2024-06-09,1.0434224129899867
组合·T2资金流3,2024-06-10,1.0499152544367019
组合·T2资金流3,2024-06-11,1.047539832557166
组合·T2资金流3,2024-06-12,1.0575468579064642
组合·T2资金流3,2024-06-13,1.0404375440915565
组合·T2资金流3,2024-06-14,1.0644876531156031
组合·T2资金流3,2024-06-15,1.0682808665383434
组合·T2资金流3,2024-06-16,1.0461830156301706
组合·T2资金流3,2024-06-17,1.0299225356512085
组合·T2资金流3,2024-06-18,1.0327714927963783
组合·T2资金流3,2024-06-19,1.0202625276779338
组合·T2资金流3,2024-06-20,1.0430784908243689
组合·T2资金流3,2024-06-21,1.039038256874214
组合·T2资金流3,2024-06-22,1.035866847700448
组合·T2资金流3,2024-06-23,1.0178725260322687
组合·T2资金流3,2024-06-24,1.0098480456458525
组合·T2资金流3,2024-06-25,0.9855759097083906
组合·T2资金流3,2024-06-26,0.9757493775070268
组合·T2资金流3,2024-06-27,0.9527737260795439
组合·T2资金流3,2024-06-28,0.9466350138299906
组合·T2资金流3,2024-06-29,0.9441824108430845
组合·T2资金流3,2024-06-30,0.9479872739646078
组合·T2资金流3,2024-07-01,0.9418153443629654
组合·T2资金流3,2024-07-02,0.9427329813145587
组合·T2资金流3,2024-07-03,0.9467317747538511
组合·T2资金流3,2024-07-04,0.9587441881593411
组合·T2资金流3,2024-07-05,0.9622019785689571
组合·T2资金流3,2024-07-06,0.9587260464844023
组合·T2资金流3,2024-07-07,0.9457827713811532
组合·T2资金流3,2024-07-08,0.9595906413789673
组合·T2资金流3,2024-07-09,0.9574730184273003
组合·T2资金流3,2024-07-10,0.9665727122497253
组合·T2资金流3,2024-07-11,0.9752439772798659
组合·T2资金流3,2024-07-12,0.942241465738987
组合·T2资金流3,2024-07-13,0.9475036702347075
组合·T2资金流3,2024-07-14,0.9500338558481041
组合·T2资金流3,2024-07-15,0.9535070515961745
组合·T2资金流3,2024-07-16,0.9412243419274547
组合·T2资金流3,2024-07-17,0.9628939173874791
组合·T2资金流3,2024-07-18,0.9554621361784675
组合·T2资金流3,2024-07-19,0.9657527321649094
组合·T2资金流3,2024-07-20,0.9641009709134826
组合·T2资金流3,2024-07-21,0.9652475080468719
组合·T2资金流3,2024-07-22,0.9514202157743628
组合·T2资金流3,2024-07-23,0.9312228561971073
组合·T2资金流3,2024-07-24,0.9128727913832231
组合·T2资金流3,2024-07-25,0.9308359493872836
组合·T2资金流3,2024-07-26,0.9318011776189316
组合·T2资金流3,2024-07-27,0.9277448459504073
组合·T2资金流3,2024-07-28,0.9472589052740644
组合·T2资金流3,2024-07-29,0.932920604192545
组合·T2资金流3,2024-07-30,0.9320514632482837
组合·T2资金流3,2024-07-31,0.9499863839963563
组合·T2资金流3,2024-08-01,0.9563886016864018
组合·T2资金流3,2024-08-02,0.9503572992245656
组合·T2资金流3,2024-08-03,0.936701100741956
组合·T2资金流3,2024-08-04,0.9413552776366304
组合·T2资金流3,2024-08-05,0.931354619866836
组合·T2资金流3,2024-08-06,0.898659076263491
组合·T2资金流3,2024-08-07,0.8942777695194766
组合·T2资金流3,2024-08-08,0.9016534613180777
组合·T2资金流3,2024-08-09,0.896607458515666
组合·T2资金流3,2024-08-10,0.8826115754213941
组合·T2资金流3,2024-08-11,0.9005143597445602
组合·T2资金流3,2024-08-12,0.9015701848179053
组合·T2资金流3,2024-08-13,0.9191184539400014
组合·T2资金流3,2024-08-14,0.931553403575375
组合·T2资金流3,2024-08-15,0.940104007553404
组合·T2资金流3,2024-08-16,0.95339844837754
组合·T2资金流3,2024-08-17,0.9492220847958786
组合·T2资金流3,2024-08-18,0.9566282629127844
组合·T2资金流3,2024-08-19,0.996970368930519
组合·T2资金流3,2024-08-20,0.9527007199725773
组合·T2资金流3,2024-08-21,0.9464796973543828
组合·T2资金流3,2024-08-22,0.9196933829304568
组合·T2资金流3,2024-08-23,0.9058517159269206
组合·T2资金流3,2024-08-24,0.9138798378383997
组合·T2资金流3,2024-08-25,0.9189858275776152
组合·T2资金流3,2024-08-26,0.9217033330595088
组合·T2资金流3,2024-08-27,0.9046063047524322
组合·T2资金流3,2024-08-28,0.8991700678065205
组合·T2资金流3,2024-08-29,0.8899459347900036
组合·T2资金流3,2024-08-30,0.8812994778566298
组合·T2资金流3,2024-08-31,0.8707584576704795
组合·T2资金流3,2024-09-01,0.8755847172619232
组合·T2资金流3,2024-09-02,0.851112474581274
组合·T2资金流3,2024-09-03,0.8860906921329365
组合·T2资金流3,2024-09-04,0.8808934533114929
组合·T2资金流3,2024-09-05,0.8795904398146462
组合·T2资金流3,2024-09-06,0.8767860785521099
组合·T2资金流3,2024-09-07,0.8776351785801221
组合·T2资金流3,2024-09-08,0.8763253764725327
组合·T2资金流3,2024-09-09,0.8690779225965755
组合·T2资金流3,2024-09-10,0.878059974453807
组合·T2资金流3,2024-09-11,0.8607461338782662
组合·T2资金流3,2024-09-12,0.8549632050365225
组合·T2资金流3,2024-09-13,0.8412269853686879
组合·T2资金流3,2024-09-14,0.8461406439804896
组合·T2资金流3,2024-09-15,0.8392156324108446
组合·T2资金流3,2024-09-16,0.85836367845352
组合·T2资金流3,2024-09-17,0.8656109160416682
组合·T2资金流3,2024-09-18,0.8819313188952258
组合·T2资金流3,2024-09-19,0.8810685822002656
组合·T2资金流3,2024-09-20,0.9018902018095916
组合·T2资金流3,2024-09-21,0.9047012328546379
组合·T2资金流3,2024-09-22,0.9311132708105632
组合·T2资金流3,2024-09-23,0.9282130755306941
组合·T2资金流3,2024-09-24,0.9202930415973888
组合·T2资金流3,2024-09-25,0.9190434256433294
组合·T2资金流3,2024-09-26,0.9146227225083388
组合·T2资金流3,2024-09-27,0.9148459502548442
组合·T2资金流3,2024-09-28,0.9067156610700725
组合·T2资金流3,2024-09-29,0.925986617240928
组合·T2资金流3,2024-09-30,0.9386064244243728
组合·T2资金流3,2024-10-01,0.9581431486977207
组合·T2资金流3,2024-10-02,0.951545984498757
组合·T2资金流3,2024-10-03,0.9667270612914294
组合·T2资金流3,2024-10-04,0.9482576239869317
组合·T2资金流3,2024-10-05,0.9474660808148065
组合·T2资金流3,2024-10-06,0.9600139518522345
组合·T2资金流3,2024-10-07,0.9660143403782897
组合·T2资金流3,2024-10-08,0.9547114596787682
组合·T2资金流3,2024-10-09,0.9734273401696342
组合·T2资金流3,2024-10-10,0.9477886588021178
组合·T2资金流3,2024-10-11,0.9714181193706648
组合·T2资金流3,2024-10-12,0.9756128992540144
组合·T2资金流3,2024-10-13,0.9824279383887913
组合·T2资金流3,2024-10-14,1.0022483250392495
组合·T2资金流3,2024-10-15,0.9877736518095047
组合·T2资金流3,2024-10-16,1.0051682355936233
组合·T2资金流3,2024-10-17,1.0071009206995303
组合·T2资金流3,2024-10-18,0.9975896603247114
组合·T2资金流3,2024-10-19,0.9999998153088993
组合·T2资金流3,2024-10-20,0.980359397275586
组合·T2资金流3,2024-10-21,0.9786785523894065
组合·T2资金流3,2024-10-22,0.9862677185303752
组合·T2资金流3,2024-10-23,0.9820219660688899
组合·T2资金流3,2024-10-24,0.9797119736165274
组合·T2资金流3,2024-10-25,0.9972879859226941
组合·T2资金流3,2024-10-26,1.0016514642249583
组合·T2资金流3,2024-10-27,1.015220815591842
组合·T2资金流3,2024-10-28,0.993491280732659
组合·T2资金流3,2024-10-29,0.9665730833254033
组合·T2资金流3,2024-10-30,0.9596398429620879
组合·T2资金流3,2024-10-31,0.9509832635791182
组合·T2资金流3,2024-11-01,0.9506376643490878
组合·T2资金流3,2024-11-02,0.9467661030643284
组合·T2资金流3,2024-11-03,0.9446628701999805
组合·T2资金流3,2024-11-04,0.9529895076227651
组合·T2资金流3,2024-11-05,1.0028108854101718
组合·T2资金流3,2024-11-06,0.9823852417669928
组合·T2资金流3,2024-11-07,0.9588898653336554
组合·T2资金流3,2024-11-08,0.9834839356345907
组合·T2资金流3,2024-11-09,0.9785368826433463
组合·T2资金流3,2024-11-10,1.0053285050718035
组合·T2资金流3,2024-11-11,0.950514103266636
组合·T2资金流3,2024-11-12,0.9721940314191877
组合·T2资金流3,2024-11-13,0.9275989513142596
组合·T2资金流3,2024-11-14,0.9360756137307248
组合·T2资金流3,2024-11-15,1.0042210553086013
组合·T2资金流3,2024-11-16,0.9874308794530329
组合·T2资金流3,2024-11-17,0.9944290576361947
组合·T2资金流3,2024-11-18,0.9828694703479556
组合·T2资金流3,2024-11-19,1.0088599660381923
组合·T2资金流3,2024-11-20,1.0425993806426703
组合·T2资金流3,2024-11-21,1.03970223088742
组合·T2资金流3,2024-11-22,1.1451431335618483
组合·T2资金流3,2024-11-23,1.1173823058135979
组合·T2资金流3,2024-11-24,1.1388743311679848
组合·T2资金流3,2024-11-25,1.1177528383451312
组合·T2资金流3,2024-11-26,1.2053944377807002
组合·T2资金流3,2024-11-27,1.1753700627765526
组合·T2资金流3,2024-11-28,1.135768005513641
组合·T2资金流3,2024-11-29,1.1388730569076821
组合·T2资金流3,2024-11-30,1.143342675773187
组合·T2资金流3,2024-12-01,1.101935166360082
组合·T2资金流3,2024-12-02,1.2204887102754225
组合·T2资金流3,2024-12-03,1.160242442584977
组合·T2资金流3,2024-12-04,1.1319101390785593
组合·T2资金流3,2024-12-05,1.1147338685529782
组合·T2资金流3,2024-12-06,1.1254259008770326
组合·T2资金流3,2024-12-07,1.1135972438804889
组合·T2资金流3,2024-12-08,1.1322951607527794
组合·T2资金流3,2024-12-09,1.112720966862034
组合·T2资金流3,2024-12-10,1.1287704925833637
组合·T2资金流3,2024-12-11,1.122119909924331
组合·T2资金流3,2024-12-12,1.1296347136679286
组合·T2资金流3,2024-12-13,1.110209972870608
组合·T2资金流3,2024-12-14,1.1027360703030498
组合·T2资金流3,2024-12-15,1.1211468486375487
组合·T2资金流3,2024-12-16,1.1172681321354498
组合·T2资金流3,2024-12-17,1.1266335324847505
组合·T2资金流3,2024-12-18,1.1674553696904548
组合·T2资金流3,2024-12-19,1.1388364485235527
组合·T2资金流3,2024-12-20,1.124883017196937
组合·T2资金流3,2024-12-21,1.1415042284670158
组合·T2资金流3,2024-12-22,1.1670952256687728
组合·T2资金流3,2024-12-23,1.1591923594065965
组合·T2资金流3,2024-12-24,1.1484816588245488
组合·T2资金流3,2024-12-25,1.152816806869718
组合·T2资金流3,2024-12-26,1.1572813644020072
组合·T2资金流3,2024-12-27,1.164654534725913
组合·T2资金流3,2024-12-28,1.1802005827059119
组合·T2资金流3,2024-12-29,1.1827028582251056
组合·T2资金流3,2024-12-30,1.1646150575250245
组合·T2资金流3,2024-12-31,1.1230284956482752
组合·T2资金流3,2025-01-01,1.125887669322122
组合·T2资金流3,2025-01-02,1.0693468079220014
组合·T2资金流3,2025-01-03,1.058741511150824
组合·T2资金流3,2025-01-04,1.034930294942016
组合·T2资金流3,2025-01-05,1.0352540012392641
组合·T2资金流3,2025-01-06,1.049930130917553
组合·T2资金流3,2025-01-07,1.04045888678161
组合·T2资金流3,2025-01-08,1.0233100785248492
组合·T2资金流3,2025-01-09,1.0193878327894497
组合·T2资金流3,2025-01-10,0.9975718060127821
组合·T2资金流3,2025-01-11,1.0011683185004838
组合·T2资金流3,2025-01-12,1.0008198089243967
组合·T2资金流3,2025-01-13,0.9842593889247296
组合·T2资金流3,2025-01-14,0.9994824240949889
组合·T2资金流3,2025-01-15,0.9831137231117175
组合·T2资金流3,2025-01-16,0.9497857679897387
组合·T2资金流3,2025-01-17,0.9631131595649457
组合·T2资金流3,2025-01-18,0.9711844504242113
组合·T2资金流3,2025-01-19,0.9348371755898973
组合·T2资金流3,2025-01-20,0.9524461659307841
组合·T2资金流3,2025-01-21,0.9527851306093784
组合·T2资金流3,2025-01-22,0.9198607841644666
组合·T2资金流3,2025-01-23,0.934509203620046
组合·T2资金流3,2025-01-24,0.929665192066694
组合·T2资金流3,2025-01-25,0.9311210896055961
组合·T2资金流3,2025-01-26,0.9196654550975014
组合·T2资金流3,2025-01-27,0.9201804459048634
组合·T2资金流3,2025-01-28,0.9317485440907001
组合·T2资金流3,2025-01-29,0.9309875864821103
组合·T2资金流3,2025-01-30,0.9153757750193894
组合·T2资金流3,2025-01-31,0.9078200313459386
组合·T2资金流3,2025-02-01,0.8759552501110931
组合·T2资金流3,2025-02-02,0.9012753223731983
组合·T2资金流3,2025-02-03,0.9056365604252007
组合·T2资金流3,2025-02-04,0.8955392209542258
组合·T2资金流3,2025-02-05,0.8876892969848283
组合·T2资金流3,2025-02-06,0.8840867290509378
组合·T2资金流3,2025-02-07,0.8922376631937634
组合·T2资金流3,2025-02-08,0.8893484227855863
组合·T2资金流3,2025-02-09,0.9098081558361101
组合·T2资金流3,2025-02-10,0.9065359989659906
组合·T2资金流3,2025-02-11,0.9017348612801136
组合·T2资金流3,2025-02-12,0.9209950213929231
组合·T2资金流3,2025-02-13,0.9053285407158673
组合·T2资金流3,2025-02-14,0.8991151851807199
组合·T2资金流3,2025-02-15,0.8928870858970542
组合·T2资金流3,2025-02-16,0.8969662675771716
组合·T2资金流3,2025-02-17,0.8923340609561589
组合·T2资金流3,2025-02-18,0.9189460194390374
组合·T2资金流3,2025-02-19,0.9022871691490845
组合·T2资金流3,2025-02-20,0.8914036640913879
组合·T2资金流3,2025-02-21,0.8969051173070033
组合·T2资金流3,2025-02-22,0.8916654454709876
组合·T2资金流3,2025-02-23,0.9028415961998232
组合·T2资金流3,2025-02-24,0.8792787823423481
组合·T2资金流3,2025-02-25,0.8939533319448807
组合·T2资金流3,2025-02-26,0.8859402785589082
组合·T2资金流3,2025-02-27,0.8702859103387112
组合·T2资金流3,2025-02-28,0.8700152951560276
组合·T2资金流3,2025-03-01,0.8835607312514798
组合·T2资金流3,2025-03-02,0.8776771532560497
组合·T2资金流3,2025-03-03,0.8871020610304937
组合·T2资金流3,2025-03-04,0.9142849423462175
组合·T2资金流3,2025-03-05,0.8940660781338804
组合·T2资金流3,2025-03-06,0.8795631838494558
组合·T2资金流3,2025-03-07,0.880431282556918
组合·T2资金流3,2025-03-08,0.9014888341770562
组合·T2资金流3,2025-03-09,0.922559900374306
组合·T2资金流3,2025-03-10,0.9083274965127851
组合·T2资金流3,2025-03-11,0.9076856380894952
组合·T2资金流3,2025-03-12,0.8926668382377908
组合·T2资金流3,2025-03-13,0.8923761155794758
组合·T2资金流3,2025-03-14,0.9120775443351491
组合·T2资金流3,2025-03-15,0.9111153196059644
组合·T2资金流3,2025-03-16,0.9260816827734691
组合·T2资金流3,2025-03-17,0.9296354333903272
组合·T2资金流3,2025-03-18,0.9135480542550297
组合·T2资金流3,2025-03-19,0.9174460887270267
组合·T2资金流3,2025-03-20,0.9070077042936854
组合·T2资金流3,2025-03-21,0.9084879808258048
组合·T2资金流3,2025-03-22,0.8948436323510944
组合·T2资金流3,2025-03-23,0.8776499527140363
组合·T2资金流3,2025-03-24,0.8725403817566522
组合·T2资金流3,2025-03-25,0.8672215749193857
组合·T2资金流3,2025-03-26,0.8593663417629144
组合·T2资金流3,2025-03-27,0.8601798078745903
组合·T2资金流3,2025-03-28,0.8639922611751831
组合·T2资金流3,2025-03-29,0.8541193631287514
组合·T2资金流3,2025-03-30,0.8389722112789079
组合·T2资金流3,2025-03-31,0.834358822435488
组合·T2资金流3,2025-04-01,0.8286079578367167
组合·T2资金流3,2025-04-02,0.8303685802647167
组合·T2资金流3,2025-04-03,0.829032479357174
组合·T2资金流3,2025-04-04,0.8345326129701639
组合·T2资金流3,2025-04-05,0.8330831215016605
组合·T2资金流3,2025-04-06,0.8353985383905437
组合·T2资金流3,2025-04-07,0.8400177956576472
组合·T2资金流3,2025-04-08,0.8472806922161593
组合·T2资金流3,2025-04-09,0.8532458011897135
组合·T2资金流3,2025-04-10,0.859350956606635
组合·T2资金流3,2025-04-11,0.8619960762354193
组合·T2资金流3,2025-04-12,0.8682902558477998
组合·T2资金流3,2025-04-13,0.8584287237478448
组合·T2资金流3,2025-04-14,0.8699880723915261
组合·T2资金流3,2025-04-15,0.873612170468273
组合·T2资金流3,2025-04-16,0.8833591551727985
组合·T2资金流3,2025-04-17,0.8688732297989118
组合·T2资金流3,2025-04-18,0.8773818538740799
组合·T2资金流3,2025-04-19,0.8880555819446329
组合·T2资金流3,2025-04-20,0.8857080892020655
组合·T2资金流3,2025-04-21,0.8755993267506339
组合·T2资金流3,2025-04-22,0.8793100231725268
组合·T2资金流3,2025-04-23,0.8580878087951203
组合·T2资金流3,2025-04-24,0.8636044163021546
组合·T2资金流3,2025-04-25,0.84676319732218
组合·T2资金流3,2025-04-26,0.8268723970700654
组合·T2资金流3,2025-04-27,0.8389139532375152
组合·T2资金流3,2025-04-28,0.8335868964431332
组合·T2资金流3,2025-04-29,0.8225585346900167
组合·T2资金流3,2025-04-30,0.8032198864070297
组合·T2资金流3,2025-05-01,0.7886281065313572
组合·T2资金流3,2025-05-02,0.7892931051899369
组合·T2资金流3,2025-05-03,0.7865673852242864
组合·T2资金流3,2025-05-04,0.780789110665405
组合·T2资金流3,2025-05-05,0.7767939357609009
组合·T2资金流3,2025-05-06,0.772954349528468
组合·T2资金流3,2025-05-07,0.7780036949232093
组合·T2资金流3,2025-05-08,0.7866671990184093
组合·T2资金流3,2025-05-09,0.7530201925629181
组合·T2资金流3,2025-05-10,0.761743837797889
组合·T2资金流3,2025-05-11,0.7613383061456619
组合·T2资金流3,2025-05-12,0.7534529598311673
组合·T2资金流3,2025-05-13,0.7520954137754827
组合·T2资金流3,2025-05-14,0.7558851280032002
组合·T2资金流3,2025-05-15,0.759699719361803
组合·T2资金流3,2025-05-16,0.7608890596555421
组合·T2资金流3,2025-05-17,0.7587658935999632
组合·T2资金流3,2025-05-18,0.7721788429620905
组合·T2资金流3,2025-05-19,0.783616578759966
组合·T2资金流3,2025-05-20,0.77197953289653
组合·T2资金流3,2025-05-21,0.7704962566775787
组合·T2资金流3,2025-05-22,0.7909447502686792
组合·T2资金流3,2025-05-23,0.8049169753110819
组合·T2资金流3,2025-05-24,0.8106726915939733
组合·T2资金流3,2025-05-25,0.8036559875408504
组合·T2资金流3,2025-05-26,0.8052439583582955
组合·T2资金流3,2025-05-27,0.7974176573456924
组合·T2资金流3,2025-05-28,0.8001321336987803
组合·T2资金流3,2025-05-29,0.755542289403313
组合·T2资金流3,2025-05-30,0.7616974312720405
组合·T2资金流3,2025-05-31,0.7620655674022453
组合·T2资金流3,2025-06-01,0.7637310105416826
组合·T2资金流3,2025-06-02,0.7746892837797179
组合·T2资金流3,2025-06-03,0.7645728655434855
组合·T2资金流3,2025-06-04,0.7923584214885505
组合·T2资金流3,2025-06-05,0.7775139457502797
组合·T2资金流3,2025-06-06,0.7756478547853956
组合·T2资金流3,2025-06-07,0.7753535691012094
组合·T2资金流3,2025-06-08,0.7706448850196342
组合·T2资金流3,2025-06-09,0.7419096821424458
组合·T2资金流3,2025-06-10,0.7463697038536262
组合·T2资金流3,2025-06-11,0.763643336745924
组合·T2资金流3,2025-06-12,0.7808770716197009
组合·T2资金流3,2025-06-13,0.765640509359176
组合·T2资金流3,2025-06-14,0.7625903287409704
组合·T2资金流3,2025-06-15,0.756544465905706
组合·T2资金流3,2025-06-16,0.7555996035201558
组合·T2资金流3,2025-06-17,0.7510764536203921
组合·T2资金流3,2025-06-18,0.7631635900702219
组合·T2资金流3,2025-06-19,0.7639471376193937
组合·T2资金流3,2025-06-20,0.7541415238188869
组合·T2资金流3,2025-06-21,0.7507606261373779
组合·T2资金流3,2025-06-22,0.7511880317680693
组合·T2资金流3,2025-06-23,0.785862044391984
组合·T2资金流3,2025-06-24,0.7840047268443894
组合·T2资金流3,2025-06-25,0.7815855383434862
组合·T2资金流3,2025-06-26,0.7910207154231041
组合·T2资金流3,2025-06-27,0.7877747577450069
组合·T2资金流3,2025-06-28,0.7630566654610804
组合·T2资金流3,2025-06-29,0.7838246220508349
组合·T2资金流3,2025-06-30,0.7962765974266627
组合·T2资金流3,2025-07-01,0.7731227711739587
组合·T2资金流3,2025-07-02,0.772831577572014
组合·T2资金流3,2025-07-03,0.7832462774341815
组合·T2资金流3,2025-07-04,0.7968754464193657
组合·T2资金流3,2025-07-05,0.7910975102179175
组合·T2资金流3,2025-07-06,0.786049293270802
组合·T2资金流3,2025-07-07,0.7875571050254082
组合·T2资金流3,2025-07-08,0.7910948386989473
组合·T2资金流3,2025-07-09,0.7863662073996786
组合·T2资金流3,2025-07-10,0.7761285714122583
组合·T2资金流3,2025-07-11,0.7945351930347533
组合·T2资金流3,2025-07-12,0.7833065392866667
组合·T2资金流3,2025-07-13,0.7861461276871221
组合·T2资金流3,2025-07-14,0.7614749921514034
组合·T2资金流3,2025-07-15,0.7731382987602685
组合·T2资金流3,2025-07-16,0.7767244682215053
组合·T2资金流3,2025-07-17,0.7956727232333618
组合·T2资金流3,2025-07-18,0.78630877852029
组合·T2资金流3,2025-07-19,0.7824212573190027
组合·T2资金流3,2025-07-20,0.7726036785571565
组合·T2资金流3,2025-07-21,0.7891392236838238
组合·T2资金流3,2025-07-22,0.7896861306561556
组合·T2资金流3,2025-07-23,0.7811520223930095
组合·T2资金流3,2025-07-24,0.778346465625768
组合·T2资金流3,2025-07-25,0.7759067135847751
组合·T2资金流3,2025-07-26,0.7709447544770579
组合·T2资金流3,2025-07-27,0.7713439498621956
组合·T2资金流3,2025-07-28,0.7657006683145433
组合·T2资金流3,2025-07-29,0.7564569468573678
组合·T2资金流3,2025-07-30,0.7628594840764136
组合·T2资金流3,2025-07-31,0.773573434889966
组合·T2资金流3,2025-08-01,0.7847251899764083
组合·T2资金流3,2025-08-02,0.7799463296308475
组合·T2资金流3,2025-08-03,0.7809320390742285
组合·T2资金流3,2025-08-04,0.7793132073855981
组合·T2资金流3,2025-08-05,0.7705330985465897
组合·T2资金流3,2025-08-06,0.778199006353288
组合·T2资金流3,2025-08-07,0.7860598571825445
组合·T2资金流3,2025-08-08,0.7827133602505526
组合·T2资金流3,2025-08-09,0.7843332721128806
组合·T2资金流3,2025-08-10,0.802272196577756
组合·T2资金流3,2025-08-11,0.8114467342500769
组合·T2资金流3,2025-08-12,0.799528269483329
组合·T2资金流3,2025-08-13,0.8240726046467823
组合·T2资金流3,2025-08-14,0.8210773646649188
组合·T2资金流3,2025-08-15,0.8056159702425864
组合·T2资金流3,2025-08-16,0.797936491725135
组合·T2资金流3,2025-08-17,0.7808520088473888
组合·T2资金流3,2025-08-18,0.7634452048424586
组合·T2资金流3,2025-08-19,0.7743479812896196
组合·T2资金流3,2025-08-20,0.7716911378780844
组合·T2资金流3,2025-08-21,0.7669025290126543
组合·T2资金流3,2025-08-22,0.7709456974385701
组合·T2资金流3,2025-08-23,0.7797778281694064
组合·T2资金流3,2025-08-24,0.7792844702400931
组合·T2资金流3,2025-08-25,0.7873517262075839
组合·T2资金流3,2025-08-26,0.7829488751261774
组合·T2资金流3,2025-08-27,0.7761596536174974
组合·T2资金流3,2025-08-28,0.7688675052519035
组合·T2资金流3,2025-08-29,0.7627920576238357
组合·T2资金流3,2025-08-30,0.758699590416659
组合·T2资金流3,2025-08-31,0.7478903865771326
组合·T2资金流3,2025-09-01,0.746134013554532
组合·T2资金流3,2025-09-02,0.7439143511845209
组合·T2资金流3,2025-09-03,0.7347089182665395
组合·T2资金流3,2025-09-04,0.7257500793472
组合·T2资金流3,2025-09-05,0.7356182265635666
组合·T2资金流3,2025-09-06,0.733451995451059
组合·T2资金流3,2025-09-07,0.7357524548062233
组合·T2资金流3,2025-09-08,0.731127580199476
组合·T2资金流3,2025-09-09,0.7390133798633846
组合·T2资金流3,2025-09-10,0.7239835707896496
组合·T2资金流3,2025-09-11,0.729477553652491
组合·T2资金流3,2025-09-12,0.7263375579201575
组合·T2资金流3,2025-09-13,0.7401339866019234
组合·T2资金流3,2025-09-14,0.7497866403626765
组合·T2资金流3,2025-09-15,0.7448744024321733
组合·T2资金流3,2025-09-16,0.7529599408800292
组合·T2资金流3,2025-09-17,0.7624452393004918
组合·T2资金流3,2025-09-18,0.7691492266360819
组合·T2资金流3,2025-09-19,0.7796349394012597
组合·T2资金流3,2025-09-20,0.7825370132863775
组合·T2资金流3,2025-09-21,0.7644291196975623
组合·T2资金流3,2025-09-22,0.764791388774968
组合·T2资金流3,2025-09-23,0.7482972744095646
组合·T2资金流3,2025-09-24,0.7414343997930644
组合·T2资金流3,2025-09-25,0.7367016882698546
组合·T2资金流3,2025-09-26,0.7384016386884168
组合·T2资金流3,2025-09-27,0.73841696071691
组合·T2资金流3,2025-09-28,0.7446175033563321
组合·T2资金流3,2025-09-29,0.7472727815074013
组合·T2资金流3,2025-09-30,0.7439886384480887
组合·T2资金流3,2025-10-01,0.744650368935607
组合·T2资金流3,2025-10-02,0.7553963278814217
组合·T2资金流3,2025-10-03,0.7522157085803756
组合·T2资金流3,2025-10-04,0.7652870987287217
组合·T2资金流3,2025-10-05,0.744874941578946
组合·T2资金流3,2025-10-06,0.7820330960550567
组合·T2资金流3,2025-10-07,0.7669840539778309
组合·T2资金流3,2025-10-08,0.7692523641673448
组合·T2资金流3,2025-10-09,0.8433402386936945
组合·T2资金流3,2025-10-10,0.84686274260972
组合·T2资金流3,2025-10-11,0.8373256961528179
组合·T2资金流3,2025-10-12,0.8249260888596858
组合·T2资金流3,2025-10-13,0.8173814576350854
组合·T2资金流3,2025-10-14,0.8142669315243768
组合·T2资金流3,2025-10-15,0.8228753750956388
组合·T2资金流3,2025-10-16,0.820536244594808
组合·T2资金流3,2025-10-17,0.825541829370785
组合·T2资金流3,2025-10-18,0.8256284955607083
组合·T2资金流3,2025-10-19,0.8090192291820036
组合·T2资金流3,2025-10-20,0.8193484453142577
组合·T2资金流3,2025-10-21,0.8236240743488022
组合·T2资金流3,2025-10-22,0.8156846583831289
组合·T2资金流3,2025-10-23,0.8015607641767806
组合·T2资金流3,2025-10-24,0.8031642420779248
组合·T2资金流3,2025-10-25,0.8259541837479581
组合·T2资金流3,2025-10-26,0.8159866162182922
组合·T2资金流3,2025-10-27,0.8225115867514721
组合·T2资金流3,2025-10-28,0.8251718522768551
组合·T2资金流3,2025-10-29,0.8218423989018804
组合·T2资金流3,2025-10-30,0.815685878880801
组合·T2资金流3,2025-10-31,0.8021172387585792
组合·T2资金流3,2025-11-01,0.8033731847021334
组合·T2资金流3,2025-11-02,0.7904513435696279
组合·T2资金流3,2025-11-03,0.7854714336168745
组合·T2资金流3,2025-11-04,0.7871239907929319
组合·T2资金流3,2025-11-05,0.7815478921142746
组合·T2资金流3,2025-11-06,0.8133832216966663
组合·T2资金流3,2025-11-07,0.8094403049977734
组合·T2资金流3,2025-11-08,0.8146558309989309
组合·T2资金流3,2025-11-09,0.7726495237576607
组合·T2资金流3,2025-11-10,0.7759471596225437
组合·T2资金流3,2025-11-11,0.7715354426911034
组合·T2资金流3,2025-11-12,0.7729131644689434
组合·T2资金流3,2025-11-13,0.7455714520363593
组合·T2资金流3,2025-11-14,0.736724078622362
组合·T2资金流3,2025-11-15,0.7387794991800946
组合·T2资金流3,2025-11-16,0.7513689633907076
组合·T2资金流3,2025-11-17,0.7478288073781744
组合·T2资金流3,2025-11-18,0.7545809175285123
组合·T2资金流3,2025-11-19,0.7414813861284041
组合·T2资金流3,2025-11-20,0.7123917886575237
组合·T2资金流3,2025-11-21,0.7085578945512815
组合·T2资金流3,2025-11-22,0.7004400116834154
组合·T2资金流3,2025-11-23,0.7152088903924135
组合·T2资金流3,2025-11-24,0.7123140177179446
组合·T2资金流3,2025-11-25,0.7182141364951417
组合·T2资金流3,2025-11-26,0.7243861793983072
组合·T2资金流3,2025-11-27,0.724600754226757
组合·T2资金流3,2025-11-28,0.7180261985511568
组合·T2资金流3,2025-11-29,0.7234610317304111
组合·T2资金流3,2025-11-30,0.738348533848425
组合·T2资金流3,2025-12-01,0.7430647941018147
组合·T2资金流3,2025-12-02,0.7598397603908134
组合·T2资金流3,2025-12-03,0.758676031069425
组合·T2资金流3,2025-12-04,0.7516250960673099
组合·T2资金流3,2025-12-05,0.7577825379921674
组合·T2资金流3,2025-12-06,0.7509584399670463
组合·T2资金流3,2025-12-07,0.7349779564277599
组合·T2资金流3,2025-12-08,0.7378805888936495
组合·T2资金流3,2025-12-09,0.7252510081792519
组合·T2资金流3,2025-12-10,0.7155876795804319
组合·T2资金流3,2025-12-11,0.7222271538803486
组合·T2资金流3,2025-12-12,0.7213976957329593
组合·T2资金流3,2025-12-13,0.7081245043580069
组合·T2资金流3,2025-12-14,0.7155282731049947
组合·T2资金流3,2025-12-15,0.7158122525561218
组合·T2资金流3,2025-12-16,0.7136140541191331
组合·T2资金流3,2025-12-17,0.7041106104887339
组合·T2资金流3,2025-12-18,0.6890337385019016
组合·T2资金流3,2025-12-19,0.6761131697853843
组合·T2资金流3,2025-12-20,0.6666114592501858
组合·T2资金流3,2025-12-21,0.6460548609858405
组合·T2资金流3,2025-12-22,0.6523343074808438
组合·T2资金流3,2025-12-23,0.648702288436913
组合·T2资金流3,2025-12-24,0.6490698669239281
组合·T2资金流3,2025-12-25,0.6590635957633839
组合·T2资金流3,2025-12-26,0.6533414256337461
组合·T2资金流3,2025-12-27,0.6454834505972131
组合·T2资金流3,2025-12-28,0.6420023631025343
组合·T2资金流3,2025-12-29,0.6391481801342954
组合·T2资金流3,2025-12-30,0.629071798704171
组合·T2资金流3,2025-12-31,0.6069848045558837
组合·T2资金流3,2026-01-01,0.6127539542523627
组合·T2资金流3,2026-01-02,0.6098259589687769
组合·T2资金流3,2026-01-03,0.6123020151848187
组合·T2资金流3,2026-01-04,0.6034075930261015
组合·T2资金流3,2026-01-05,0.6021482326895504
组合·T2资金流3,2026-01-06,0.6115720939588235
组合·T2资金流3,2026-01-07,0.612477848394071
组合·T2资金流3,2026-01-08,0.6170023603480946
组合·T2资金流3,2026-01-09,0.6195639601595012
组合·T2资金流3,2026-01-10,0.6150762153178717
组合·T2资金流3,2026-01-11,0.6171919454372065
组合·T2资金流3,2026-01-12,0.5967258037495071
组合·T2资金流3,2026-01-13,0.6047385458447705
组合·T2资金流3,2026-01-14,0.6290859063337924
组合·T2资金流3,2026-01-15,0.6264717511749548
组合·T2资金流3,2026-01-16,0.6369298779244433
组合·T2资金流3,2026-01-17,0.6428591304251661
组合·T2资金流3,2026-01-18,0.6377562726063706
组合·T2资金流3,2026-01-19,0.634042900542322
组合·T2资金流3,2026-01-20,0.6284099699791179
组合·T2资金流3,2026-01-21,0.637939642835812
组合·T2资金流3,2026-01-22,0.6311263862597841
组合·T2资金流3,2026-01-23,0.6294938050137764
组合·T2资金流3,2026-01-24,0.6341500257933629
组合·T2资金流3,2026-01-25,0.6390406943801906
组合·T2资金流3,2026-01-26,0.6306763602221481
组合·T2资金流3,2026-01-27,0.6336480569040555
组合·T2资金流3,2026-01-28,0.6328420000296133
组合·T2资金流3,2026-01-29,0.6400942570467396
组合·T2资金流3,2026-01-30,0.6476166930674606
组合·T2资金流3,2026-01-31,0.6454622989981861
组合·T2资金流3,2026-02-01,0.6445005989870713
组合·T2资金流3,2026-02-02,0.6406915031208069
组合·T2资金流3,2026-02-03,0.6549391576232944
组合·T2资金流3,2026-02-04,0.6776867964278142
组合·T2资金流3,2026-02-05,0.6613398121329465
组合·T2资金流3,2026-02-06,0.6678483318249152
组合·T2资金流3,2026-02-07,0.6652364568323552
组合·T2资金流3,2026-02-08,0.6664912841171697
组合·T2资金流3,2026-02-09,0.6741901275081744
组合·T2资金流3,2026-02-10,0.6681783356126318
组合·T2资金流3,2026-02-11,0.6718120086316071
组合·T2资金流3,2026-02-12,0.6688997525776603
组合·T2资金流3,2026-02-13,0.6614099411853217
组合·T2资金流3,2026-02-14,0.6670005490034565
组合·T2资金流3,2026-02-15,0.6599381288646723
组合·T2资金流3,2026-02-16,0.6599059671336623
组合·T2资金流3,2026-02-17,0.6616333237957945
组合·T2资金流3,2026-02-18,0.6451984568817156
组合·T2资金流3,2026-02-19,0.6363172087470166
组合·T2资金流3,2026-02-20,0.6439695506809604
组合·T2资金流3,2026-02-21,0.6481687101180603
组合·T2资金流3,2026-02-22,0.6398168616081217
组合·T2资金流3,2026-02-23,0.6433387958817381
组合·T2资金流3,2026-02-24,0.6233750927293046
组合·T2资金流3,2026-02-25,0.6218022622995323
组合·T2资金流3,2026-02-26,0.6222946065216208
组合·T2资金流3,2026-02-27,0.6202723558676374
组合·T2资金流3,2026-02-28,0.6198765751303759
组合·T2资金流3,2026-03-01,0.6018915573275064
组合·T2资金流3,2026-03-02,0.601345051396189
组合·T2资金流3,2026-03-03,0.6026652833485671
组合·T2资金流3,2026-03-04,0.6052843763150632
组合·T2资金流3,2026-03-05,0.6099962085974617
组合·T2资金流3,2026-03-06,0.6104459870109713
组合·T2资金流3,2026-03-07,0.6161023957546898
组合·T2资金流3,2026-03-08,0.6030435195186828
组合·T2资金流3,2026-03-09,0.5935868760927313
组合·T2资金流3,2026-03-10,0.6037481416266264
组合·T2资金流3,2026-03-11,0.6070616180007835
组合·T2资金流3,2026-03-12,0.5992575812608566
组合·T2资金流3,2026-03-13,0.6058624564560611
组合·T2资金流3,2026-03-14,0.5958347466829019
组合·T2资金流3,2026-03-15,0.5868730903750843
组合·T2资金流3,2026-03-16,0.5868226508259864
组合·T2资金流3,2026-03-17,0.592769617918627
组合·T2资金流3,2026-03-18,0.5946601453341804
组合·T2资金流3,2026-03-19,0.5954139043251979
组合·T2资金流3,2026-03-20,0.5998447186014185
组合·T2资金流3,2026-03-21,0.5961611100689682
组合·T2资金流3,2026-03-22,0.590261133919516
组合·T2资金流3,2026-03-23,0.5948293270952831
组合·T2资金流3,2026-03-24,0.5913028736058855
组合·T2资金流3,2026-03-25,0.5963993668107374
组合·T2资金流3,2026-03-26,0.5885113517970451
组合·T2资金流3,2026-03-27,0.5891937508936615
组合·T2资金流3,2026-03-28,0.5841863101172048
组合·T2资金流3,2026-03-29,0.5879081924432704
组合·T2资金流3,2026-03-30,0.5909799371035087
组合·T2资金流3,2026-03-31,0.5875552746803232
组合·T2资金流3,2026-04-01,0.5864729938481946
组合·T2资金流3,2026-04-02,0.5865272018718607
组合·T2资金流3,2026-04-03,0.5891959413630433
组合·T2资金流3,2026-04-04,0.5822371681913437
组合·T2资金流3,2026-04-05,0.5811398524332833
组合·T2资金流3,2026-04-06,0.5653893521736071
组合·T2资金流3,2026-04-07,0.5863854317309677
组合·T2资金流3,2026-04-08,0.5862352037352594
组合·T2资金流3,2026-04-09,0.5829392021804616
组合·T2资金流3,2026-04-10,0.5845447307380538
组合·T2资金流3,2026-04-11,0.5855687488800561
组合·T2资金流3,2026-04-12,0.5771770322351369
组合·T2资金流3,2026-04-13,0.5854464460535925
组合·T2资金流3,2026-04-14,0.5635773893532939
组合·T2资金流3,2026-04-15,0.5673559479469136
组合·T2资金流3,2026-04-16,0.5670994365879081
组合·T2资金流3,2026-04-17,0.5759904609860164
组合·T2资金流3,2026-04-18,0.5914158966690918
组合·T2资金流3,2026-04-19,0.5923638477548547
组合·T2资金流3,2026-04-20,0.5947407679445765
组合·T2资金流3,2026-04-21,0.5846387680677935
组合·T2资金流3,2026-04-22,0.579832235207874
组合·T2资金流3,2026-04-23,0.5779469601285295
组合·T2资金流3,2026-04-24,0.5748517986097532
组合·T2资金流3,2026-04-25,0.5753293040455132
组合·T2资金流3,2026-04-26,0.5738415283394984
组合·T2资金流3,2026-04-27,0.5715913379881886
组合·T2资金流3,2026-04-28,0.5758118387723563
组合·T2资金流3,2026-04-29,0.5792870575820074
组合·T2资金流3,2026-04-30,0.5777055044679476
组合·T2资金流3,2026-05-01,0.5766012599931272
组合·T2资金流3,2026-05-02,0.5777665740671807
组合·T2资金流3,2026-05-03,0.5771709484791195
组合·T2资金流3,2026-05-04,0.5758146117601798
组合·T2资金流3,2026-05-05,0.5601888736278156
组合·T2资金流3,2026-05-06,0.5645793707486308
组合·T2资金流3,2026-05-07,0.5694010371570875
组合·T2资金流3,2026-05-08,0.5630754364155257
组合·T2资金流3,2026-05-09,0.5589800538151425
组合·T2资金流3,2026-05-10,0.5613760454361029
组合·T2资金流3,2026-05-11,0.5672737862782867
组合·T2资金流3,2026-05-12,0.5726810942305061
组合·T2资金流3,2026-05-13,0.5682565411053013
组合·T2资金流3,2026-05-14,0.5752125657819882
组合·T2资金流3,2026-05-15,0.582980011771152
组合·T2资金流3,2026-05-16,0.5888892282825469
组合·T2资金流3,2026-05-17,0.5951148207559847
组合·T2资金流3,2026-05-18,0.5961726996434634
组合·T2资金流3,2026-05-19,0.5930828824941117
组合·T2资金流3,2026-05-20,0.6088269869195043
组合·T2资金流3,2026-05-21,0.6120527347706508
组合·T2资金流3,2026-05-22,0.6133954635720551
组合·T2资金流3,2026-05-23,0.614861555318577
组合·T2资金流3,2026-05-24,0.6386436437925153
组合·T2资金流3,2026-05-25,0.6309615396344511
组合·T2资金流3,2026-05-26,0.6076519511751267
组合·T2资金流3,2026-05-27,0.6001023734696365
组合·T2资金流3,2026-05-28,0.5920823018101453
组合·T2资金流3,2026-05-29,0.5784225001109471
组合·T2资金流3,2026-05-30,0.5789218235308307
