,理想反转,截面动量,低价位振幅,主动买入率,大额主动买,资金费率,持仓量变化,散户多空比,大户多空比
2024-06-02,1.0068453034203648,1.0,0.9999010512749116,0.9976090992132994,0.9963325534878855,0.9831686017906194,1.0,1.0,1.0
2024-06-03,1.028318075787055,1.0,0.9988080045106383,1.0064926584236351,1.0018822473449827,0.9717058508428807,1.0,1.0,1.0
2024-06-04,1.029814472136218,1.0,1.0056604697899163,1.0066230286446949,0.9972693024489218,0.9770503658486578,1.0,1.0,1.0
2024-06-05,1.0302487925832304,1.0,0.9992967063262431,1.0063599172699913,1.0070115960997785,0.9840602323824609,1.0,1.0,1.0
2024-06-06,0.9909092844885087,1.0,1.0300147121705607,1.0167479029551494,1.0302601481416833,0.9848899930688394,1.0,1.0,1.0
2024-06-07,0.9751234096212407,1.0,1.0537887527770657,1.024519507892687,1.0381097634106038,1.0058126800515355,1.0,1.0,1.0
2024-06-08,0.9794532910873266,1.0,1.045132993404607,1.0248212098798035,1.0370637180793145,0.9899727950412361,1.0,1.0,1.0
2024-06-09,0.958003407417271,1.0,1.0866094393355834,1.022230703006579,1.0361089637398435,0.9972740841939118,1.0,1.0,1.0
2024-06-10,0.9448673113944719,1.0,1.1056355453322082,1.0513651281348322,1.0445760397800246,1.010549725166079,1.0,1.0,1.0
2024-06-11,0.9380220583568601,0.9888446566998743,1.0835021549434025,1.0628143444785128,1.0377149709306221,1.0020816498043592,1.0,1.0,1.0
2024-06-12,0.9423651706607541,1.0160368520119547,1.1225336595666688,1.0814748471518518,1.0376826949807023,1.0179112169880145,1.0,1.0,1.0
2024-06-13,0.9366753873579139,1.0159323508022222,1.1431351155427454,1.0734661356424458,1.047995166946178,1.0178173605131604,1.0,1.0,1.0
2024-06-14,0.9254984987682879,1.0298546007742408,1.1368835680453602,1.091346145327209,1.0693965364268108,1.017702476174101,1.0,1.0,1.0
2024-06-15,0.9198730046044801,1.0231859881292202,1.122343917540924,1.0926716990706828,1.0705884904268341,1.0152930124898782,1.0,1.0,1.0
2024-06-16,0.9085462534250165,1.0675319330162507,1.1825887188954753,1.0541795415117783,1.0328742704197562,1.0108934167615875,1.0,1.0,1.0
2024-06-17,0.8787926357391155,1.1245988679250014,1.174446459258367,1.0456537614700063,1.0231808212042923,1.002253562006586,1.0,1.0,1.0
2024-06-18,0.8695431883476796,1.1353967395562474,1.1763748627096053,1.060642273901556,1.0308201224749078,0.9994109528044989,1.0,1.0,1.0
2024-06-19,0.8785037534000235,1.1311642004165259,1.181535492895496,1.0465920734436327,1.025841629971468,0.9985401411458144,1.0,1.0,1.0
2024-06-20,0.8748619754425313,1.1330543326917537,1.1865545073544679,1.0684291018321632,1.0461263570462742,1.0007608664904648,1.0,1.0,1.0
2024-06-21,0.8981552772449461,1.1089625755801948,1.182444812923759,1.057782257351436,1.034025810390463,1.008788991944404,1.0,1.0,1.0
2024-06-22,0.8899097513552094,1.129665614402651,1.2281125335124026,1.0582391411444794,1.0319854069273284,1.0056433631628439,1.0,1.0,1.0
2024-06-23,0.8867536481327745,1.0808400421199007,1.1592122529879607,1.0449828235653011,1.0006516253766469,0.9858467094694603,1.0,1.0,1.0
2024-06-24,0.9033101227864461,1.069305815587232,1.1423053268061796,1.029632459496361,0.9868651932237968,0.9887535156473894,1.0,1.0,1.0
2024-06-25,0.9121472669836451,1.0788557525584346,1.1587031186463206,1.0143539341121945,0.9592060452173273,0.9758397050525986,1.0,1.0,1.0
2024-06-26,0.9172823419042646,1.050598236663842,1.139878838650184,0.998146269903065,0.9483907015150748,0.9960537749626466,1.0,1.0,1.0
2024-06-27,0.9396203567703089,1.0500042203301696,1.1902485596094363,0.984774876156006,0.9467326972916108,1.010485097043651,1.0,1.0,1.0
2024-06-28,0.9576902908989452,1.0442970058396694,1.1748676571321548,0.9835773766922444,0.9418489216220456,1.0156199638357193,1.0,1.0,1.0
2024-06-29,0.9613351170958039,1.0197809364434223,1.126850691011787,0.9730564063982734,0.9414477990516691,1.0161286472401883,1.0,1.0,1.0
2024-06-30,0.9323991905936462,1.0525995620104822,1.1403188815309162,0.9718807202810705,0.9428732950833604,1.0147864028686704,1.0,1.0,1.0
2024-07-01,0.9221554805596662,1.0725392804240377,1.147783336326669,0.9639360341551916,0.9411864074635438,1.016309718419763,1.0,1.0,1.0
2024-07-02,0.9257193036566377,1.062766981976503,1.1805305551618717,0.9676166872411808,0.9526787821653625,1.0197131370466466,1.0,1.0,1.0
2024-07-03,0.9291880665508246,1.0577729562509939,1.2205054630615593,0.9712410840549176,0.9593126948134937,1.0312356093896324,1.0,1.0,1.0
2024-07-04,0.8695239263379848,1.1734021589513888,1.2324377952455918,0.9853098860732901,0.9849514868666083,1.0173367795220118,1.0,1.0,1.0
2024-07-05,0.9072141912146344,1.0865032104348622,1.1698727621773248,1.0032881395636626,0.9910118906183132,1.0192961893583028,1.0,1.0,1.0
2024-07-06,0.9218519220489588,1.0518372374513478,1.1747099572206459,0.9986001600486243,0.9856316234927865,1.01391584394974,1.0,1.0,1.0
2024-07-07,0.9324297503616755,1.0424755689476473,1.1629656065181144,0.9957433733619374,0.9897277115158423,1.005793903095362,1.0,1.0,1.0
2024-07-08,0.9234154243147691,1.0425031557589903,1.1465061293194787,1.0054769865004227,0.9977882693608764,1.0030909628918758,1.0,1.0,1.0
2024-07-09,0.9348135514956014,1.0083260252418393,1.1343900318952294,1.0061031808978134,0.9950836064992356,1.005162778167432,1.0,1.0,1.0
2024-07-10,0.9467891202238268,1.0147926960348383,1.1859782560025312,1.0032375796038677,0.9912409805418804,0.9977709133450234,1.0,1.0,1.0
2024-07-11,0.94713957797935,1.0092211996221894,1.2058303366601328,1.0081785436998636,0.9877140200883884,0.9948059148672108,1.0,1.0,1.0
2024-07-12,0.9382228248344381,1.017952401804742,1.2518027894808526,0.9721986201118044,0.9634607371360898,0.9859334277893639,1.0,1.0,1.0
2024-07-13,0.9505180316047506,0.9992088007092893,1.2240363080322492,0.9651694572210606,0.9515765635534433,0.9745909485327723,1.0,1.0,1.0
2024-07-14,1.005465246671778,0.9650943112444056,1.106944480638102,0.9829342608210287,0.9683981332220699,0.9806706234895771,1.0,1.0,1.0
2024-07-15,0.9902754616514798,0.9806922548979422,1.0682865366489904,0.9797431230113155,0.9709834880968516,0.9701783604718028,1.0,1.0,1.0
2024-07-16,0.9778712268513305,0.9929187169740695,1.0559547492890955,0.9805191361038158,0.9702926633217245,0.9786873730814344,1.0,1.0,1.0
2024-07-17,0.9849138550674283,0.9814411208016994,1.0554209415878275,0.9930566829987016,0.9826994479730664,0.9997012455761161,1.0,1.0,1.0
2024-07-18,0.9856323988304511,0.9878373856754483,1.0375650142785953,0.9856525982959425,0.9760340374874485,0.9739002934107726,1.0,1.0,1.0
2024-07-19,0.9991690284901815,0.9780731854740597,1.0246344653184494,0.9927661125190064,0.9695040330754517,0.9831310002592571,1.0,1.0,1.0
2024-07-20,0.9978518609194901,0.9844069384698859,1.020497871827907,0.9915546076618247,0.9671252476259046,0.9988386156170548,1.0,1.0,1.0
2024-07-21,1.0076251233131592,0.9725795193816587,1.0522613477080167,0.9786427244971441,0.9746817310691995,1.012270302587774,1.0,1.0,1.0
2024-07-22,1.0291268077430062,0.9465171166385876,1.0710820553268234,0.9817191242414294,0.969210579140156,1.0204546299704347,1.0,1.0,1.0
2024-07-23,1.0352794610357423,0.9540849635912064,1.0805212870499359,0.9515953086595356,0.9364949900462118,1.0359040020689134,1.0,1.0,1.0
2024-07-24,1.0114632339883711,0.9469226142186795,1.1023050432876047,0.9319474922894329,0.9110845897643535,1.05170963349704,1.0,1.0,1.0
2024-07-25,1.018181535055536,0.9437041228356273,1.0684762986445155,0.957403541523621,0.9263514720767055,1.0206819956574298,1.0,1.0,1.0
2024-07-26,1.025215872641069,0.9255932132614713,1.0856502326683686,0.9629325396861381,0.9215038461002939,1.0243770770596292,1.0,1.0,1.0
2024-07-27,1.0232803079237496,0.9387156672673871,1.0990254924700946,0.960513457201568,0.9141332393892151,1.0524447040843505,1.0,1.0,1.0
2024-07-28,1.0164387405425679,0.9416552740962469,1.1091400908037208,0.9770824738631146,0.9299021895905395,1.0590365427458288,1.0,1.0,1.0
2024-07-29,1.0114003713072157,0.9627284418473758,1.1255191667632376,0.9701448653494351,0.9237933475081297,1.0728091344945996,1.0,1.0,1.0
2024-07-30,1.0150181559763944,0.9599216761445862,1.132646108502261,0.9731586409973365,0.9274397642888597,1.0752915446992775,1.0,1.0,1.0
2024-07-31,1.0106239054133892,0.965250179128282,1.1465662223422781,0.98988315685798,0.9443826129826983,1.0861875957264806,1.0,1.0,1.0
2024-08-01,0.9948652682852508,0.9999781819795889,1.1800106127701533,0.9914776511093215,0.9518598120775235,1.096850080012036,1.0,1.0,1.0
2024-08-02,0.9946766833662168,1.00002768677601,1.2413253976992227,0.9807627048758855,0.9444615299694277,1.098031919867207,1.0,1.0,1.0
2024-08-03,0.9881665772463111,1.0078321523813893,1.2529781487254685,0.9607674257586284,0.9226352572012586,1.098363176557197,1.0,1.0,1.0
2024-08-04,0.9731918603864854,0.9964517294018492,1.2831255171326674,0.974347040615202,0.9433347588889139,1.1271221776374731,1.0,1.0,1.0
2024-08-05,1.0036904567950278,0.9386622594401205,1.203255273279923,0.9880824873752792,0.9534520694760117,1.0981071012657557,1.0,1.0,1.0
2024-08-06,0.9997946707974106,0.9576537474947279,1.2235431906563574,0.9805871960534911,0.9481556260488845,1.1031371284345202,1.0,1.0,1.0
2024-08-07,1.0020782309707192,0.8907499688473595,1.1442311120805153,1.0085381409035195,0.9962547061051769,1.0394508778440765,1.0,1.0,1.0
2024-08-08,1.01920826117859,0.9122648566717083,1.1684835230514232,1.0191136878263287,1.0063397362273907,1.0328841452925368,1.0,1.0,1.0
2024-08-09,1.0183303820866278,0.9155418532179407,1.1828583188070874,1.022445110255844,1.0061687504742889,1.0358770054464388,1.0,1.0,1.0
2024-08-10,1.0315898014282268,0.9317837471997772,1.2159307942051159,1.0219587362424891,0.9960061872513866,1.0347527871280924,1.0,1.0,1.0
2024-08-11,0.9981362925460361,0.90212825631567,1.1525452381620982,1.0309856355208722,1.0100559099700384,1.033866818914681,1.0,1.0,1.0
2024-08-12,0.9939232377046927,0.9003802189368659,1.1607414962062794,1.023854065034925,1.0194049527073503,1.035204619588515,1.0,1.0,1.0
2024-08-13,1.0002438398753708,0.88671142907264,1.1616646578948682,1.016997586392253,1.0040342599535144,1.0250220223041004,1.0,1.0,1.0
2024-08-14,1.0080300412956011,0.8793224553262813,1.193478035971649,1.0103860831181233,1.011583263196991,1.0008951521548322,1.0,1.0,1.0
2024-08-15,1.0125621159542464,0.8708822611732436,1.2005215406700482,1.0134917892348492,1.0169597937992045,0.9971281071958932,1.0,1.0,1.0
2024-08-16,1.0159156882975693,0.8519496108727549,1.1943001106041822,1.0250900883853078,1.0254186063685855,1.0005245846224167,1.0,1.0,1.0
2024-08-17,1.021147161138744,0.8479900324702493,1.1915174650362912,1.0219949314318588,1.0141992301932212,0.9991280019716706,1.0,1.0,1.0
2024-08-18,1.0295763913543663,0.8409796530309405,1.1992126255938464,1.0307894143221128,1.014172872545079,0.9840281772247206,1.0,1.0,1.0
2024-08-19,1.01931088631824,0.8385047036704981,1.2010940219710455,1.0621028779377886,1.033347336240777,0.9829994055561218,1.0,1.0,1.0
2024-08-20,1.0247188484151544,0.8423579555791328,1.2089825842340058,1.016283990091311,1.029379047295415,1.01232674146221,1.0,1.0,1.0
2024-08-21,1.0216926686560264,0.8329195522500359,1.1872368293386306,1.0067319966767925,1.035010948450031,1.0027451759523471,1.0,1.0,1.0
2024-08-22,1.0115028093372809,0.7987372881662925,1.1144984780250684,1.0113628906942516,1.0412042805488206,0.9990553558296305,1.0,1.0,1.0
2024-08-23,0.9984291409016602,0.797883245950285,1.0831075584829752,0.9907295026348354,1.0344537599264192,0.9930587011451486,1.0,1.0,1.0
2024-08-24,0.9883644175818846,0.8123856397862627,1.0785394482703223,1.0081329455437147,1.0539573568282077,1.0115372132470126,1.0,1.0,1.0
2024-08-25,0.994975828842626,0.8044874678032696,1.1123450726048318,1.0045661201368654,1.055993145920125,1.015291987886573,1.0,1.0,1.0
2024-08-26,1.0127888839267327,0.7964571237906387,1.1296590901270922,0.98636028632653,1.0381511396816068,1.0152618994812048,1.0,1.0,1.0
2024-08-27,1.0314947057160884,0.7824812443781548,1.149653529654218,0.9705157355744979,1.0164899739557502,1.0145018109470998,1.0,1.0,1.0
2024-08-28,1.04336873970502,0.7809521740290537,1.177141036028181,0.959096150938392,0.9994500074010808,1.0237927699969125,1.0,1.0,1.0
2024-08-29,1.0516475001544092,0.775736403482968,1.181965213644944,0.9491383648556748,0.987254760391609,1.035305966295672,1.0,1.0,1.0
2024-08-30,1.0526895301879142,0.7660188527390683,1.1929611978121202,0.9353615311007379,0.9729246635255389,1.0481393217441786,1.0,1.0,1.0
2024-08-31,1.051021995519482,0.770314840174054,1.2140210421153717,0.9241034142886481,0.9682840675191179,1.0432161398774327,1.0,1.0,1.0
2024-09-01,1.0454777497384833,0.7547614247344007,1.1769741636973923,0.9284708285063686,0.9866787918578029,1.0357016801706902,1.0,1.0,1.0
2024-09-02,1.0565624906978244,0.7595697653019388,1.2051830713841805,0.9161911174027816,0.9643470078920201,1.0341151445478605,1.0,1.0,1.0
2024-09-03,1.0366150604835471,0.7470116024695839,1.1941907554317013,0.9566744780425681,1.0113862135380614,1.0461863951666592,1.0,1.0,1.0
2024-09-04,1.0444439282078544,0.7468540394676677,1.2027526486933309,0.9572323128823534,1.0053557823825086,1.0311815630555952,1.0,1.0,1.0
2024-09-05,1.0312082582769284,0.7436615663511629,1.1839744074999363,0.9579068609128174,1.0052334479637317,1.045120441888661,1.0,1.0,1.0
2024-09-06,1.0225127719740117,0.7540240756931441,1.1715947350803309,0.9474004971721033,0.9916273362179173,1.0338149741347,1.0,1.0,1.0
2024-09-07,1.0282544266545115,0.7388952790458083,1.172117840027153,0.947681011623767,0.9843058003311409,1.0628399548258334,1.0,1.0,1.0
2024-09-08,1.0304315560859099,0.7303444806989361,1.1495917932614979,0.9314979791997791,0.9742774881407501,1.0562011561345286,1.0,1.0,1.0
2024-09-09,1.0221293593232257,0.731294910155114,1.1565144730514594,0.9262763182317343,0.9723761390386001,1.0770610073514368,1.0,1.0,1.0
2024-09-10,1.0270777090037917,0.7232768320201634,1.1848489502880513,0.9346248385801178,0.9702709190025449,1.0861103055280654,1.0,1.0,1.0
2024-09-11,1.0397647954655682,0.7298407202892193,1.1693616490571948,0.9256462709743712,0.961650093757136,1.074665520434519,1.0,1.0,1.0
2024-09-12,1.057740575378503,0.7156898323422232,1.1547292611851228,0.9233150911933767,0.956352699050961,1.0811518778184217,1.0,1.0,1.0
2024-09-13,1.0590491029840512,0.7156522814497642,1.1578058462780583,0.9127370432801888,0.9455019838693692,1.0920236781408135,1.0,1.0,1.0
2024-09-14,1.0554363024314997,0.7170138060669463,1.168345479717789,0.9199384626584537,0.9525716113368834,1.108503338286851,1.0,1.0,1.0
2024-09-15,1.0515346385819606,0.7098369878123404,1.1671828248372111,0.9116710021256181,0.9509896046717177,1.1220754377445377,1.0,1.0,1.0
2024-09-16,1.0349932064192957,0.7290515311295775,1.1259555444275509,0.9265857685989961,0.9633611450807862,1.1064897823082325,1.0,1.0,1.0
2024-09-17,1.0238838636395415,0.7438319517096078,1.1002168976132982,0.9418392403129215,0.9795342332479392,1.0936490071522071,1.0,1.0,1.0
2024-09-18,1.0149134707094007,0.7456652406039983,1.0734968820614095,0.9526546318866237,1.0002490590058162,1.073470557706755,1.0,1.0,1.0
2024-09-19,1.0070108858667337,0.7516453580506343,1.0736687241894534,0.9459514738174081,1.0006920085213622,1.0553074506957656,1.0,1.0,1.0
2024-09-20,0.993913122652103,0.7583534436269822,1.0699177210212467,0.9613364432425661,1.033418310096652,1.028184971798835,1.0,1.0,1.0
2024-09-21,0.994763108743614,0.7540506090788154,1.0890795853086612,0.9772907036910582,1.0548924936467778,1.0340938963725186,1.0,1.0,1.0
2024-09-22,0.9770574263761552,0.7528889971082008,1.0455953915438814,0.9928320380612856,1.0666329732410258,1.0080233929304312,1.0,1.0,1.0
2024-09-23,0.9683127053382978,0.7691436219189203,1.0000944954572895,0.9635708646177653,1.052866720263762,1.0093787559830556,1.0,1.0,1.0
2024-09-24,0.9668014324770464,0.7534568725214343,0.9945504425904665,0.9522012411380668,1.0344733283851169,1.0047198405208517,1.0,1.0,1.0
2024-09-25,0.9746347833651372,0.7532022816140266,0.9758155854452764,0.9688215815692253,1.0454334711556783,0.9950033604034817,1.0,1.0,1.0
2024-09-26,0.9758620323290127,0.7578362506317949,0.9737840439882526,0.9745225409949172,1.0396012853333276,0.9800562662641649,1.0,1.0,1.0
2024-09-27,0.9825695016485443,0.7572850664380024,0.9823357066056417,0.9525138387934792,1.0281998500386555,0.9848621156758869,1.0,1.0,1.0
2024-09-28,0.9884072154468887,0.7549913541210093,0.9589888569235431,0.9466642958228736,1.0165051033358004,0.9860702433241976,1.0,1.0,1.0
2024-09-29,0.9870514014385798,0.7542496166057235,0.9615108109827579,0.9665156196804324,1.0374338512727288,1.009842949992871,1.0,1.0,1.0
2024-09-30,0.9737080127548957,0.7578895409594008,0.9916125552117304,0.9585403609408337,1.0338488640050425,1.0196141959396208,1.0,1.0,1.0
2024-10-01,0.9705666666029291,0.7672744227415307,1.0075841531277323,0.9924039601455462,1.0598890386794888,1.0360237296937629,1.0,1.0,1.0
2024-10-02,0.9931758621753887,0.7344421103432214,1.0579334133359435,0.999167043808687,1.0631611992183954,1.0366543116960731,1.0,1.0,1.0
2024-10-03,0.9758651277929685,0.7355341862940752,1.0013345462011414,1.012033273833931,1.0854600863383788,1.0345509820776264,1.0,1.0,1.0
2024-10-04,0.9783558238790765,0.7374739906727942,1.0103921560184743,0.9911414825209921,1.0630525171520446,1.032839060036426,1.0,1.0,1.0
2024-10-05,0.9690183507220146,0.743011784438246,0.9650698023937603,0.9899686042305129,1.0663803995566952,1.0347503512167429,1.0,1.0,1.0
2024-10-06,0.9542374317076489,0.7493893696804329,0.9578190485740459,0.9911271917631975,1.0833278904818782,1.0335726790653996,1.0,1.0,1.0
2024-10-07,0.9589172473845357,0.7587500878420996,0.9730119556233372,0.9891748309949284,1.0886774951216702,1.0531471430857897,1.0,1.0,1.0
2024-10-08,0.9732065882947653,0.75768725237673,0.9941778766458496,0.9775581257164202,1.0737025030820166,1.0677112652515834,1.0,1.0,1.0
2024-10-09,0.9780797740635427,0.7524355079046797,1.0073445107175347,0.9850986149584721,1.0872198279875853,1.0625838837762533,1.0,1.0,1.0
2024-10-10,0.9424758691320428,0.7375079049529104,0.9451080781755675,0.9751142428638951,1.055217561035115,1.0502582960498226,1.0,1.0,1.0
2024-10-11,0.9345831174318252,0.7512593872017824,0.9174464954378858,1.0110548059827626,1.0898544686423253,1.054438566729787,1.0,1.0,1.0
2024-10-12,0.92227791422154,0.7729020525045562,0.892253435231741,1.0138035042608524,1.0914878417111353,1.0603985427548537,1.0,1.0,1.0
2024-10-13,0.9222281117009501,0.7687028910301182,0.8637388158816437,1.0155646428465241,1.1266862535746087,1.0830379515970545,1.0,1.0,1.0
2024-10-14,0.9498205728512484,0.7614165584164104,0.8817098412436145,1.0274114911537664,1.11942831098853,1.087400669298312,1.0,1.0,1.0
2024-10-15,0.9661634204862651,0.7454918354912391,0.9068808449699771,1.0207864747541975,1.1079438668545305,1.1038920401343795,1.0,1.0,1.0
2024-10-16,0.961806551682011,0.7511005137893645,0.9237531908059519,1.042043279970646,1.1143413471600818,1.1026588146924432,1.0,1.0,1.0
2024-10-17,0.9531632727004127,0.7517664947775535,0.90348853372463,1.0416841283046103,1.1146127825643282,1.0884640723523793,1.0,1.0,1.0
2024-10-18,0.9441067964947103,0.7610384781542125,0.9126901453718392,1.029654766354739,1.1046394996885212,1.076265278006546,1.0,1.0,1.0
2024-10-19,0.9381728256417018,0.7693314179220574,0.9022215242209426,1.0438095662028166,1.0989345359165983,1.0684243062267345,1.0,1.0,1.0
2024-10-20,0.9424355612971306,0.7627057427143746,0.9193173467166984,1.0413820958267406,1.0917957802995288,1.0639808486307951,1.0,1.0,1.0
2024-10-21,0.9504580774310312,0.7607731369365518,0.9174064537820551,1.0390809348580752,1.0834979739806987,1.0548847297098605,1.0,1.0,1.0
2024-10-22,0.9753280733371364,0.7569765091087607,0.9221104456151656,1.04331103243051,1.089803694624456,1.059397697916492,1.0,1.0,1.0
2024-10-23,0.9759022790241721,0.7690069968533796,0.9124216355539795,1.0457342053584828,1.0978504565758418,1.0835933557939683,1.0,1.0,1.0
2024-10-24,0.992678585856171,0.794253357742979,0.9653852601037142,1.0488331346253392,1.104197320123401,1.095086191666936,1.0,1.0,1.0
2024-10-25,0.9917790898768912,0.7856692543615097,0.9560400593458813,1.0715297115416242,1.1334974620497973,1.0891500416094202,1.0,1.0,1.0
2024-10-26,0.9891675947314497,0.7885096731203083,0.9503204986960618,1.0622564277485327,1.1275796598643004,1.100152378297098,1.0,1.0,1.0
2024-10-27,0.9811889339853185,0.7949565422711566,0.961440909734794,1.06274531650665,1.137174493959903,1.1019481035641505,1.0,1.0,1.0
2024-10-28,0.9881759986647154,0.786715290421133,0.9402858109143827,1.0492450097228665,1.1208651141632449,1.0976457150021666,1.0,1.0,1.0
2024-10-29,0.9888615423724295,0.7930828416551362,0.9581855152155723,1.0575443501915431,1.116543030107243,1.0646019527052353,1.0,1.0,1.0
2024-10-30,0.9862034824496668,0.8007833080792445,0.965289135537662,1.0489868199274428,1.1050920424281303,1.067102483385581,1.0,1.0,1.0
2024-10-31,0.9865663212206175,0.8106561870463077,0.9820513028142156,1.0438225991380086,1.10470127827198,1.0555197958495601,1.0,1.0,1.0
2024-11-01,0.991465028878268,0.814433110111541,0.9955112670619602,1.0435261801954934,1.104916724773452,1.0527502538852493,1.0,1.0,1.0
2024-11-02,0.9992584162625681,0.8151775078472303,1.0139451234898766,1.0333236005305242,1.1047690153251146,1.0497910871757543,1.0,1.0,1.0
2024-11-03,0.998723306009854,0.8265355232325488,1.0214155415919237,1.0324860038825374,1.0930392893296275,1.0465714535470156,1.0,1.0,1.0
2024-11-04,0.995837209523731,0.7932187476640195,0.9772399712896819,1.0562509206590496,1.096175603630417,1.0615612629403235,1.0,1.0,1.0
2024-11-05,0.9996411420681802,0.7662937724069996,0.9056805103840165,1.1143905343773013,1.1295489559923064,1.0370206166695781,1.0,1.0,1.0
2024-11-06,0.98687292301357,0.7665868252507717,0.9012415827251832,1.0991852148978134,1.1204281890439907,1.013295584834843,1.0,1.0,1.0
2024-11-07,0.9944331736353289,0.767724706698373,0.9298940789682092,1.083556736787399,1.1057205693142882,1.0253141416778797,1.0,1.0,1.0
2024-11-08,0.9903779829229662,0.7552980190981164,0.8985851360906068,1.1057769500900385,1.1059908225349617,1.0260774444386596,1.0,1.0,1.0
2024-11-09,1.0373351728300009,0.7552907390079292,0.9140017118104099,1.0790135599272388,1.0897423928673091,1.0665197032457248,1.0,1.0,1.0
2024-11-10,1.0606598882650498,0.73798564705506,0.8878889856884493,1.1113145828233288,1.121112876518564,1.012416641895443,1.0,1.0,1.0
2024-11-11,1.0811305588371853,0.7237351371550851,0.8811322196575082,1.0444251122535588,1.048802066645969,1.0893907857560992,1.0,1.0,1.0
2024-11-12,1.059428364069376,0.7580640420655138,0.8110725510287371,1.0672708521289849,1.0887670348644902,1.0772149393125088,1.0,1.0,1.0
2024-11-13,1.0533405380264425,0.7217377431065393,0.8397567708821149,1.0554895254602055,1.0741001458284052,1.0214903347003974,1.0,1.0,1.0
2024-11-14,0.984376243152642,0.756764266614279,0.8064284509560252,1.0512335130415609,1.1120222131735085,1.020148309484383,1.0,1.0,1.0
2024-11-15,0.9887117407959751,0.7329859491490681,0.8843851883362328,1.0313835252223937,1.1797398042987217,1.0460266299955472,1.0,1.0,1.0
2024-11-16,0.9485729714516775,0.7496424969204029,0.8313880584890899,1.04707638322687,1.151785214235426,1.0169560342742117,1.0,1.0,1.0
2024-11-17,0.9665998151324348,0.7501181027004424,0.8490705011966281,1.0383928693999487,1.1512091402401698,1.03567094217384,1.0,1.0,1.0
2024-11-18,0.9441191967217685,0.7739766679422476,0.8484455360013691,1.029961892752123,1.1628326820761317,1.0239977437880396,1.0,1.0,1.0
2024-11-19,0.9196808749909932,0.7884374307934816,0.8472990689146874,1.0400722951840204,1.2319670268711171,1.0350863661552825,1.0,1.0,1.0
2024-11-20,0.9485627527505822,0.7459298746654943,0.8521539257030714,1.0785840771129886,1.2679257899944065,1.0192357899246642,1.0,1.0,1.0
2024-11-21,0.9561330415598646,0.7952997150183196,0.8399394090581581,1.0646229534884974,1.2725043235724176,1.0660418798623443,1.0,1.0,1.0
2024-11-22,0.9662816812733378,0.7923354287286457,0.8417336544856338,1.051229292061056,1.4005076108937304,1.1429746827599887,1.0,1.0,1.0
2024-11-23,0.9826004163218696,0.8592604741418804,0.8939114132023938,1.027606888796779,1.3923060104773715,1.1745771777356566,1.0,1.0,1.0
2024-11-24,1.0119222335906848,0.8247966003065778,0.9267734769598995,1.065539040469601,1.430861365099655,1.1639668778628987,1.0,1.0,1.0
2024-11-25,1.034816025176013,0.8178195269025619,0.9288460361904111,1.0542714650926632,1.3865040273791875,1.1622010321518463,1.0,1.0,1.0
2024-11-26,1.0706020076876301,0.8049564672653079,0.9478180731118205,1.1221546878880366,1.483916595148032,1.180938424963301,1.0,1.0,1.0
2024-11-27,1.083637364400064,0.7893607084078205,0.9319095372467275,1.0612426236185433,1.4173645144003657,1.2146347867419636,1.0,1.0,1.0
2024-11-28,1.1212105420445069,0.7981505950871851,0.930127927491702,1.0256492924968625,1.3912623324748734,1.2631075003844516,1.0,1.0,1.0
2024-11-29,1.119270335712846,0.8246888650441998,0.8775759452443773,1.0321347980644986,1.3918261608681692,1.1942018826493683,1.0,1.0,1.0
2024-11-30,1.1291049880127786,0.7992110994120281,0.8906045360594396,1.0223085519118142,1.3790813667217423,1.2311402701362373,1.0,1.0,1.0
2024-12-01,1.1079359832693632,0.8660899811973704,0.8720748666382082,0.9832546095377294,1.2667454856570126,1.1881564560571383,1.0,1.0,1.0
2024-12-02,1.1165760396474198,0.8446153817821067,0.9319348956945611,1.1268334502584274,1.4303694544250356,1.37948308252833,1.0,1.0,1.0
2024-12-03,1.161093554397019,0.8184985788801974,0.9187452723318612,1.066631471393445,1.368525503458027,1.3477513758707689,1.0,1.0,1.0
2024-12-04,1.1619568714335768,0.8054411135779794,0.9035346077824347,1.0639732110228783,1.339698969972771,1.3425942062968812,1.0,1.0,1.0
2024-12-05,1.1518924126490064,0.8309679243679515,0.882134963971936,1.0852276284321076,1.356658082322886,1.3338958673069312,1.0,1.0,1.0
2024-12-06,1.1856688499519834,0.7924597750936339,0.8992860753389788,1.0987419004332868,1.3702283933680137,1.3709565941572686,1.0,1.0,1.0
2024-12-07,1.1584320872082554,0.8036443207916167,0.8948228987336935,1.089172996004521,1.3742089915001592,1.3630655920783763,1.0,1.0,1.0
2024-12-08,1.0905963969082588,0.7961502229580424,0.921226954433744,1.1278448874694516,1.4360948974780348,1.4225390975955658,1.0,1.0,1.0
2024-12-09,1.0942826585334973,0.8100678650444644,0.9401802576558362,1.1086863692635014,1.425207203169255,1.3480105259686748,1.0,1.0,1.0
2024-12-10,1.0992533583194903,0.8079051753210332,0.9228412544074838,1.1254392573534215,1.433914676118042,1.3581481940237163,1.0,1.0,1.0
2024-12-11,1.103839179396513,0.8271943552125263,0.9533110027025337,1.1108158578610459,1.4576769903472835,1.2267338858708299,1.0,1.0,1.0
2024-12-12,1.090887668951827,0.8269339068868089,0.9392329184907325,1.1149307099231,1.4658803193098324,1.2393054289242318,1.0,1.0,1.0
2024-12-13,1.072742060653277,0.8414412847931113,0.9368266733902446,1.088766790328726,1.4506635440566034,1.2494499919963256,1.0,1.0,1.0
2024-12-14,1.0664197732137373,0.8408087375426918,0.9332773582062895,1.0800330872693147,1.4436937834426498,1.2425511666580202,1.0,1.0,1.0
2024-12-15,1.0589119640309959,0.8483750494534565,0.9572041203179141,1.0964434489715975,1.4628497611606608,1.2372238476454747,1.0,1.0,1.0
2024-12-16,1.0623352261450176,0.8590758307311777,0.9853556617870983,1.092230385652411,1.477408331565354,1.2827998000425516,1.0,1.0,1.0
2024-12-17,1.0611480345392317,0.873620670421977,0.9986626197018011,1.1102022657009545,1.520559709259126,1.289175603381906,1.0,1.0,1.0
2024-12-18,1.0546606396172462,0.903391575280291,1.0261072555233537,1.129569139692136,1.5628498179478298,1.3225196243555783,1.0,1.0,1.0
2024-12-19,1.059614805695773,0.8748938838139342,1.0027750866282756,1.1032935892410338,1.538659063450249,1.288933437246088,1.0,1.0,1.0
2024-12-20,1.0150228115997015,0.9018557719483525,0.9997028243735157,1.086510952407426,1.4767527375530065,1.2799965922907044,1.0,1.0,1.0
2024-12-21,1.0221176239631833,0.883764614667784,0.9943863554251359,1.0983591428125818,1.5000158677735382,1.2755144502889633,1.0,1.0,1.0
2024-12-22,1.0240422239562648,0.8631840369012093,0.9872620917086676,1.0942613421895326,1.5332346689320913,1.2866380443048204,1.0,1.0,1.0
2024-12-23,1.0096526443169673,0.8553390707488459,0.976678342332714,1.089616046334172,1.5402992118649947,1.2967229187942384,1.0,1.0,1.0
2024-12-24,0.9931954288563466,0.8834026005543202,0.9775476035439993,1.1033250276850517,1.5477940228513043,1.292995022618088,1.0,1.0,1.0
2024-12-25,1.0123273581512706,0.8871284091217011,0.9835732052033401,1.111033535037933,1.5510470358543706,1.301629419667976,1.0,1.0,1.0
2024-12-26,0.9903418259372894,0.8588979082649302,0.9755542623898816,1.123617288898782,1.5568987300503099,1.317345798386068,1.0,1.0,1.0
2024-12-27,0.9953637367805914,0.8376042521146906,0.9732328100334643,1.1331534121009066,1.5705703431441866,1.3329701606587347,1.0,1.0,1.0
2024-12-28,0.9910701527190062,0.853598631800275,0.9717863633940943,1.1539803999615137,1.5918929325957496,1.3429163710424685,1.0,1.0,1.0
2024-12-29,0.9822221901394271,0.8670423401561914,0.9571427323597145,1.1576885101704684,1.6036051496570527,1.3563264850097914,1.0,1.0,1.0
2024-12-30,0.9913664927189527,0.8512359700769786,0.9548832455440289,1.1428532737158459,1.5849729598797153,1.3656071742055556,1.0,1.0,1.0
2024-12-31,1.0208944420729718,0.8093827778926815,0.9577891700699903,1.1053137563604436,1.5329110536808612,1.2967591415646882,1.0,1.0,1.0
2025-01-01,1.0088068835416026,0.7984798819111988,0.9414673784237023,1.1104644731663122,1.5264548455425384,1.2834461443408478,1.0,1.0,1.0
2025-01-02,0.9896294275410834,0.7762040543121776,0.9209676587186245,1.0664928925191068,1.481466135923323,1.2617527400959359,1.0,0.9587376494356433,1.0293299612456184
2025-01-03,0.9935906182366978,0.7771782703936272,0.9314852810671248,1.0560225488761072,1.464822027028693,1.2518230750695485,1.0,0.9457867381620589,1.0506695296100992
2025-01-04,0.9973955389904834,0.7832450021896642,0.928498865855019,1.0414420503254882,1.4448902003396877,1.2123856232687953,1.0098160980845758,0.923100296306986,1.0691272600425274
2025-01-05,1.010464873138184,0.7695499593455625,0.9445512292686725,1.045380583837336,1.4509125613992404,1.2255185730640499,0.9941672217051459,0.9246211830440044,1.061705933119906
2025-01-06,1.0095321807049706,0.7673036431705026,0.9572837599718442,1.0662306306414218,1.4666260085626015,1.2470912531698772,0.9965293991474397,0.9351172976569887,1.0204200757261384
2025-01-07,1.0001500891694917,0.7755704862240002,0.98889912752758,1.0674532190573027,1.4537425721819346,1.2742111895144954,0.9778980453464429,0.9625629111588357,1.0084361862569688
2025-01-08,1.008214009715861,0.7820040547216606,1.0142590931214468,1.055146292964441,1.43575500368949,1.2671936131297077,0.982547135924491,0.9620150897623672,1.0073645676921514
2025-01-09,1.0170758080723958,0.7853113102437774,1.0106643389576184,1.0496377893025166,1.4373990215942898,1.2733272246108305,0.984995819592314,0.9810129653937348,0.9937505774814694
2025-01-10,1.0154435834699087,0.7882586958835522,0.9951403592742057,1.0684345960470178,1.433181053319669,1.2554565852208117,0.9748942734281321,0.9834021253817419,0.9860852209670496
2025-01-11,1.031101856654509,0.7848303344615405,1.010664536646532,1.0739017611155264,1.433197428114656,1.2625458144622983,0.973654949906918,0.9866617280731713,1.0013184172534855
2025-01-12,1.0217085636634378,0.7978420706267734,1.0221658133539475,1.084078180450453,1.4473613219979073,1.2585609376747964,0.9925527376736831,0.9939132089187567,0.9997024463265173
2025-01-13,1.0201578650242975,0.7896454513478317,1.0139610168013755,1.0802966304600858,1.4324041565412111,1.23534238445513,0.9972706584524166,0.9787482181109745,1.0263642334473069
2025-01-14,1.011830896254098,0.7892283417313329,0.9991607818279917,1.0759322429848734,1.3919501819192128,1.190039198910816,0.9915177829869762,0.9795262601032958,1.0433800565747675
2025-01-15,1.0017642770447732,0.8146529243429264,1.0163214597069494,1.0472752199826252,1.3520473062287583,1.1877276251484397,1.0319805485476337,0.9887015336249664,1.047445058401672
2025-01-16,0.9981622860837985,0.7787213059366287,1.0067022244992458,1.030836441388926,1.2998344660458525,1.2009680703460448,1.0196799967292722,0.9643251089069187,1.0799730456768781
2025-01-17,1.0345126509186913,0.7706040051651305,1.0389766316660924,1.0286915130554,1.3106284697535966,1.2071867884915612,1.0782740322538917,0.9488432352688523,1.0467560206831898
2025-01-18,1.035135182223714,0.7717636578816892,1.062633677241029,1.0252813363012296,1.3389286074834037,1.2129177316199933,1.1202742970498067,0.9643026158377564,1.0570122907238648
2025-01-19,1.0246516963620036,0.7894530959143147,1.0805428420795427,0.9847343394811644,1.2894717717977964,1.207475503450847,1.1117588861132706,0.9880304303113369,1.0485570009600187
2025-01-20,1.0172907364905006,0.7715328892147634,1.088611526904492,0.9942983456653605,1.2976445569406063,1.1939015616051354,1.138509778340147,0.9892158781901716,1.0410770975292816
2025-01-21,1.0389537117013277,0.7688655117871844,1.093073739402947,1.0094094466457395,1.3021113515374736,1.229581921539444,1.113401409850356,0.983607179404173,1.008023429957143
2025-01-22,1.0330160764461147,0.7638372527037443,1.0950926899131366,0.9886368312360776,1.2695892442100336,1.1880484931025888,1.1165046187141041,0.9772412914784533,1.0187269136854704
2025-01-23,1.0364497103002905,0.7764930494651046,1.101235418209292,0.9994904627518073,1.278505141180216,1.218174563653988,1.0954407609490897,0.9693459865213728,1.0141770503211514
2025-01-24,1.0615053166842434,0.7684066758231286,1.0806135224569842,0.9914722884959042,1.265111070649432,1.2313084603420068,1.099937442377484,0.9502549910911143,1.0266592329368385
2025-01-25,1.0502151557398824,0.7820348861525956,1.0888327949702845,0.984465105504623,1.2570299160118115,1.2192909009014932,1.0907161040878046,0.9513409824949922,1.0106065719888182
2025-01-26,1.050188130613181,0.79018775800331,1.1119422350971917,0.9882847807319549,1.2671761943201147,1.26331054664692,1.0856027229169767,0.9630118865828651,0.9945782346052858
2025-01-27,1.0463266335269545,0.8314062524560127,1.1548169292481256,0.9769836744470125,1.2439071750253954,1.2764940270407295,1.0843745860325285,0.9910553241444734,0.9937425410373533
2025-01-28,1.051006298083407,0.8115006461371059,1.1110045722277506,0.9856226535193271,1.2597121373118159,1.2549578386840146,1.0832908825664556,0.9951308017736071,1.0103691383269289
2025-01-29,1.038292008027605,0.8089063728313265,1.1018414358778073,0.9794584152291088,1.270413745685691,1.2492216859386396,1.075908437062085,0.9924363542231752,1.012090589702635
2025-01-30,1.0504254758468046,0.7957817824787775,1.1058218845823435,0.9733948987483574,1.2625490170105726,1.23070800590113,1.0820224206829352,0.9652446006958723,1.0126474534996628
2025-01-31,1.0573004101565688,0.8253752060862587,1.1641552319116328,0.9650892664153939,1.2503074425764082,1.2534152861704906,1.0686605039630626,0.9838799763132742,1.0025576625668386
2025-02-01,1.0772693008833192,0.8616605557215502,1.1603346438766076,0.9746328838099155,1.2404774383533352,1.2969192573518233,1.0713386165754977,1.0107898235400037,0.9934048461176288
2025-02-02,1.0567927491074822,0.8800514673744708,1.1475978516189178,1.0056571702227195,1.2810777667455955,1.3113902058975933,1.0487956631809603,1.0024557771327158,0.9743210316187749
2025-02-03,1.0544558093530008,0.8962396172625983,1.1659411153795511,1.019114678658488,1.2946181314247367,1.2788079013757068,1.062875630585169,1.0092261083393546,0.9648171950743254
2025-02-04,1.066682055737612,0.8941695884030004,1.1931452111575158,0.9920265694099617,1.2856919961539952,1.258184970825321,1.0746592482462098,1.0108685749032646,0.9706795238912629
2025-02-05,1.0325133302134721,0.9341658141887792,1.2275552433090593,0.9580698623298721,1.2511776413658224,1.2735402206436317,1.092241295083101,1.0150660195723453,0.9543213338034147
2025-02-06,1.027124753753669,0.9382020666162425,1.2335529180823137,0.9629310306665357,1.249451178166516,1.2835296067486617,1.088640763522368,1.0239983709124698,0.9536025080034394
2025-02-07,1.043452889680861,0.9067741115942126,1.213689812087676,0.970719691763625,1.2565574706183833,1.2909569396144869,1.074129271623618,1.0046933283257673,0.9464283285614372
2025-02-08,1.0422364969337832,0.9244066678782061,1.2514585150116446,0.9793350851832959,1.2566621352966643,1.2659221964622345,1.0747017956330462,0.9983853407937449,0.9485095514077014
2025-02-09,1.0304154589069725,0.9200664541802258,1.2506177118321755,1.0069419385466638,1.2674483825805314,1.2503530606285913,1.0888561819570464,1.000050807968885,0.9473429452943357
2025-02-10,1.0452592270901222,0.9292797589653986,1.2419477483278607,1.0463189940201458,1.2655739322098938,1.2669804047910471,1.0716139804497595,1.0009262029919017,0.9513343071785537
2025-02-11,1.0463106216225087,0.9031577290864572,1.2559053097224542,1.0748981549024594,1.290570107622295,1.265161911800347,1.0612280119758581,1.0026557978263273,0.9310069821599255
2025-02-12,1.0438012054462906,0.9043881163058682,1.2670193461236612,1.0940412391764718,1.2949266111832225,1.2568122144213103,1.0740343997999386,1.0197430602734854,0.9410895757781739
2025-02-13,1.0623099863966496,0.8698686146875494,1.2281258594467375,1.0764367398104613,1.2834351645653257,1.2463971030734933,1.0524711550255836,1.0096621265258827,0.955151313485486
2025-02-14,1.0671014654592448,0.8877544197163799,1.2400146317962348,1.0708277944503606,1.2875393597251772,1.2550380746510288,1.0313227265871983,1.0336170823116444,0.9646242837959645
2025-02-15,1.0822322762403775,0.8806024175657868,1.2542204915421435,1.0662031197286765,1.2766199426419078,1.2682683850158358,1.0124978043368742,1.038694535398481,0.952118096762904
2025-02-16,1.0752911701258252,0.873130249659245,1.277642321325763,1.0883175812299803,1.2980765985412561,1.2538849320745094,0.9922493308300508,1.0349388654070366,0.9500171975244441
2025-02-17,1.0723196243685433,0.8862311514815515,1.2971493917856591,1.1094200574649826,1.30429146281092,1.227976696379337,0.9711434401651297,1.0631214116353227,0.9807464029407471
2025-02-18,1.0771995443556908,0.8969935912377401,1.2997598292168295,1.1248211263760273,1.3222673249324726,1.2490639640101346,0.9414001947832767,1.0682599539607176,0.9595083674245937
2025-02-19,1.0842245716937877,0.89560852371338,1.2798026698915768,1.0920756890114973,1.2750128460303665,1.2896977307049384,0.9138668231612476,1.0455140425582987,0.950425623420539
2025-02-20,1.0817861202248211,0.8956148585423284,1.2835235435563224,1.07847015157946,1.2670137119584486,1.284907208025946,0.9200885159870112,1.0328755290640783,0.9561903632453909
2025-02-21,1.0756535016971849,0.8883723427505744,1.2626096932760371,1.0787720462804247,1.2667879176227541,1.3018021177289645,0.9047587506446347,1.0253951194449233,0.950622759357515
2025-02-22,1.0780431475190178,0.904621782335473,1.2762357905245916,1.0983606590768247,1.2718936591582275,1.2768199845580177,0.8821307776470036,1.037252152218272,0.9560558906325799
2025-02-23,1.0816236336526448,0.918684118820811,1.3238786320665001,1.1142410394912634,1.2813189080875345,1.2907169583907847,0.8830543024546949,1.0623885979801917,0.944037088874896
2025-02-24,1.0710692168969123,0.9162317170645703,1.2763501427111932,1.0766432679873257,1.2575438748414887,1.2642940359290764,0.8791057680145725,1.0362471201373802,0.9415384647213153
2025-02-25,1.0661091454842617,0.9274656402127629,1.251516416600695,1.0797349742557558,1.2976742449692538,1.2658139449757098,0.8793490898199324,1.0527054924148547,0.9347682166551062
2025-02-26,1.085984171791794,0.9078158434718582,1.27559964189848,1.0891866668565287,1.3008880472561315,1.2781100112143287,0.8763923679743952,1.0374760937594154,0.938093253765656
2025-02-27,1.085620151900038,0.9155337654455208,1.2746515148167545,1.079270834987213,1.298225077699604,1.2924047217825312,0.8563152983843394,1.038048993175345,0.9037862566354109
2025-02-28,1.0933001609137574,0.9056776465392926,1.2888949774040939,1.0597589758439192,1.2731499749422093,1.3367107345839828,0.8209103480749111,1.0618693260650256,0.893357986042711
2025-03-01,1.1220027293470078,0.8309095166763254,1.2149841307958842,0.8996734373694658,1.2268746249146023,1.2818283385345763,0.8156381328898705,0.994607133661408,0.943561912806561
2025-03-02,1.16725939382886,0.8393231079060307,1.260247374828086,0.9391882631246083,1.2360872391308348,1.3052164397391892,0.7822047211695107,1.0144662468166896,0.8923759594985327
2025-03-03,1.1579177964916438,0.8525018430764232,1.2793245065110124,0.9295067468166881,1.2187958705689017,1.3824517505423708,0.8310629602298888,1.0522235807443114,0.8807098376165933
2025-03-04,1.1639659880937863,0.8561326918404388,1.3049274249314664,0.9591294173379442,1.2630565761086385,1.2812014995057095,0.8443517247878312,1.094398002021153,0.8415463506194018
2025-03-05,1.170381370946297,0.8522169416517721,1.3067052297731587,0.9428925878524594,1.2673856498326097,1.278108114840067,0.8293993081868828,1.0959202536740493,0.8353029494018736
2025-03-06,1.1927398909741957,0.8478532247343658,1.3255201469332105,0.9285847565694635,1.2774137064288533,1.252593842808378,0.8391273657896725,1.089166854356522,0.8351742977764802
2025-03-07,1.180406637483793,0.8361064186617087,1.3337228909233914,0.9215334351019212,1.2780453636235791,1.2427802568999893,0.8405212125892273,1.083554886580731,0.8462218292953222
2025-03-08,1.1691535982766537,0.868200899460279,1.3707860584936231,0.943487912683888,1.3112108840653238,1.2365213945033475,0.8376479155871996,1.093077730886928,0.8187464350657462
2025-03-09,1.1685449388526308,0.8610453645623176,1.3646686588356942,0.9615048199815293,1.3355607750094847,1.2525523225814257,0.8337778474076031,1.1091552041883053,0.807155234380504
2025-03-10,1.203163272210749,0.8503128887453386,1.354369201986139,0.9456084315726566,1.2966274644818538,1.2872105306906887,0.8303449692177156,1.0890559345287256,0.8066921861113407
2025-03-11,1.2210401142531497,0.8359421945786562,1.3365142546975677,0.9203241045938026,1.2722384452986755,1.2595942114798926,0.8255827133731107,1.0875659072490615,0.8215037825695869
2025-03-12,1.2323933939634717,0.8416027155821527,1.3610125477230737,0.9065691752106253,1.2493123553568588,1.3392430284796495,0.8335529533107916,1.0880739881445889,0.7880932104471601
2025-03-13,1.2373560206145588,0.8306122515891543,1.346068602485713,0.9134317297572814,1.22246089229086,1.3382077276216264,0.8468405647208617,1.0581871740047086,0.7884316676974427
2025-03-14,1.2206925706517338,0.8111305759232327,1.3220784929771918,0.9387069233397737,1.2413545456512975,1.3407279986863565,0.8475446846516032,1.0517702192947154,0.7871486834513857
2025-03-15,1.2302805556423198,0.8253575594255081,1.3408717865793673,0.9457197228279869,1.2382162116012168,1.3413031594497153,0.8511558659459845,1.0549054886595315,0.7807494817449537
2025-03-16,1.2318531020732766,0.8167669574764972,1.3179886318331373,0.9653556752712431,1.2530806436297814,1.308546578719265,0.859570409824376,1.0564284175238852,0.7829414126686663
2025-03-17,1.2167562115754003,0.8215462380499186,1.345715090870875,0.9520552526331473,1.2528302482637699,1.3407148849420272,0.8767309167520334,1.0573196071902509,0.7553818636808186
2025-03-18,1.2228901005800685,0.803142137008425,1.3220173846848047,0.9475973639692564,1.2199278568000567,1.3137032387662297,0.8530659415855726,1.0215583445615881,0.7835226204070537
2025-03-19,1.2262895696202487,0.8190408895206838,1.3152903460993106,0.9562227535994845,1.2311919479949014,1.3098631186554115,0.8417755136981964,1.0488886012225214,0.7680333848970694
2025-03-20,1.2064242885359822,0.8295277960734931,1.314013551771507,0.9472993758130981,1.223877994077065,1.3312457151822399,0.8506478319983465,1.0295542852328785,0.7634519481574185
2025-03-21,1.2091031584736573,0.8412548476460047,1.2979048751532865,0.9482990851934062,1.227077178645638,1.3292002528460867,0.8372367879576098,1.0331089154295015,0.761419902318144
2025-03-22,1.2216917306473003,0.8162617466543551,1.27247030611426,0.9343059933015581,1.209550226815516,1.3233038444930376,0.8217058581453728,1.0211668763149722,0.772505641377773
2025-03-23,1.242469183267993,0.7978114407183082,1.2680706496583085,0.9170787235280832,1.1990689014186826,1.2904706747133352,0.8281609904093684,0.9979536408828245,0.7883042392411002
2025-03-24,1.2451320082420965,0.7875726687508338,1.2787826305356425,0.9216256723370417,1.1966746580691658,1.2930065430840332,0.8441125011531374,0.9756448450558842,0.8042198715094981
2025-03-25,1.250866864328419,0.7994395342371563,1.2831298905202178,0.9095403738890708,1.1789407933495042,1.3198254605717525,0.83241440768075,0.9701456631638411,0.7876480702770907
2025-03-26,1.24673339092303,0.8094552091071775,1.2852840040848412,0.910514660301642,1.1835917544379801,1.334992266421757,0.8144750342801113,0.9738142967861934,0.7862133498038502
2025-03-27,1.2517194226723176,0.7962518323113627,1.3143780552970714,0.9051158672465498,1.181613289782373,1.3571441921768375,0.8148567577461261,0.9999123693313527,0.763278562238628
2025-03-28,1.2495940632427434,0.7880194566126828,1.3428285131436,0.9029424424804949,1.1786577595806944,1.3602015763125235,0.8164628421987405,1.015806348949613,0.757091906102712
2025-03-29,1.2527287100152111,0.7881412008694934,1.3377925822532708,0.8939943530816574,1.1698112051158904,1.3665305270929289,0.8117920542864122,1.0205646644601507,0.7528374587027025
2025-03-30,1.200202982185163,0.812281709917569,1.3494814758756877,0.8821229715111458,1.1661369306087983,1.3456286698487991,0.8081805157604185,1.0294969498265163,0.7440273521148396
2025-03-31,1.1863146008674836,0.840436140031175,1.3244100399000018,0.868155182655641,1.1459503068561803,1.3348166855736938,0.7959466101945826,1.0130982474980532,0.7558222856801351
2025-04-01,1.1216474172361692,0.8806957413667797,1.3361264104307489,0.8628751741987157,1.1493484759383574,1.3095565128782565,0.812441449315463,1.0315010102869822,0.7487494306890582
2025-04-02,1.1023709540854476,0.8793931400370533,1.332712340304763,0.8672151078738753,1.1581125746223435,1.3133273883820027,0.8145555183982065,1.054242195638654,0.7351477023274787
2025-04-03,1.1173469549879378,0.8839606180219127,1.3335308424718393,0.8699904350983624,1.144408346170789,1.325684856346211,0.8403887748696611,1.0449050103421411,0.737109577722178
2025-04-04,1.1170638533727208,0.8850091094722332,1.3503405340240588,0.8835193765828633,1.158992073575531,1.3219479038084927,0.8383401085534457,1.0418115724714816,0.7342655019245673
2025-04-05,1.094413162735721,0.8933504341198116,1.3695384901904095,0.8892246514435164,1.1688438456239076,1.3366825819843418,0.8468991358617136,1.0678803506973167,0.706538245547994
2025-04-06,1.1077295018268405,0.8774153884467905,1.3327637331493984,0.8852171406405167,1.1694424755277282,1.3430317825763767,0.8481162378565332,1.0811666069248167,0.7061461040611862
2025-04-07,1.1116765099118087,0.884967615566058,1.368473105893317,0.9006347602936514,1.170109131847209,1.3503011195440051,0.8465623220828317,1.0955412490744656,0.6914256313867205
2025-04-08,1.1003244142701303,0.8621857975506675,1.3160978864205846,0.8879772675725751,1.1863619674625452,1.3585879499775428,0.835072536180416,1.0646753827689015,0.7087843686353555
2025-04-09,1.0862602584796126,0.8697125616285876,1.2826025562609145,0.8818929829203154,1.183231572750094,1.3696012195837302,0.8239904910267658,1.0728188257224824,0.6908835834040665
2025-04-10,1.061679823172463,0.8718147523249576,1.268471531762998,0.8779420961538609,1.1823361379229411,1.3754550306077007,0.8253239251402049,1.05510959484337,0.700909010366369
2025-04-11,1.0425503481126948,0.8731480369695106,1.2365638285129466,0.8751910735489586,1.1783948324648308,1.3818018238942618,0.8232228800429886,1.055105809400831,0.7020651999981352
2025-04-12,1.0094654285943052,0.8902735107207245,1.212753913976475,0.8824456685297274,1.1903754678584006,1.3510105694500105,0.8473134106768904,1.0593985209783632,0.6989971471849207
2025-04-13,0.9928600562356912,0.9029850377790828,1.237451723521858,0.8691097192446217,1.1740769932221542,1.3655125571946403,0.8352887305752543,1.0496105354285301,0.6965300845489215
2025-04-14,1.003740061590793,0.890373007604454,1.221325932743874,0.8829322986300655,1.1845607127212523,1.3764178554853952,0.8330037721606701,1.074286241664052,0.6847075181224405
2025-04-15,0.9902305334898324,0.9199209496644589,1.214613769889843,0.8888480252781403,1.1922604650153588,1.3866930319293715,0.8261280717956475,1.081527858152716,0.6812562480801986
2025-04-16,1.0035017333442569,0.9124168845149915,1.2305313848806048,0.9031797962690084,1.2073229748695125,1.401332427958561,0.8159513024579922,1.0898197505648854,0.6810959767771281
2025-04-17,1.005072018802204,0.9099858324072989,1.2174810317339178,0.8893839383227293,1.1865665215999346,1.3856425101908234,0.8241158224975489,1.0786164368828575,0.6912016100211443
2025-04-18,0.9943412994718578,0.9224138129460655,1.2145735156470112,0.8938877788793186,1.1926991465352736,1.3869448152358967,0.8313562628738732,1.0612648253661054,0.6862687658482446
2025-04-19,0.9783995759676214,0.9237289522332847,1.215442984115984,0.8994172660418327,1.1988992132422938,1.3615925302610765,0.8406331647880226,1.0731335214740505,0.6863652483699797
2025-04-20,0.9702313830741319,0.9515078689559281,1.2089319207588434,0.9155937066454285,1.213292894713263,1.3756495339012493,0.8150505135106414,1.0891905931708392,0.6828090653623428
2025-04-21,0.9758906766438861,0.9326779006506142,1.2034855243601221,0.9220880420563259,1.2198902804882366,1.3473623421574679,0.8159068049549173,1.0482364344282855,0.6955670479200002
2025-04-22,0.9862849507568366,0.9227203558146007,1.207536588721741,0.9313873455808885,1.2311540588216114,1.2999638126203223,0.8178307869469135,1.0283663487408259,0.7096738905480546
2025-04-23,0.9676488953572223,0.9372679086330215,1.1894633803911534,0.9186580802465669,1.1932460866635444,1.3314999510872392,0.8103648844926064,1.0242903712894196,0.7101539011428512
2025-04-24,0.9470401221979287,0.9531020011643816,1.1539106615280985,0.9239668136350371,1.201676508383378,1.3308606806095833,0.8002030818840047,1.0267697819306143,0.7156759353939716
2025-04-25,0.956131914940404,0.9752487014836738,1.1410873087969995,0.9181706137800754,1.1997012486046008,1.3465194223309154,0.797921107502102,1.0167813530205145,0.7075787077998261
2025-04-26,0.9630710169656463,0.9322165331717186,1.1707084516723891,0.9150511259953888,1.1868481274416187,1.3462669177911937,0.7788098657337625,1.0446113095575553,0.6918511259790322
2025-04-27,0.9706341430483785,0.9573638828578405,1.1485321094389478,0.9209655980375843,1.1905245219563148,1.3582116508699849,0.7758169735844784,1.0371875623708577,0.6929437532687226
2025-04-28,0.9723517607437199,0.9422874083780877,1.1596375841189026,0.9136592021088272,1.1866779143590922,1.3667751728777016,0.7696940582266568,1.0494340212315,0.6880507404067939
2025-04-29,0.9785185531931934,0.9536662300247258,1.1398619038230355,0.8995978514204428,1.1643317833700417,1.376589730665882,0.7717995586267832,1.0648465565020242,0.6909331717282381
2025-04-30,0.9750445297226726,0.9450655724757897,1.1703337049521767,0.8657999119840081,1.1330681787017056,1.3505125949666594,0.7600862326323744,1.0494205429344485,0.7048991659855215
2025-05-01,0.9678081750523402,0.949702764559004,1.1859205523854208,0.8540274410841607,1.1284470359620518,1.3658168225583602,0.7573714332407706,1.0703769870894209,0.6993867412772681
2025-05-02,0.9659123378022532,0.9238424785624756,1.234874414311783,0.8518512408572502,1.1180084630002474,1.3712453397339863,0.7685731052820723,1.0921754362057123,0.6836904750215074
2025-05-03,0.9590586674509061,0.9180508953007348,1.24277102377304,0.859877258918259,1.1306325139789175,1.3739964723046567,0.7646485685073644,1.0961749951870023,0.6809207771222829
2025-05-04,0.9564949684106617,0.9214678433758251,1.2492561475656572,0.8600814010224114,1.1253812779308725,1.382235554683176,0.7706245105173871,1.1107668403014215,0.6868210764313907
2025-05-05,0.9604659781818848,0.920206946246642,1.2603732469772788,0.8555463066976264,1.1333713448263156,1.3998104740046378,0.767671942949793,1.1190981203322439,0.6771769314521806
2025-05-06,0.9601289865375536,0.9202583446231704,1.2676431064524032,0.853654372615118,1.1353211359432283,1.42559030388367,0.7583505820459978,1.1257813296627726,0.6721401132735341
2025-05-07,0.9687873183684658,0.8965460762207029,1.1960950478100765,0.8471685247607454,1.168109645511588,1.2978420909817665,0.7431718054017541,1.1221173084969704,0.7258920886948095
2025-05-08,0.9948334839608393,0.843071792918766,1.1648228925116435,0.8520522563167028,1.1448727572612123,1.3129089949654063,0.75351985254236,1.0921567349670767,0.735859068747038
2025-05-09,1.0078630160412512,0.8754219149966609,1.0927732066054654,0.781572088540505,1.0738732591321898,1.2471489980751995,0.8100392635852811,1.0347665396119978,0.7851535079202758
2025-05-10,1.0111836629499993,0.8651688686833516,1.0924290654835411,0.7873576991406827,1.1034810571878801,1.273812245939227,0.7832325288820998,1.0513073847277525,0.7650516240320708
2025-05-11,1.0328985105933621,0.8593751723625163,1.0828591532208682,0.7944525137536532,1.1070390505117134,1.2587730601061977,0.7671981583090238,1.035898185772961,0.7594947545554896
2025-05-12,1.0819288627834467,0.9072511270521825,1.003959283195077,0.7855709419989356,1.0870264097088194,1.2313464561443797,0.7876297777583711,1.0457031587954797,0.7722768757606735
2025-05-13,1.0858357153214842,0.8743747592104751,1.0332667839170586,0.7857744586476932,1.0914461833074798,1.270643567367589,0.7964588567484345,1.0605334608490222,0.7622540611941393
2025-05-14,1.054447609972973,0.8356670671607862,1.0773420650636085,0.782216164181028,1.1007906719197578,1.306930418412663,0.8022781004796217,1.094377538575816,0.7515886690003116
2025-05-15,1.055415974592704,0.8091974171570523,1.1019696371624965,0.7782290912397455,1.1072187681546084,1.3212119801172475,0.8065200391920534,1.110188446396464,0.7534937731279693
2025-05-16,1.0462682448872807,0.7941986621312725,1.1300353635773184,0.7796009099753027,1.119276926951049,1.3362116335758802,0.8216533450144041,1.1173033881022714,0.734972919706448
2025-05-17,1.0771058647815723,0.837924224937836,1.0542053242506906,0.7789252791495749,1.11819499270154,1.331240279604678,0.8127078800709406,1.1022845886031822,0.7563024036794967
2025-05-18,1.0753872740398585,0.8268437920148924,1.0723411066712356,0.7974077892723971,1.1483987620903546,1.3094649158980622,0.8155848099511863,1.1370383591741648,0.7591385774233914
2025-05-19,1.07412087023392,0.8228158232794404,1.0788296129061534,0.8062430823132091,1.1574931901199497,1.3198795057113846,0.8212089443085667,1.143897700559149,0.7615702353497893
2025-05-20,1.0571716023618258,0.8239385265525365,1.0504872140760853,0.7913133306029934,1.1376993081186435,1.3202721879742951,0.8112353458733241,1.1264462004761364,0.7527982681813131
2025-05-21,1.0574539834802408,0.8183641228769866,0.9988928394775063,0.7905257107723918,1.1413965853444874,1.365932363062725,0.7924040349363483,1.1264688618623568,0.7479534702980016
2025-05-22,1.0522839005920397,0.8092774193335301,1.0222928462162666,0.8093023373285149,1.1678119984023385,1.368135461948256,0.7745764942380498,1.1702971350458524,0.7369968373289647
2025-05-23,1.0553856716518535,0.8070165713634707,1.0266147364956941,0.8180813980078683,1.1785026541282775,1.3736177503273423,0.7701396628320927,1.175118881458972,0.7404090885622447
2025-05-24,1.0541855619360623,0.8055253605146606,1.0269488474278001,0.8161489441051962,1.175718821053934,1.3622696246411459,0.7691070630747071,1.1812594974595891,0.7405632628292245
2025-05-25,1.0461138807472798,0.8143558072060776,1.0253777029925066,0.8214707171338342,1.1644000442443156,1.347792240710347,0.7645411481430641,1.1832463354589084,0.747405847613481
2025-05-26,1.0479029173868863,0.8149771154082261,1.0038061369244777,0.8238519340614546,1.167230553128623,1.3674438956343995,0.7700465685120528,1.1780994905874356,0.7472308163041964
2025-05-27,1.0478843378880869,0.8110253833079809,1.011114293158924,0.8126148048902114,1.1487277628002777,1.3616816599451123,0.7535113420074431,1.1800389039566637,0.7517158798404531
2025-05-28,1.0473759495573252,0.8063163828933684,1.0285313822237807,0.8205929194514359,1.156822696500211,1.3215160791074176,0.751044077922604,1.1880086058067134,0.745817620276229
2025-05-29,1.0257918060171556,0.7987044933972854,1.1144635696006326,0.7887207583461215,1.1009507235949112,1.2967444855021892,0.6933514353757768,1.2307654463483189,0.7262744374204386
2025-05-30,1.040559774040164,0.7806203553173621,1.1089504359033862,0.8010033437864018,1.1122351208008212,1.3064839709548721,0.6936952365138448,1.2317624861543746,0.7252260483611814
2025-05-31,1.0465606184793281,0.7681784665669001,1.0913988190355768,0.7952222796452518,1.1055187531415884,1.3038370323765205,0.6835302364129202,1.2287567001717679,0.7250595587020525
2025-06-01,1.0389391472921,0.7699732859560047,1.079568569717176,0.7957057856969489,1.1028801968946336,1.294167488820897,0.6853917786284808,1.244079798432397,0.7386794983710654
2025-06-02,1.0336116180887727,0.7744609064170981,1.0726334801679944,0.7983814975323507,1.116069370738654,1.29164821312036,0.6870482128537073,1.2499097434093707,0.746871580295827
2025-06-03,1.0263119444851412,0.8006126021408827,1.0976726142150472,0.8069489726321843,1.1283238934253201,1.269121637336656,0.6855722962675166,1.2630438523478476,0.7415672776608658
2025-06-04,1.0237352059397897,0.8145698467189191,1.1339124938625642,0.8262851059489964,1.153875275287758,1.2742425903461134,0.6929667923362192,1.2725299203724534,0.7156588069072712
2025-06-05,1.0423839030512254,0.8120748468858305,1.1341967490969358,0.8059834464832638,1.1329449122967086,1.2697326701189635,0.6946896534536492,1.2639963865626287,0.721653373692141
2025-06-06,1.0487759259319016,0.7944770502639112,1.1127210179041442,0.786052794994291,1.108140765651663,1.292114461193415,0.6927832852415535,1.2681547426542552,0.7316688474901831
2025-06-07,1.046163939656037,0.8012967147857086,1.1179473859101818,0.7856391302656173,1.1113783026025572,1.297441412949264,0.6988895163790876,1.2503281095543228,0.7242659368664549
2025-06-08,1.0477943765747837,0.7896020491149915,1.0771911337762075,0.7723540468237462,1.1008740305234979,1.2618720784562456,0.6961347764908186,1.262067595544781,0.7528713796249273
2025-06-09,1.0457694588635464,0.8047787865118644,1.053701668834283,0.8027660405301932,1.0722305325150794,1.2416791833119354,0.7261768471092168,1.265780261997901,0.8152406539814396
2025-06-10,1.0537391095192485,0.798363011233398,1.074920360104605,0.8027288598622918,1.0706929410648727,1.2496311075784483,0.7149490776406319,1.26688785378766,0.81286325455307
2025-06-11,1.0625271821735975,0.8015637412530376,1.109440678167658,0.8194971902374479,1.090622852371722,1.2836352691511494,0.7104641363117536,1.2859416672676474,0.7918923278303778
2025-06-12,1.0450997673867337,0.8134050193173413,1.115011398986648,0.83851499195808,1.1023651374987904,1.2942298094062583,0.7136452023180151,1.3207609568832837,0.799204741070273
2025-06-13,1.0535191156912573,0.8068896687072112,1.1276751759116304,0.8299705058142,1.0992817485592092,1.3074880032484772,0.7267873538778565,1.2955356452496336,0.7875892103872101
2025-06-14,1.0465589391320926,0.8157050012722834,1.1238724894502508,0.8389397650349042,1.10034168350726,1.3322352990369715,0.7448517600350847,1.300371807591497,0.7714804810413143
2025-06-15,1.0338837207513352,0.8125057401604364,1.1440554079408118,0.8512501832903343,1.1113429688168082,1.330587311037597,0.7468708443145996,1.2989072115520517,0.7776107538292089
2025-06-16,1.018136438610434,0.8226528850866427,1.1512207596270243,0.8573657989908919,1.1171106646695923,1.3251786798303358,0.7497100136455497,1.3105205054296587,0.7765156224602635
2025-06-17,1.0085991361236255,0.8154811018798576,1.12993082243646,0.8506275494659975,1.1177923867750317,1.3153970542360602,0.7531817656941926,1.3166658892600747,0.7815736164122511
2025-06-18,1.001583328005512,0.8251551845156873,1.144127658611893,0.866027476816662,1.1386122348881489,1.2926631424555322,0.7707102687893929,1.338432364558838,0.7784894905209606
2025-06-19,1.004793247288839,0.8352341335670375,1.1683424236671214,0.8744142719301251,1.1503271966084474,1.3271744569342752,0.7685438787148582,1.3438369497882008,0.7614197148716424
2025-06-20,0.9944031208217817,0.8587630656659743,1.193714292570688,0.8712658856166253,1.1309749015232011,1.340086737713394,0.7705590618278562,1.3471703667309787,0.7384384429534117
2025-06-21,1.0012082509485993,0.8600479659801817,1.2106609748212407,0.8633304765326185,1.1192449546610903,1.3405534643168409,0.7792353632312645,1.3504963520691244,0.7406288450464553
2025-06-22,0.9902633614958944,0.822791550228021,1.1599889967489314,0.8719048612604262,1.1329133072759097,1.3358847645827752,0.7664962116037194,1.3369277294428403,0.7582250978548534
2025-06-23,0.9744519735692609,0.8261529303418409,1.1552402581723085,0.9011610803509076,1.1726756652691146,1.3190243056482576,0.7870480756011626,1.3373692410609341,0.7676276157182035
2025-06-24,0.9920511433863958,0.8388062417997324,1.1898015394743087,0.9008936995317208,1.1656517733613847,1.3327815920177744,0.7723343343089457,1.353962868952418,0.7703187037668708
2025-06-25,0.9997359284190828,0.8310951762097306,1.1950815103680332,0.9033397458848266,1.16881667313891,1.3359083683114705,0.7730670646801967,1.3632021213400345,0.769636599424153
2025-06-26,1.00496245375029,0.8292200287879506,1.184705396956597,0.9127202253403315,1.1773154145137723,1.326697561710005,0.7628540732142467,1.36645216187441,0.7760252187153839
2025-06-27,1.0129369678061277,0.8220259583321867,1.1546489427606943,0.9088681274248358,1.1742661149461782,1.305952077055577,0.7561369815861222,1.3491443564131047,0.7828444440339367
2025-06-28,1.0046012525796921,0.8080673511173074,1.1351060445481667,0.9052027314394221,1.1736144397648927,1.301751741403997,0.7590606960183831,1.339659258562633,0.8000215273556561
2025-06-29,1.010851015960989,0.8020921577941794,1.1567668927293817,0.9188496703378404,1.1786367741303923,1.3081166189938183,0.7398603041997299,1.3591189589807275,0.7872787701568018
2025-06-30,1.0284815422689324,0.7980584781527971,1.1690679506974186,0.9405736541310347,1.199269135741365,1.3093009368243727,0.7297822414748116,1.3628074211758519,0.7806805958503562
2025-07-01,1.0253440100726963,0.7828309418322406,1.142524861452715,0.9163048193840806,1.1589717321361508,1.3121435363184435,0.7152778853703228,1.338976710922438,0.8051308054061291
2025-07-02,1.018031554673975,0.7824315786739028,1.1486297568297907,0.9134619484562396,1.1520725714079898,1.2964216882205613,0.7261187032268315,1.3332307019908807,0.8103507696517118
2025-07-03,1.0294449273893311,0.7749296872394498,1.1691326679888785,0.9350684190170769,1.1795295129155088,1.2979177376926776,0.7226326300245607,1.3472375399186145,0.7991358682245479
2025-07-04,1.02970762602407,0.7812738574421535,1.1637059236569203,0.9470056706977321,1.1967810351861692,1.279593934164175,0.7338175771306956,1.368633435868288,0.8117154322340836
2025-07-05,1.0275538283467058,0.7895306720335669,1.1426354209824015,0.9445885319412822,1.1879838096698399,1.2874793521289623,0.7286049917604646,1.3583362920063162,0.8111205157820387
2025-07-06,1.023684514871999,0.7861570279140911,1.1463458450142552,0.9428229356246941,1.1874454744821694,1.287064663353416,0.7351144381072369,1.370425623958765,0.8079447640673824
2025-07-07,1.0265497702533855,0.7915005643284436,1.1381280711970225,0.9449513407685365,1.1852485316333354,1.277764705864392,0.742245130389673,1.3652706818440146,0.8176252386489373
2025-07-08,1.0546663301177859,0.7868553921984219,1.1125437671544076,0.9483251033644532,1.20450933958357,1.276478225409673,0.7608303622075583,1.3505627306029853,0.8276705655250826
2025-07-09,1.0376865859570674,0.7881974648873369,1.070689404531243,0.9318040888013404,1.2061288349378871,1.2600181059633357,0.756006499102714,1.302448322533638,0.8301494643165783
2025-07-10,1.058333577989972,0.7797502426305908,1.080349554868328,0.9242219648016221,1.2133040081777882,1.3030376508143224,0.7729272744729085,1.292021056900294,0.7870203409651814
2025-07-11,1.062169691352539,0.7757728357847608,1.085122241195508,0.9393285684188664,1.2329759037048338,1.3276692443889992,0.787686948048072,1.282429936465181,0.7670911027533173
2025-07-12,1.040197658062971,0.7981033140733463,1.082735126904985,0.9615588034748618,1.2189610246680398,1.359370394052968,0.8255219618543784,1.2666149322840143,0.7366787669562351
2025-07-13,1.0364547223200078,0.7965211455507744,1.0876868121904708,0.9645846953202419,1.2206913406845816,1.3291026268541244,0.8261182424329531,1.2980126849924936,0.749960398436915
2025-07-14,1.0366179110654745,0.8238548668165113,1.055064494809228,0.9588331839339698,1.2176118940365976,1.2700911741574215,0.7942671316337957,1.2485180533624904,0.7707014015628268
2025-07-15,1.0480041580766846,0.833556197647666,1.0382716415790136,0.9640193870743471,1.2385681539532414,1.2842630219658064,0.7964702044495793,1.2413621885389245,0.7582451189924154
2025-07-16,1.0210534116117083,0.8530616437984224,1.0306964230765716,0.9616809287840177,1.23158163970524,1.2938545294247674,0.8074255222776414,1.2368541930500843,0.7409291954405166
2025-07-17,1.0347580147627065,0.8278933643399375,1.0638781512420372,1.0038446022021188,1.269816146670351,1.2396436112055265,0.7704860780772829,1.2130702121284251,0.7793341217500063
2025-07-18,1.0554594187455153,0.8408119975744416,1.051012752004424,0.9978619185708597,1.2401719073486737,1.2443641813970352,0.776083801069485,1.1751597265851705,0.8011585261344648
2025-07-19,1.0748679146911664,0.8652478999227169,1.0966322891160554,0.9946969361852426,1.238195074872333,1.2579498339453108,0.7987777638113706,1.1718131426100806,0.835638297988161
2025-07-20,1.0990179951511776,0.8438633545449415,1.0870799169406271,0.9993642567090048,1.2249957123574633,1.2285209099658265,0.765426208442903,1.1484312663308192,0.8288731975598764
2025-07-21,1.1129206418450917,0.8422180743634764,1.1068003017430106,1.0178282747831677,1.2329277856251053,1.2381625070463809,0.7822146236515406,1.1338676131330154,0.82488898650287
2025-07-22,1.0976439047127446,0.8220058428271608,1.1430248140611945,1.0125870102045968,1.2234321572827331,1.2736106590983454,0.7641307042249423,1.186298684047269,0.7896397478603052
2025-07-23,1.0915642554729215,0.8243981870571642,1.1574616596442087,0.9997374824529012,1.2012943690758444,1.2839167177692976,0.7674013352244338,1.2026367791214558,0.7781725579555431
2025-07-24,1.0986080042448014,0.8350489827399709,1.1191246371136283,0.9933832931843058,1.185266653787447,1.3127825732808236,0.7743256542984548,1.2103015058073021,0.7871902264990528
2025-07-25,1.0817003664934568,0.8375410147648601,1.121884364920649,0.992133525786319,1.1930466529620067,1.3155648009097143,0.778399042520921,1.2011346005356944,0.779659819543853
2025-07-26,1.1174212822287444,0.8241702101308177,1.1166485577683658,0.9979426693142384,1.1930872479617325,1.3292618492735373,0.7904066763957786,1.2061127335043598,0.7784825607169382
2025-07-27,1.0940197586124678,0.8312250241723662,1.1349323205214679,1.0029666478421437,1.1996366633550752,1.3190570037023246,0.7866317428957486,1.2286287822357238,0.7532531034721089
2025-07-28,1.099433824848281,0.8256684143976958,1.1557631344818153,1.0104132659858382,1.2086278720305486,1.306561355295738,0.7748021544325316,1.2427603445803102,0.7448792448153193
2025-07-29,1.090661646387407,0.840027399454016,1.1532271641406298,1.0018302783356616,1.205260457930002,1.2814550895004715,0.7669968940900198,1.2735628565697454,0.7507143670980352
2025-07-30,1.087470663643912,0.8490979532491686,1.1724976111352818,1.0195191095988636,1.2278711342322157,1.281463933615858,0.7768771785924216,1.2775932745128038,0.730509512701435
2025-07-31,1.0837773788566558,0.8472018026604731,1.1824288068551594,1.0326211529886375,1.2395298242324493,1.2767477394489184,0.7843414365568477,1.282439732971891,0.7308187603397439
2025-08-01,1.0839100450802974,0.8439260399762534,1.1906759709907058,1.0427256606515367,1.2564932822059727,1.2769149146151157,0.7839216492530908,1.2859629019044303,0.7307533903807618
2025-08-02,1.0885501253334287,0.8462594081487125,1.1621591430575424,1.042511935777763,1.2575203166055338,1.29134853502359,0.7688276909422572,1.2888395031480762,0.7293058233755045
2025-08-03,1.098030031751908,0.8416347536791695,1.1652060383216605,1.0478354356672261,1.264190808957824,1.279457189722123,0.763632890077143,1.2699036075877004,0.7552963986604522
2025-08-04,1.1019767262494171,0.8540178193314978,1.191079904145329,1.0482094268966609,1.2666617475765118,1.2717208064449674,0.760481841959601,1.282411541841043,0.7499134303915079
2025-08-05,1.1227777981880516,0.8469633581116254,1.170645757828015,1.044949662714121,1.2674666269371047,1.2693534860109768,0.7520361262594922,1.2788668089884898,0.7489742842211298
2025-08-06,1.1340017955519426,0.8286721010351991,1.1512512232383405,1.0523505079521516,1.2686093307773747,1.2922544740499549,0.7220913876000993,1.2463326167188091,0.7617160617573026
2025-08-07,1.121953222415321,0.8319995610539772,1.147842271909007,1.0392865346020983,1.2540408071955538,1.3077574749323027,0.7242370605428076,1.2326792071072958,0.7657623377757209
2025-08-08,1.0870970480942006,0.8451864466464901,1.1295181649398418,1.0301466278450913,1.2456169717595913,1.334138594477914,0.7478102616031216,1.2190082514029945,0.766719641762301
2025-08-09,1.1013464820028422,0.8362757825036821,1.1309989864050323,1.037499327336972,1.2548192450530138,1.337749958093527,0.7290485371658367,1.2395643582374698,0.7705196437399151
2025-08-10,1.082903811349178,0.839449810030276,1.1549509923465555,1.0766515447637406,1.2914465622403404,1.3532161317836027,0.7028421019968664,1.2890996983902414,0.7671549577957987
2025-08-11,1.0916969422573728,0.8348362369997857,1.16005791086584,1.0730230610219258,1.2757527875703356,1.3110878473764234,0.7159914883904056,1.2564476606805237,0.7808958714596369
2025-08-12,1.0826494747109359,0.8547687171745562,1.144937666400957,1.0517352475775343,1.2504429984991716,1.2890083088553996,0.70541354507332,1.198418499928286,0.7690682925939681
2025-08-13,1.0830510088627985,0.8322782850978182,1.1812249245569189,1.089541526881666,1.2953921407515048,1.360208703450458,0.706573802986945,1.2444146265845348,0.7438701989125567
2025-08-14,1.0935597131221757,0.8213495873105474,1.1951419987034915,1.0985346849887316,1.3072883285006134,1.3822098530536266,0.6945351325990372,1.2416981411005188,0.7513333134919669
2025-08-15,1.1079503087957778,0.8179988157927895,1.1886414778916088,1.0944876793480944,1.2897121729581347,1.3807067507763744,0.690298009199874,1.2104035712664425,0.7526971753755215
2025-08-16,1.0856598341676496,0.8342679429484111,1.1830484338559288,1.0862461218961446,1.2828271209198765,1.3622565950736336,0.6811391714526359,1.1759546303324027,0.7402837741225808
2025-08-17,1.0772461274406697,0.8246712707766385,1.1984355459975944,1.062211311040116,1.268903726517407,1.356072802835652,0.6768857790860581,1.1971832271024268,0.7392015619628779
2025-08-18,1.0721103671810996,0.8221199034115416,1.2136662524236486,1.057112283270443,1.2677837285924671,1.3561026432296777,0.6694787495739289,1.2247837259350933,0.7340614593122379
2025-08-19,1.0852780208059092,0.8129078926117622,1.1907263282566236,1.0618825464069446,1.2861428394493954,1.33895462305058,0.6730762288979399,1.1933431660139555,0.7367354096415881
2025-08-20,1.0830938774369854,0.821005154275932,1.2022609460377578,1.0677581427827116,1.2781165193595263,1.3480720224695246,0.6818422101893415,1.2155564347696686,0.7403660121662122
2025-08-21,1.104473266024409,0.8075728830801461,1.1629607604883927,1.0506293557713686,1.267248914179862,1.3114998031504195,0.6969963183846137,1.1719068194585769,0.7551278844937483
2025-08-22,1.1186671616768997,0.8246761325993226,1.1519749288985925,1.0569165546803012,1.2891930841239148,1.3329777961403042,0.7097416618333539,1.1523666221116198,0.7449460407860741
2025-08-23,1.1208877336633025,0.8313116327893021,1.1663737242826104,1.0748523237554242,1.2955824334203843,1.3320528257653803,0.7053412020083263,1.15921293734097,0.7371940935343968
2025-08-24,1.14741713831639,0.8170775166006053,1.2035923996690587,1.089276427784884,1.3033914480363227,1.3410583515102013,0.6958486380881065,1.165023754196212,0.7111176477925035
2025-08-25,1.1529782457393003,0.8014105603205982,1.2166926916847114,1.101769531029763,1.3095703718866956,1.3469066037484516,0.6971523472535227,1.1654136586039623,0.7207474508322507
2025-08-26,1.148318612870788,0.7995303523658098,1.2133889661948247,1.1028907263094998,1.3210853950024781,1.342615981162324,0.6923118803672533,1.1525464533530188,0.7242659466715042
2025-08-27,1.1409649210314723,0.8016463574263706,1.252796593904724,1.1043214082749275,1.3252838926815393,1.3692358121134005,0.7137159550597323,1.1386730351659908,0.7207642082616968
2025-08-28,1.142286854483674,0.7931479943055911,1.2659248914741,1.105799381272849,1.3204302296142214,1.340089240994844,0.6960031284532693,1.1434672831150672,0.7179669083870914
2025-08-29,1.1547099679531536,0.793310245455575,1.2694050551079465,1.09949537220462,1.3170090508619414,1.3403612828908829,0.6977730533823515,1.1410113697549524,0.7275088019454178
2025-08-30,1.151934506235382,0.7966458799051442,1.2937118173298485,1.0938530532760742,1.3103321495422495,1.3412769010739156,0.6994795687298488,1.1444544816603646,0.7265867630949343
2025-08-31,1.1668799190161252,0.7836083617484604,1.3321728100781645,1.0783861970473312,1.2893642217524381,1.3311882771916124,0.7099262918427629,1.146860393685859,0.7278908123048494
2025-09-01,1.1673236959909266,0.7720457977448067,1.3122854554465158,1.0698646143508452,1.2832645563244738,1.2981547108620635,0.7033397964402291,1.1432123742143068,0.7363230283014321
2025-09-02,1.1654668205711516,0.7702379363309743,1.308726230484891,1.0753275886051339,1.292282230825023,1.292307637280751,0.7100423950653353,1.1385794365390824,0.7471168605128329
2025-09-03,1.1649030511689575,0.7694890306148976,1.3388182817648966,1.065756298856275,1.2793006941169398,1.301369280035898,0.6999188099264617,1.1354637796949083,0.7460248112457321
2025-09-04,1.1547973739446158,0.7771172136977096,1.304096597196156,1.046905847018512,1.256791783732257,1.2931106582151657,0.6987029622097017,1.1385917765887748,0.7467703048707758
2025-09-05,1.1609345620593925,0.7824067405908344,1.2895990270432318,1.0604981020490876,1.2720593313973765,1.291001330113563,0.7018986390116059,1.1238777711697847,0.7499594673578944
2025-09-06,1.15698683090913,0.7813955493860374,1.290972925196234,1.0539669808796108,1.2685678131043376,1.2919747299822086,0.7030040785470462,1.1114159603822094,0.749148716527087
2025-09-07,1.131536607677821,0.787915495926142,1.2362621059836667,1.0566119982430573,1.263752947324528,1.2711766420068633,0.7032239986488771,1.0919687498466015,0.7392530118035616
2025-09-08,1.1207617529503546,0.7991649225960358,1.2028691775063338,1.0598660719469875,1.2583440855565682,1.25648265256939,0.7132488556495807,1.084643002867985,0.7288993754762335
2025-09-09,1.1328521507616127,0.779591829227298,1.2066707715822156,1.0681750101213001,1.2728819649935714,1.2155175991658973,0.7321403814706867,1.0513826326129578,0.7338606909498092
2025-09-10,1.1401874159486063,0.7801589375284365,1.194695709609923,1.0574346171756848,1.2485105116232196,1.2372144075265825,0.7282964640862125,1.0615622129560016,0.7361123641526194
2025-09-11,1.1370087638219175,0.7802879125272089,1.2072677025728633,1.062970872826285,1.2468861142491492,1.2442112978406983,0.7262973018084042,1.0477972500036028,0.7479449370741559
2025-09-12,1.12355261048981,0.790847700535815,1.1939260752312209,1.059629311252473,1.2430910842372254,1.2305593178565366,0.7460616239763734,1.0302443401689423,0.7522137577797315
2025-09-13,1.1252638455232513,0.7758578401981274,1.2151712682334546,1.0671724762263566,1.2732220051439873,1.2608952905764292,0.7335585016649997,1.06091362312505,0.7409022900808098
2025-09-14,1.1259253667644327,0.7626505941274753,1.2333354072608775,1.0720072658520376,1.2789902953489842,1.2890530544135361,0.7204117265863884,1.0727389077087843,0.7390358955273075
2025-09-15,1.118433871348793,0.7704124227126165,1.2238689795535447,1.0628127703994354,1.2869382690606617,1.261431963909242,0.7172050441305543,1.0688010389033265,0.7379110565701255
2025-09-16,1.1288924608355566,0.781299205669885,1.1939353972188402,1.0688870802416028,1.3010227775448173,1.2486408543685665,0.7041847793899496,1.0524632682170727,0.7412906520663698
2025-09-17,1.1123066158023278,0.7938538798974467,1.2000127970884629,1.108042256758401,1.319228444051332,1.2482049137532354,0.723066734014527,1.025597338848797,0.7526686343507568
2025-09-18,1.1060109007305143,0.7881553224392401,1.2241526183638536,1.1105293961724996,1.32515458057029,1.2611446280184346,0.7260010109567916,1.03989710226011,0.7475369696191672
2025-09-19,1.0975314960106983,0.7865859607221303,1.2171063568049765,1.1245339138352455,1.3408964436815656,1.2587106640918482,0.7228890860302855,1.0486200216942192,0.7403636504330077
2025-09-20,1.0886843962400348,0.7889939795792013,1.23199691893242,1.1244411619518082,1.344166067929059,1.260785423168487,0.7325743380498301,1.0555974630155731,0.7357994331734864
2025-09-21,1.0701000444333102,0.7991447329026412,1.267291990970522,1.1044312824345959,1.3203805125706685,1.2898286134152328,0.7328763558087847,1.0856256759347025,0.7072933622284624
2025-09-22,1.0622193578306536,0.8108421606241685,1.295595736877018,1.1078194823963523,1.3205918015217066,1.3079436594110796,0.738618266060411,1.0992970653592387,0.6994773262089189
2025-09-23,1.032433856755623,0.8380454826821305,1.2892081340483659,1.094997470578554,1.3078821146403148,1.2981733035702452,0.7391483994694628,1.0942414970135694,0.6917211465185907
2025-09-24,1.0314217190397266,0.8323094966312703,1.3112435766084138,1.09290893482151,1.2689108390300006,1.3273011254967935,0.7381304101366479,1.099252351275869,0.6820636656749172
2025-09-25,1.0114403938794412,0.8371894572390546,1.282256689830006,1.0854335005280258,1.2614506103654501,1.3503779181201818,0.7340662794839047,1.087762217836414,0.6858710336162063
2025-09-26,1.0313223669713871,0.8568228781249524,1.2531148052420982,1.0931261397264298,1.2595178669857792,1.3645240178513356,0.7428166386027252,1.0819410561454512,0.6812848708911745
2025-09-27,1.047041577262595,0.8442196526980058,1.2718948571859767,1.0878256778687376,1.2546035466334604,1.3476075665795169,0.7315198217149388,1.079759983859038,0.6874840479267986
2025-09-28,1.0666949601705364,0.851798650073432,1.3060871073577474,1.1093471061257465,1.2800075538211055,1.3581938616008185,0.720149872060725,1.0893766974301884,0.6789818762226796
2025-09-29,1.0689362760461238,0.84769388650715,1.3116314486113878,1.1234237905059867,1.2868407733483778,1.3705333777712356,0.7265408636601243,1.0926569689923236,0.6840337148416487
2025-09-30,1.0497596989619564,0.8532200830804508,1.302340409700866,1.1403789653268759,1.3003696641593039,1.3618577063544068,0.6969986567181364,1.0887066052595398,0.7025681754285638
2025-10-01,1.0820797898831975,0.839420276506865,1.299224236585978,1.1524540194990656,1.304859672140137,1.3870661452520407,0.6892096396974255,1.0568102703638487,0.7053899435358125
2025-10-02,1.0823398827310795,0.845842282828622,1.3011548609418104,1.1656732575478732,1.3138671247892426,1.4175031154075672,0.6930578503310857,1.067867523840793,0.6928674671106889
2025-10-03,1.0772282659401142,0.8470435046375725,1.3129502207082642,1.172309803144588,1.3160723008816548,1.420990241270852,0.6963944007071788,1.0725285546582501,0.691564446786666
2025-10-04,1.076135801979941,0.8424348030532343,1.3211054798579396,1.189491121058252,1.3225541276894333,1.4419163645866946,0.7043085081172864,1.0734586556682457,0.6844991835511377
2025-10-05,1.0818868641376682,0.8428462394709526,1.2960814031640109,1.1626855827210445,1.29516664918002,1.4018264288284228,0.6910825640166649,1.0787243038773848,0.6907228070666794
2025-10-06,1.0690514144555534,0.8536484992024956,1.3174774623769636,1.2140025757307622,1.3504124887158175,1.4050235285403154,0.6847311167871686,1.1131171489198461,0.6700684452169218
2025-10-07,1.0886233700246504,0.8352449672184374,1.3268044059820732,1.179802669655668,1.3263258768304553,1.3967018355871523,0.6745982933966007,1.1106653134100326,0.6772798368736956
2025-10-08,1.0892484282244494,0.8428559580121868,1.364804918210381,1.1804859824067093,1.3202431233800538,1.3685560768639995,0.6670588111157664,1.1186712156677787,0.6922350365642623
2025-10-09,1.0779752053800336,0.8679631157779824,1.4589358611083973,1.325213707690063,1.4671581802583242,1.4011828028858628,0.7039962259761788,1.2644661496295053,0.6930010445004238
2025-10-10,1.0853320150831312,0.8563518715838592,1.465241263147239,1.3748891410591961,1.5189814857716584,1.426620784556152,0.7028571943295084,1.2667764613480819,0.6838186096450349
2025-10-11,1.06391480061416,0.8273181720985309,1.4392690089011677,1.3822387820772872,1.525141139911725,1.4543711778073902,0.6823362515000355,1.2439940349975933,0.6900241694629347
2025-10-12,1.0703138565512293,0.8103921599582654,1.4284289798608711,1.373396369820117,1.5095623949971286,1.4558771460556175,0.6623303601866064,1.2227353715204967,0.7012936027081375
2025-10-13,1.06894828579822,0.8281620132664157,1.4566065002990736,1.37458608669915,1.5061383799340566,1.4415375877137635,0.6600747675349026,1.2425747697658833,0.7142122324977217
2025-10-14,1.081633614638167,0.834089294037766,1.4894839047799584,1.3757044351016234,1.5020660040002987,1.4531930599349767,0.6490342579947109,1.2589983826545141,0.7132185382806625
2025-10-15,1.0837419464593272,0.8390900809313996,1.517508545415245,1.3841136916247796,1.5220269244743032,1.4539931444817915,0.6447788034380753,1.2590658043667902,0.7134248401243136
2025-10-16,1.0910013219016081,0.8403485006687694,1.5131043292969693,1.375349330725276,1.513020133595261,1.4627550848322035,0.6370502967662045,1.2569578996024013,0.71062079553631
2025-10-17,1.0912483806299045,0.8491921175715378,1.5203779679632317,1.388690310908067,1.527319301448594,1.4585390671391123,0.6391470301106893,1.2420798935810882,0.7035665800063681
2025-10-18,1.099289527353308,0.8477778151670308,1.489384990157373,1.3864265172109744,1.5215399967232976,1.4357059473995084,0.6476308195527822,1.2430496679586738,0.7076873758646974
2025-10-19,1.114104399136156,0.8484192998480663,1.4976628551732059,1.3716284136314039,1.5035752342143762,1.4113578940896203,0.6556804274538295,1.2421574407439726,0.7074518241825868
2025-10-20,1.1291039591590062,0.8436021991572222,1.534655521960311,1.403360231679969,1.5352789147985482,1.4369655798765784,0.6541266637786265,1.2485474517248634,0.7060222813604559
2025-10-21,1.1423865918819642,0.8377131075826789,1.563777693413239,1.4156453381284602,1.5447788183370694,1.4515970749843696,0.6523914789934855,1.2440025151803278,0.7050917365595188
2025-10-22,1.1293701897573256,0.831793634271934,1.543619007737697,1.4085783983559075,1.5387304937571542,1.4304172650188534,0.6466964693882807,1.2323317007366843,0.716727715235791
2025-10-23,1.1249534032893722,0.8272401685750777,1.5278938487335643,1.3811397643669105,1.5106482634229779,1.4494658350299394,0.642215757048456,1.2338691058347206,0.7213724017573171
2025-10-24,1.1253541809401502,0.8282655938444027,1.5367001127701803,1.3967696066974418,1.5221765998493362,1.456091128280977,0.647238870491513,1.2251926219041533,0.7237174269832278
2025-10-25,1.1132359220373516,0.8205242628651986,1.540931145638538,1.4099238029415446,1.5293687272571046,1.4553430884912901,0.6495081203786749,1.2627406574866649,0.7398899144403247
2025-10-26,1.1235083392683096,0.8259506334999218,1.560536264326861,1.4071818723094838,1.5322341554350773,1.4550804977546676,0.6481797492261417,1.2460275543434904,0.7418356369219364
2025-10-27,1.1393298120886612,0.8267595288356632,1.5798264085383202,1.4097306529653861,1.5462011917533731,1.4789844385468913,0.6534878013259698,1.2544257148239857,0.7333551951563314
2025-10-28,1.1372709170979638,0.8214124978543315,1.5696289909593388,1.4229469341820649,1.545280193816479,1.4779304039853478,0.648190041154595,1.2476365097311375,0.7365667702597813
2025-10-29,1.1188324472283824,0.8386076709750635,1.6124401762064495,1.4235150480202385,1.5755350500554195,1.5104708235290722,0.6517520121089051,1.243533818604517,0.7333721165472656
2025-10-30,1.1076811504574398,0.8501864556310053,1.6079863643623487,1.425501638910493,1.5774388766580552,1.4733384551739201,0.6557886258798542,1.2242352927604998,0.7352553711704803
2025-10-31,1.1331988545848035,0.7887461388071914,1.5577779111984256,1.4038698254479955,1.554204436915936,1.5130205628080589,0.6598219121080567,1.244952613473179,0.7449594185178513
2025-11-01,1.1272166928864527,0.7894197746733614,1.5530286197206098,1.4017471150445382,1.5518544142375241,1.491089079656182,0.665591783370339,1.236366730105314,0.7444321447744401
2025-11-02,1.1423683460932148,0.8048403772634999,1.5960262818748476,1.4121546291366016,1.5795145215668447,1.4530256344306764,0.6269184202290177,1.2247107541793456,0.7438114980411683
2025-11-03,1.1174584331616082,0.8226418523335839,1.5244701848344582,1.40097779054192,1.5775594352698081,1.4691449563873813,0.6135260337400911,1.2451928616267918,0.7223068074999542
2025-11-04,1.1185979173556706,0.8197427210374614,1.511152855075063,1.4230611465491978,1.5948005309140885,1.4756634551238474,0.6155045585789256,1.244103538349351,0.7287304854906635
2025-11-05,1.1045479624796097,0.851848171481746,1.499231729205642,1.445603484537574,1.6264337224585956,1.612725240030067,0.6844580110767592,1.249830455215698,0.7225104773931124
2025-11-06,1.1110829453116777,0.8503022619773193,1.421694578775104,1.5319274942785421,1.7277264507454098,1.9785181630731412,0.8049189555158222,1.319574596942337,0.7295178200995788
2025-11-07,1.1149228352874914,0.8274365912219454,1.4692863559513822,1.5339912444195458,1.7842058293671845,1.908773361338533,0.7986859639048952,1.3093304749894445,0.7426986498291885
2025-11-08,1.1409444742000996,0.7972758261438425,1.5013262132759344,1.54086059203315,1.7662664343969805,1.8530976872101006,0.7805873073813314,1.3165775725071938,0.7739683013227795
2025-11-09,1.1661377598810414,0.7876135146083612,1.5308331079843676,1.393459199492199,1.7465748938486607,1.5662918808259971,0.7855994525298565,1.4777788040563762,0.7596608548934652
2025-11-10,1.1873027840175514,0.7635779833436566,1.5956703885281196,1.4222136848938562,1.73742117806657,1.5596482393462485,0.7978570452929326,1.4892583153565382,0.7413903426002187
2025-11-11,1.2009365720725569,0.7594804034974804,1.605859472400179,1.4260228015449352,1.718816272971184,1.5928865133037795,0.8013205881060121,1.46746343821346,0.7471899511648802
2025-11-12,1.1812159789108008,0.7817910584376858,1.5941081707678568,1.4351682663150067,1.7285307651058681,1.595582359515719,0.8169800679554942,1.5049062634331836,0.7440930137399703
2025-11-13,1.1722502308964313,0.7973938167495457,1.580085108340254,1.4108825371331037,1.6992807941935828,1.6267308294915364,0.8354428365469366,1.4439676773225727,0.7282023472152154
2025-11-14,1.1556995046838894,0.8051502921233528,1.5666598764399116,1.4014444338201564,1.6970740424833464,1.6061791342572105,0.8316542492221055,1.4673685642336038,0.7370808368651105
2025-11-15,1.1519468282020469,0.8020357009353809,1.5727691605648795,1.4157215903018892,1.702688589918731,1.6059381029283164,0.8341226026803943,1.452569430070437,0.7227981568659084
2025-11-16,1.162557963981175,0.805296603536057,1.5703111018934046,1.4227144981761397,1.7442247565750166,1.5646901216753992,0.8166605201264914,1.4861032577058675,0.7136377393879227
2025-11-17,1.1578133319754367,0.8068695311038238,1.5647505591728688,1.4275247160825686,1.7569511835767624,1.579069768768687,0.803805196533393,1.5014364123586437,0.7351732314240239
2025-11-18,1.1487240731153794,0.8092556254499161,1.5083918167329866,1.4436381243752223,1.782000873387239,1.584946161651626,0.8084405709671566,1.4871713166010132,0.734252041800797
2025-11-19,1.1528885827696134,0.8220708059032367,1.5021049994553062,1.409976508781596,1.744463671751268,1.6134539210684242,0.7743786038131016,1.491132180616255,0.7114812003936403
2025-11-20,1.1707995222521244,0.824319901963495,1.5780005518035507,1.3509655332463324,1.6603422904821326,1.5830888376417689,0.7861207311823037,1.518147435906794,0.697213222205603
2025-11-21,1.177488059660132,0.8145982309038036,1.6234153322238407,1.3478985465684137,1.6622213263978163,1.585653068822231,0.7963454975161155,1.5331294320360942,0.6953685745283325
2025-11-22,1.1735293923215986,0.816246741447439,1.615822163108568,1.342276253833513,1.6602411345227719,1.5721179084342243,0.7754029199245359,1.519543394029952,0.6896973650237916
2025-11-23,1.201814703881868,0.7788246141930486,1.582251171845036,1.3663355018135166,1.6837631632859182,1.5628139532134906,0.7784074266501546,1.5033223182886883,0.7004637566519614
2025-11-24,1.2036422550707786,0.7814716006108429,1.5626224628210699,1.3554861317332154,1.686052910897445,1.5649149593318463,0.7675976359659595,1.5005549632914132,0.7032872777283228
2025-11-25,1.2034179658495654,0.7765393185756301,1.5726508299376503,1.361583491356752,1.6956792337385593,1.5604528749373834,0.7652054468890875,1.493823797511847,0.7064525289135858
2025-11-26,1.196937570792351,0.7674822205210676,1.5987599768377314,1.378824392375495,1.7202579708174415,1.575021174279969,0.7693775124965221,1.5082593797648662,0.6997956782150723
2025-11-27,1.1860772277681602,0.7738609375469727,1.5835111909415027,1.3665227988388966,1.7028677068653923,1.5514135387415058,0.7575052007003011,1.5273189849490165,0.702022792660827
2025-11-28,1.1888838394281358,0.7690513083179248,1.6110974092066874,1.35398720801177,1.683450354322814,1.5279989819219,0.7506129468765431,1.52400923530425,0.6846008042603627
2025-11-29,1.1759934999388144,0.7760448744974537,1.629623922024304,1.3608347245818209,1.6874503927385442,1.5125341407720596,0.7377615546541807,1.5484781592932906,0.6915366789293589
2025-11-30,1.159271551321674,0.7892134950672102,1.649307913324545,1.380810675640751,1.7069831698551574,1.5186087026598025,0.7610309466346882,1.560878989027553,0.6838984608778748
2025-12-01,1.1697906760691195,0.7866970038632661,1.640353957430224,1.3803571145121931,1.72727802386355,1.50575686370722,0.7454455336452686,1.5620836253047343,0.6784797344936186
2025-12-02,1.1731880883763668,0.7915827917711672,1.6411461584036102,1.3872882829138293,1.776008918806826,1.5051488835053468,0.7544594810094762,1.5408253991754643,0.6879732435450537
2025-12-03,1.1702061890732718,0.8004966023967811,1.6440634372534633,1.405115892236057,1.7730875247399993,1.4977130744001486,0.7505436469567974,1.545013434245685,0.6823175166921752
2025-12-04,1.1670559676906043,0.790249411647937,1.678361355742767,1.4042775767818885,1.7853937382810199,1.4741814455921811,0.7478927494732439,1.532818533633924,0.6672560852420552
2025-12-05,1.180613893701544,0.7871134992922907,1.6774495934344151,1.4307342758579114,1.8192092349394355,1.4829633769215966,0.7454826864660488,1.568820510111785,0.6726948053697377
2025-12-06,1.1816394365467005,0.7984664014238875,1.6876481270588806,1.4357596085030508,1.8255990528888228,1.482276659884418,0.7547084127992881,1.539016611433419,0.6678107985080277
2025-12-07,1.178902269721933,0.7897385890833454,1.683005837269238,1.4048656295751538,1.7798808163009465,1.4632207405685833,0.7381495111547769,1.5446319304273943,0.6799599619327618
2025-12-08,1.1807391757540706,0.7930354024126809,1.6674888960021357,1.4048659456207557,1.7959226460326878,1.4597332369760978,0.7532150753892554,1.537274583626127,0.6942729530117702
2025-12-09,1.1909260236836947,0.789133323690924,1.7033861440995126,1.3820199238273911,1.7848995747802174,1.429702749950673,0.7454467013787358,1.5332405860177056,0.6886736514884181
2025-12-10,1.1948401194971132,0.7943455792289897,1.6748048853957829,1.351159995444876,1.7600549475749312,1.4110897003354783,0.7417319362999937,1.5331221388933267,0.6937614731603984
2025-12-11,1.1919213276254212,0.800565582911746,1.6772455675663507,1.3664345944824379,1.7650216249621398,1.411964552974737,0.7370747668975334,1.539539112136848,0.6869253650961249
2025-12-12,1.1851187988845386,0.800356147030762,1.6723777126438628,1.3753929318398863,1.77364254679193,1.4226442418210674,0.7257577051236689,1.5375853114258282,0.6912193999537186
2025-12-13,1.187772684293343,0.8062328884777202,1.6900819977059462,1.345033280494142,1.7388164898851943,1.4287742733144182,0.7283574317319836,1.5418069671430732,0.6845617871815759
2025-12-14,1.1783611501384483,0.8211959661497519,1.6602422753374155,1.3417310733293686,1.732373623602877,1.4260402448499385,0.7261509010543925,1.5328437979654712,0.6793132049083718
2025-12-15,1.1789276486636115,0.8106653318133274,1.678441389980106,1.3539909623477706,1.7412924914492405,1.4139612179784506,0.7272378138887574,1.533027039907865,0.6890867026628834
2025-12-16,1.1892200720287056,0.8211315550767447,1.710121223676368,1.3619194435529491,1.7568027207185692,1.4290865730070863,0.7205318223274293,1.5378049226945623,0.6860516203120857
2025-12-17,1.1786962871010573,0.8311960924569137,1.7311374806077635,1.3855637073012943,1.7766800466991728,1.435142011356661,0.7283885450519243,1.5555059419186907,0.6926753143395976
2025-12-18,1.1955900947085538,0.8244969002977317,1.7133351224059206,1.368306716813468,1.742797109539928,1.4740047791289637,0.7337110060772134,1.6095617835181653,0.6982201167695536
2025-12-19,1.200645376254213,0.8177187488435415,1.7126787758199538,1.3408532889637463,1.7124502538532946,1.4728338858197156,0.7470513306342921,1.6390774259959517,0.7211343713914691
2025-12-20,1.2005735648291669,0.8188496593149703,1.7223331264100532,1.3399549932968489,1.707745783491054,1.4486605385824998,0.7421342578506395,1.6079678464582798,0.7171018379641904
2025-12-21,1.1936526340745903,0.8226919447210864,1.727768372847986,1.3178567013323383,1.6864701712712573,1.4595343682903938,0.7145997598742084,1.6130684711080507,0.721327160242258
2025-12-22,1.1974168562862366,0.8178328523291838,1.7133244340403613,1.3299726951274986,1.6980606447031283,1.4682699428424804,0.7078198854374218,1.6047359312469869,0.7170072477482727
2025-12-23,1.1889577715303439,0.8093522030930801,1.7230184430898463,1.324657671447272,1.6934467296616476,1.4692008637639817,0.7053472202041722,1.5909163132302682,0.7233670707998624
2025-12-24,1.1925096455482087,0.8130242231249092,1.7154421616043634,1.3160543890369933,1.6840384378526112,1.4650797826506714,0.6806645895656308,1.589269722673774,0.7302769940948255
2025-12-25,1.1963660643227823,0.8101439710969397,1.685060785485024,1.3484046231313522,1.7159162211371701,1.4862213197531133,0.676826045843542,1.6225231756131575,0.7225310883941581
2025-12-26,1.2101117573719402,0.7984443483029796,1.7141229724575042,1.3408338592728513,1.7373717535743285,1.54554830696375,0.6827439390317194,1.6465611746445066,0.724840537652214
2025-12-27,1.2031200051413755,0.8051771661956506,1.7384963387569363,1.332274737719335,1.7296526926376248,1.526223416797117,0.6803684705487009,1.625353135165484,0.7248724666475573
2025-12-28,1.1895668498092704,0.8050026307567094,1.738385118660728,1.3196027006908229,1.7159850226657751,1.512267213167561,0.6766885592450083,1.5971637872392135,0.7303873362984163
2025-12-29,1.167734611460504,0.8246846969657654,1.7463228176954984,1.3077610347523567,1.707071307617064,1.5053578602770619,0.680833307801491,1.5653935070775562,0.7391282331840803
2025-12-30,1.1779115303382484,0.8204091816895147,1.7448144890418456,1.2823194771488229,1.6894652299727606,1.5240886254039496,0.6742608046221302,1.5406566406209212,0.739210391485906
2025-12-31,1.1933576811478628,0.8053071849982776,1.7366239477642718,1.2209403782087749,1.6298803007456386,1.5908362774881402,0.6411952807342429,1.5580930368254202,0.7463943789555468
2026-01-01,1.199939787683434,0.8004243587105425,1.6931785912245023,1.2329412475456525,1.6384041283520798,1.603998890174841,0.6473655615569532,1.5990500780655428,0.7314590019251527
2026-01-02,1.207759723593997,0.7983381752574579,1.6841468758914235,1.2236881313844716,1.6333981332141347,1.6242002185442694,0.6442328770194508,1.6193074339192683,0.7217523261754142
2026-01-03,1.1822888665982392,0.8288100963189019,1.6123874027050051,1.2534297328062696,1.6722290645263318,1.6597428558131195,0.6426177197672559,1.617218296498144,0.7061887982660748
2026-01-04,1.1928332786180829,0.8218024610306078,1.6582786701308176,1.219431133952317,1.622638746362554,1.6705035073229775,0.6381338294582515,1.6273463636529106,0.7041091175754989
2026-01-05,1.191099097514441,0.8206159667407553,1.6922543683674633,1.2108732548527894,1.6358382743608686,1.6834297514102508,0.6258692553104047,1.621082627121809,0.6980980349564067
2026-01-06,1.1933350827109328,0.7980585353836801,1.7176788021491753,1.2344194806532813,1.6742404105679312,1.7054287119354568,0.6138024127095053,1.6062789763698584,0.6893867635831951
2026-01-07,1.1732383562440063,0.8011639800883456,1.7198638694150246,1.2265489982451074,1.6739341607567755,1.707208993078867,0.6205289592685668,1.5888890203667059,0.6767861151230163
2026-01-08,1.1675700268336981,0.7887347075578076,1.7465734134287336,1.2160999189536803,1.6802950138976347,1.7341725894926567,0.6308657977963296,1.6027334650418115,0.6682277942738657
2026-01-09,1.1524074629038563,0.7879711076818344,1.7673080172260076,1.2202231468120146,1.6882774714750322,1.7355913306308088,0.6329006469358138,1.604462643502021,0.6636803411609868
2026-01-10,1.1637006860458448,0.7821481180779928,1.77242595940425,1.2063501332630724,1.6690830345416412,1.7336281786043075,0.6395566427202716,1.5943831921221951,0.6649092837715378
2026-01-11,1.1647079797975224,0.7793292056667606,1.7840799434879304,1.210436841470588,1.6760403984180137,1.7115466383091338,0.6348222239926478,1.5728932446617148,0.6665275537625713
2026-01-12,1.188985037870105,0.7319981202287812,1.7678378866811997,1.217798022288362,1.6962353132324535,1.7315718344095985,0.6470049799708955,1.5829382476768261,0.6649377008415253
2026-01-13,1.1999768953742878,0.7378851560469564,1.8260583604808556,1.2283244192012686,1.7157723353514456,1.6988508264013555,0.6384952972409328,1.5636814103458554,0.6706655822014703
2026-01-14,1.1896027238414184,0.7416537166735281,1.8337246836437389,1.279646501752417,1.7786606218736345,1.7006364602942752,0.6306354699584478,1.5532877186091176,0.6581650625525859
2026-01-15,1.1892041180685597,0.7434038634577104,1.8277665285111495,1.264715851431454,1.7572226251280216,1.6999245165130874,0.6334165959342482,1.5590847535977161,0.6684119508391488
2026-01-16,1.143755885344026,0.765411944558464,1.8622040903009245,1.2764102677019795,1.7736468136645784,1.7334458095058627,0.6222179956242151,1.5834668304023976,0.6625756691084684
2026-01-17,1.1446683627973364,0.7681482643010743,1.865937170282815,1.2872788118935363,1.7975994201051453,1.7283871451442312,0.6449491707850435,1.5852602142344747,0.6608571934464628
2026-01-18,1.1258962148217742,0.7632327839818867,1.9056248401623144,1.2657035529318024,1.786155279732012,1.7213972237497488,0.6458279653377209,1.5947973461059166,0.6455342938860225
2026-01-19,1.1199684538468189,0.7791207181283621,1.8845735998611397,1.2580919087587494,1.7746444860791106,1.7377719812628762,0.6428523837792722,1.5961015631204445,0.6428824423314534
2026-01-20,1.10701743354532,0.7783249643096575,1.860191629757945,1.2430342162902117,1.7526214097134405,1.7517816610313586,0.6452710839271798,1.6088537705900812,0.6432627477884559
2026-01-21,1.0796718527976765,0.8002989464156619,1.8360551805616765,1.2609313584883954,1.7733472605502731,1.769226275556543,0.64749330642161,1.615085518211784,0.6371388875587216
2026-01-22,1.0731819633538078,0.7962576232721863,1.844043157265824,1.248726221760295,1.7526187087510066,1.7719320682525508,0.6477073438277673,1.6183856351258084,0.6388177432353498
2026-01-23,1.0996436967996326,0.7783198914532232,1.8774489013980658,1.2470247930840654,1.7486419790392695,1.7701118948736463,0.6468137700512525,1.6129657294032405,0.6421572972574037
2026-01-24,1.0978599492052645,0.7792628478568665,1.9397393134098173,1.2635203248411835,1.7546016462868128,1.7945631521350427,0.6420384547050987,1.605586558664497,0.635373505143658
2026-01-25,1.1017453129892767,0.7750195093975543,1.8916215759400812,1.2745057684089407,1.781630069296933,1.7561225140326222,0.6424211653041114,1.573982163356389,0.6445505161322256
2026-01-26,1.0976958690904994,0.7728278703290064,1.917240078789271,1.2580589683138872,1.7730503778794664,1.756549281519949,0.6436263399871477,1.5701299471859984,0.6462073180843976
2026-01-27,1.1385792550580844,0.7819158095726636,1.9186761642014667,1.2593754907011412,1.7700514447034255,1.7675116503206267,0.6425194964394979,1.5756981702158535,0.6438318245927753
2026-01-28,1.143366381663291,0.7931441277044282,1.9377184425243836,1.2638627940198277,1.7789969286082274,1.782204819126874,0.6427136577231305,1.5424551843686745,0.6304056068834765
2026-01-29,1.1550745859904226,0.7846914946056066,1.9481120930120124,1.279800625129515,1.796892391118442,1.8035219757888852,0.6409295513016784,1.5388983595905812,0.6282798796445281
2026-01-30,1.1612106173949202,0.7900431627638902,1.9846896110793881,1.2763016218750718,1.8042281955273414,1.812078655349921,0.6536908452691422,1.5464585555887835,0.613088545138118
2026-01-31,1.1469064902811288,0.7867605457213143,1.9978183156382259,1.2891873055916314,1.8259808313323318,1.8494332985878525,0.6606643721115201,1.5537799846463853,0.6138529666877682
2026-02-01,1.1348278189115262,0.7887860559061859,2.0256523407161935,1.2923994629249227,1.8336169545527932,1.8533547061989226,0.6578834955382109,1.5572957786406574,0.6230060536511342
2026-02-02,1.1343252492460827,0.8000740680434174,2.0422739451907246,1.2927209444454522,1.836637638949235,1.8691700207731623,0.6660318863623107,1.5611578905675698,0.6192003124226083
2026-02-03,1.1395401435578774,0.8020507916260841,2.01613994644196,1.3230172868946182,1.901500121415576,1.858581501726365,0.6766048168656995,1.629340483787875,0.6282933262299727
2026-02-04,1.1645235876463833,0.825178321920974,2.0573316550504646,1.3480286568890407,1.9337526516776304,1.9258757834694358,0.6907602539998253,1.6351501826886963,0.6122531540079514
2026-02-05,1.170927009491092,0.8132413551363723,2.0409896621383052,1.3105864336468878,1.8846308680169779,1.8680563789253022,0.7012247725326178,1.5724598102453937,0.6315209806392057
2026-02-06,1.1627124545119785,0.8137109611895841,2.0712645923512927,1.3283777340617178,1.9117198625667302,1.8687684043195432,0.7027631850039736,1.5867234607310141,0.6342489512922026
2026-02-07,1.16242818341311,0.8202762661692548,2.0881854502600063,1.3219002907019424,1.8952633434187476,1.8915782070011624,0.7083156677616922,1.5778766889680966,0.6260344674528058
2026-02-08,1.1536643611472492,0.8202868649708569,2.0956669919355857,1.3177627506789573,1.8977815476078645,1.8952532449044486,0.7125336121787023,1.5782168723884067,0.6278223648472304
2026-02-09,1.1473644029637136,0.8278018254564209,2.106443387166638,1.3241736331158453,1.912060669989906,1.9030918856582273,0.7144261611870732,1.5957317364489205,0.6213421490354467
2026-02-10,1.1185541043620038,0.848642156793839,2.079987476085808,1.314505115480959,1.9001375412786834,1.8778642571384698,0.7137405317804243,1.6097344724760676,0.6180873337351224
2026-02-11,1.1207776539110172,0.832320505877071,2.1241918944096776,1.3435025809660408,1.9371312790323199,1.8831982686408488,0.706267261825867,1.6080964248132605,0.6180028154117477
2026-02-12,1.145280587594074,0.8249859234076742,2.170051388817053,1.3091152978232383,1.8746193411613727,1.8578491249019904,0.6933153785628875,1.6264769609388479,0.635514334262325
2026-02-13,1.1714309197346306,0.8012175317570724,2.1130560989129012,1.2994158756540952,1.8686287316970736,1.8859912351093933,0.7076389806733479,1.5927174949385874,0.633281498897511
2026-02-14,1.1854190603629928,0.7971313599900877,2.1244822776717087,1.319449432988181,1.8703262261284972,1.865074901289413,0.6977968608153869,1.6024253007290854,0.6330031271037103
2026-02-15,1.1850389241750696,0.793584113751051,2.129433166714072,1.3255494570006277,1.8758911036654442,1.8581237569568703,0.6967193779864784,1.5930802948191238,0.6386629151870832
2026-02-16,1.1810277121196642,0.7991766261967861,2.1207145456288727,1.3261444536898632,1.8841785278393428,1.8542871103467764,0.6997240272217976,1.5837482601331174,0.6378186913757404
2026-02-17,1.184396828762849,0.7982316400335732,2.1617802628760305,1.3370737481968724,1.8997068075657646,1.8414365524919052,0.7231628282151514,1.551460354616723,0.6386310263761138
2026-02-18,1.1528524281749357,0.8127491617497792,2.1616445265110156,1.350883855870967,1.909430578731507,1.867374367490224,0.7215091548897408,1.5004245770591655,0.6372965825689976
2026-02-19,1.1583574161213406,0.8190134294365911,2.1773879061299866,1.3281609466821636,1.8887516866606453,1.8726177287520755,0.71426519335123,1.456908385813179,0.6447799888235823
2026-02-20,1.1555424977907383,0.823190192190361,2.177935009405583,1.32420367059957,1.8957713416432658,1.9083394606119382,0.7292283276568127,1.491370464092056,0.6471227107184276
2026-02-21,1.1225008130815448,0.8469561400930669,2.1843047812402623,1.3338002276645027,1.9095100725243745,1.8650322126452872,0.7111492375062818,1.4758623361183614,0.6463180655009967
2026-02-22,1.15214311640371,0.8311391554200221,2.201054541032935,1.3119703985658349,1.8837185393876266,1.9149957431857811,0.6977101188691868,1.476693069782355,0.6293118783727295
2026-02-23,1.1480618886433211,0.8214786334975352,2.2015134015165985,1.3237981301484198,1.9010267383247486,1.9142390546279762,0.708341874063151,1.4641182237081527,0.6341533027179723
2026-02-24,1.1511137560405047,0.8136759029565611,2.254029602099348,1.3604755861364106,1.847937441033641,2.047203210250194,0.7524287772673239,1.4638662965998948,0.6853314591729229
2026-02-25,1.1447376182299116,0.8064918894588325,2.2623719248194685,1.3657856186410373,1.8523447315788024,2.0313074824666755,0.7446732853502313,1.461921265807998,0.6718288523984796
2026-02-26,1.1656560152022655,0.7911238371582318,2.2724982038476385,1.3455367411046444,1.8351956562149654,2.0572147536680383,0.7392687203032242,1.4869459770904643,0.6658695444986561
2026-02-27,1.1468180900838623,0.7987727894790537,2.283166061479667,1.3405918384912883,1.846014180223147,2.0659254487525462,0.754463078585696,1.4791509223595654,0.6663128008332203
2026-02-28,1.145674097099229,0.7979475051301088,2.3004647432418377,1.341636505300586,1.83727562190616,2.0655995824806155,0.7620578472892261,1.4577261012106828,0.6605000360386477
2026-03-01,1.132226283231831,0.8075722802861157,2.315377180873007,1.301734058942628,1.785288839119422,2.051281054449778,0.7938742420934722,1.4406452045550873,0.6759802543349235
2026-03-02,1.1394352370067289,0.8028490366025651,2.3005395711097214,1.2891736178152928,1.7927328142197945,2.074768755259384,0.7719568069878904,1.4070679118481888,0.6714302022603128
2026-03-03,1.1428280527256114,0.7933553111320792,2.3192631736797398,1.28393584087478,1.7995581506388303,2.056387504434746,0.7686233992850162,1.398391366801319,0.6715257923606677
2026-03-04,1.1569649868412406,0.7926334633608585,2.3164167831641453,1.2937128812714904,1.8117419665065728,2.04950820514287,0.7625543708313979,1.3984995191528886,0.6746036393896158
2026-03-05,1.1737090222878503,0.7656900292329356,2.326114064777816,1.312145662938183,1.8356177382067596,2.0810222708795933,0.7649367461350315,1.4204753479610195,0.6680063079457501
2026-03-06,1.181539933795252,0.7725550766715406,2.3379051925014283,1.3156087898000433,1.8321167860842855,2.082853186529921,0.7727051801560691,1.4202481564553835,0.6657200964990756
2026-03-07,1.1935469956211884,0.7674673976186444,2.3161282587184964,1.3282399462096015,1.8450928848459704,2.1011396750714484,0.7754042761737109,1.4134498206167156,0.6581351753863715
2026-03-08,1.1793633302040059,0.7764468044257982,2.2775296551698054,1.3111270633218464,1.8224084595134888,2.1026545248529454,0.7616141792907009,1.39596397772503,0.6627337588609201
2026-03-09,1.2171849602375406,0.7892640420492827,2.23879184168467,1.2731363939370997,1.7816327775252088,2.177740061888345,0.7873460729765281,1.4119131105205553,0.6403822405528506
2026-03-10,1.208787665944733,0.8003384297884687,2.2758743654143725,1.2929604922352764,1.8125784087936145,2.2033369948464188,0.7784946174840319,1.422865954909303,0.6423562554937297
2026-03-11,1.2216112151214662,0.793791724833349,2.294077409731699,1.2739625591476214,1.7998101822074262,2.215446226986519,0.7777136314341662,1.4263915585761333,0.6372201970945712
2026-03-12,1.216453254880275,0.7830292217790076,2.3013183884189075,1.277963690866599,1.8081218549586198,2.1733536428307385,0.7666213243192447,1.4298671955694506,0.6342737859079624
2026-03-13,1.2138470155742955,0.7816455795628621,2.3076488569920537,1.2990137124416696,1.8277115346170905,2.1648548984662446,0.7583951888520827,1.4178382361428785,0.6331236690346435
2026-03-14,1.219458012834873,0.7744925942371246,2.315415415076431,1.2899052144150684,1.8047274713980492,2.1263203997587086,0.765199857427364,1.4052167506080975,0.6341291419768169
2026-03-15,1.230547531826529,0.7545267244368082,2.3105095254407235,1.2316444496043764,1.7525384318041022,2.213969260261924,0.7645142042029461,1.406778515007727,0.6413172075380693
2026-03-16,1.243696854478968,0.7348215861295665,2.339683389659978,1.2438944451929814,1.7629304634677263,2.21329693190746,0.7619563459148448,1.407793717301428,0.6272070459011769
2026-03-17,1.238510898608615,0.7323723153208591,2.3636000752471005,1.2655948631185017,1.7849299530993135,2.256009191175251,0.7565340093800609,1.4281924295141208,0.6164261957862249
2026-03-18,1.2546407675191407,0.7382584043959837,2.3601428743860153,1.2736038692818612,1.7932048614315708,2.2334960726532262,0.7621754159018511,1.4171526612659588,0.6145488485290372
2026-03-19,1.2539360525437921,0.7492845918941791,2.34390105872242,1.2722870383301141,1.7814362294726094,2.256732480016839,0.77212415775708,1.440055440708112,0.6176470145398373
2026-03-20,1.2577404731744815,0.7410870850306737,2.339863482384568,1.280139433529425,1.7890295511387326,2.2689348603590593,0.7802475094691864,1.435129871927561,0.6142183841851094
2026-03-21,1.2703124002249186,0.7334971309148587,2.346314339509576,1.2874471495986652,1.8085017163933428,2.26662653196865,0.7785689005132487,1.44191760764951,0.6219164554895281
2026-03-22,1.3026956006443322,0.745587128440223,2.301351632128853,1.2762173818932752,1.7318996858451197,2.3071652173219652,0.788657651295076,1.4104122948656435,0.6231859913078569
2026-03-23,1.2787199139125098,0.7616170569577195,2.268225100793437,1.2787284011985296,1.7296692799656814,2.305106231015721,0.7964199711040425,1.428695742569813,0.6171145733370472
2026-03-24,1.2751126535144153,0.7530000894932671,2.2569350231979723,1.2773627690615073,1.7469964536452733,2.25660696233587,0.7841147898814271,1.428803682702516,0.6089941224459453
2026-03-25,1.2914535569348595,0.7520513130433931,2.262972865990962,1.2981783581713373,1.7590343258822152,2.2682336884473306,0.7844412872150649,1.429420389614484,0.6004164659359751
2026-03-26,1.283376642657878,0.7555995981477067,2.3174103931479433,1.2844970942699363,1.7497273917906504,2.28512612864109,0.7761096230466357,1.4207314891094298,0.6038634170100109
2026-03-27,1.2704957747345653,0.7617524816912615,2.3145916467810785,1.2976199509091109,1.7565226967407033,2.2518385753618095,0.7896284940175035,1.413611026824146,0.5967367704546972
2026-03-28,1.2715249287874169,0.7569398055279493,2.329149185747757,1.2857821627453716,1.7449787513937765,2.2593867175365396,0.7838051413338646,1.3955198307750087,0.5894561647730353
2026-03-29,1.266335488017901,0.7553590339859938,2.3368487703933494,1.2944027926696124,1.770289486426751,2.2245839356607258,0.7812040843886151,1.4134353405028885,0.5893312936924103
2026-03-30,1.2617629993876698,0.7526920435300023,2.358581748414771,1.293680795513685,1.7888761453619553,2.2201362628238086,0.7706328895865626,1.4194114183077655,0.5916122780821081
2026-03-31,1.2768733449112992,0.7335176218644024,2.358018598085693,1.2930537983318429,1.7940623556623831,2.18574499090561,0.7737017096455613,1.4191283068141702,0.5861150986229278
2026-04-01,1.2709613117237128,0.7347362579831639,2.400378349719473,1.2895631541386048,1.795951685460387,2.2441395163013143,0.7459095464077092,1.409565399179148,0.5747826933298943
2026-04-02,1.248781449985536,0.7553310241177748,2.3867620036618558,1.309524556097279,1.7974781796752433,2.234030319130154,0.7385676275981078,1.408239069246317,0.5755945972222973
2026-04-03,1.2454277284335984,0.7508205863476971,2.411434557927681,1.3152469428798101,1.804717211459708,2.231958560813999,0.7566049943743467,1.408460562209605,0.5788928219873308
2026-04-04,1.2559876999196111,0.7440414734914871,2.4185205337255935,1.3039294294657047,1.7925640049593121,2.212332212529801,0.7569256403575663,1.3876968396170264,0.5704463089209774
2026-04-05,1.2469183291597656,0.73101203521171,2.4644782430526098,1.319648046151809,1.82419460802423,2.218096732608851,0.75253064780952,1.393606792220576,0.5689619142189578
2026-04-06,1.264457005120197,0.7211089799725273,2.4436758494986,1.3005816171425777,1.8005034916511629,2.200089243233361,0.7556367137911982,1.3778271633369155,0.5706245042924363
2026-04-07,1.2641311744522195,0.7251672765848733,2.460993909603007,1.3557303951022162,1.8423125235046036,2.197540151672337,0.7586896848537507,1.376734579461504,0.5536448631903972
2026-04-08,1.265923179326771,0.7211758288980153,2.4643325975439025,1.3811720094680915,1.8648583904470537,2.193165523293348,0.757805910851157,1.3636003535819563,0.5573688187829297
2026-04-09,1.2644103896206507,0.7166678748859564,2.499575661639235,1.3801821427159744,1.8354700156890917,2.175238411681739,0.7611931213900417,1.3743715405313308,0.5575397178728079
2026-04-10,1.28098036432336,0.7174316982090045,2.4631689828402914,1.3683252439858073,1.8219548695908845,2.163723626781337,0.7672054168709959,1.3748748066555447,0.5521031443181648
2026-04-11,1.2949167207842003,0.7232801323226581,2.467091907042242,1.3898397133752103,1.83151894193537,2.1731486575110615,0.7751351720762997,1.3604618291706418,0.5431980486384752
2026-04-12,1.3133396536993698,0.7158143698896867,2.469715490438294,1.3333656108749408,1.7543391264905968,2.1489594702224584,0.7693768965324773,1.404683062109753,0.5504114238334112
2026-04-13,1.3248585179314476,0.7179251971928972,2.4986290094881487,1.3379406175990571,1.7723708083948817,2.1734522776510206,0.7631451359714284,1.4033537431011063,0.5438128852352552
2026-04-14,1.3276139223174854,0.7065757986846015,2.4915533414528883,1.3258130160932389,1.7370239452977874,2.1973191294495824,0.7577215896296196,1.417451497393808,0.5451096409617758
2026-04-15,1.3071499367771897,0.791026727361803,2.395038354219614,1.2968267222468242,1.6971753232579625,2.2115323552435004,0.7696817615751602,1.4566260829836493,0.5562941254320477
2026-04-16,1.317765778631998,0.7821009423946533,2.440484741957414,1.2970085566115777,1.6953643508875327,2.2378165977139663,0.7621118980749421,1.4645430231102998,0.5452692131862462
2026-04-17,1.3178072938339351,0.7798370840124121,2.5069616177739205,1.320490656305855,1.7260586084564034,2.2502562995446835,0.7384091460642898,1.4871244861758197,0.5346327511784448
2026-04-18,1.3037678750689399,0.7793116499098658,2.5012742346823336,1.3513612080214397,1.760884193615356,2.312473323332101,0.7410019422722073,1.497529783472355,0.5322375142690892
2026-04-19,1.2943206338691198,0.7926554216188605,2.481233455054761,1.3531993676878207,1.763706627189837,2.3110555502905896,0.7355718958496877,1.4999112042852252,0.5257940252687824
2026-04-20,1.2820364429081916,0.7835088823340862,2.5472331575204437,1.3594888436553068,1.7663907522185285,2.297871752469636,0.7444577270980549,1.5135944542489699,0.5238735814767552
2026-04-21,1.265206079293789,0.7763515998719934,2.6079303257945132,1.351369359160366,1.7468209355291944,2.3201000762769235,0.7530358067705863,1.5190056199015096,0.5248886816148014
2026-04-22,1.2718479797170452,0.778976198931561,2.605736349365259,1.34746806330328,1.7433641591219713,2.3182772778233396,0.7502763800254729,1.5108966469495304,0.5288597153213291
2026-04-23,1.225489945363628,0.7820132101073456,2.57664725784075,1.3398166075423092,1.7324217925884227,2.29961208016325,0.7484196997701154,1.5019417279466878,0.5322438360562832
2026-04-24,1.2076664794708343,0.7631936841595378,2.6877611620137127,1.3340980724287135,1.7209574294519332,2.32179520792613,0.7583047020823941,1.5048818804011062,0.5295169581647926
2026-04-25,1.2316615986722854,0.7418607643481698,2.731682957862447,1.336470751803643,1.707392257857886,2.353680593859981,0.761449112025963,1.5068436526430264,0.5280488225402395
2026-04-26,1.2340239684892111,0.7441502028123824,2.7439843068773584,1.3369564174178903,1.698532587042808,2.3380342380129506,0.7574839529885035,1.5176109493381307,0.5298450069351001
2026-04-27,1.2378181506007009,0.743231927628181,2.719704274803355,1.3268333291700332,1.676734253358463,2.3430708930669444,0.7551685179073346,1.5090161533413997,0.5356805278045323
2026-04-28,1.2377205071166995,0.7376310187456194,2.7628577655520328,1.340433116143095,1.6804716617138848,2.2973872566043854,0.753364607212371,1.4858195198332642,0.5395042875677615
2026-04-29,1.2433123227974479,0.7378035848527695,2.7575416993093484,1.3463851372342355,1.6869169937025155,2.2975994086820415,0.7569230259260255,1.4724863953299456,0.5402200819946471
2026-04-30,1.2516977098890243,0.7450309834902072,2.7610567863512188,1.3481614499396781,1.6893112685623597,2.3208228477845134,0.7485315820825834,1.4739604900204495,0.5408257463802981
2026-05-01,1.2747985843230103,0.7364700162960791,2.716964407472844,1.3375180275005196,1.6779615772962677,2.365734347873299,0.7513897544744057,1.4739205045544552,0.5406599627153436
2026-05-02,1.2805794215857444,0.7365603339665434,2.7486897452783228,1.3368576079329135,1.6819165131744394,2.3813502951456362,0.759126484329498,1.4601086890734518,0.5399429077727227
2026-05-03,1.2719007958287123,0.7372231769570888,2.7520152291942788,1.3327974791891557,1.687588939097307,2.3562501080545144,0.7656746651335155,1.4549117294427796,0.5401093196645788
2026-05-04,1.2540162762704503,0.7380177524223231,2.7615691827710362,1.3340369114078892,1.691928202849758,2.3297951550814897,0.7628227544948704,1.4490849835413213,0.5510270633144281
2026-05-05,1.253120583304233,0.7534696451979099,2.672080251929206,1.3873186391798054,1.700820168125673,2.3524256680400986,0.7623940868761947,1.4996405200174883,0.5590969070336167
2026-05-06,1.2198385350313834,0.772867253342738,2.536701797762781,1.4045798544390533,1.711212005060333,2.3286059947202755,0.7753229322532601,1.503704669551207,0.5542558798170879
2026-05-07,1.2388076807640012,0.7955638821348986,2.540609444101418,1.4422599255131228,1.7567757250506335,2.316667112537156,0.843306558476013,1.5370928446617431,0.5709828941681517
2026-05-08,1.2352301910317751,0.7696463574513571,2.6327088921774426,1.4452121116973837,1.7603716989334233,2.3362891283288096,0.8214294932077076,1.5464778577962588,0.5644952076554469
2026-05-09,1.2477710627323815,0.7435498108234312,2.7049965931131523,1.4357110922306873,1.7222528563926942,2.3395757212788277,0.8323733626034356,1.5495265372486464,0.5690294140515594
2026-05-10,1.2239515003183057,0.7341040660140555,2.6969980105494327,1.4576823674470456,1.7418451379611182,2.35578955466727,0.8359128658163361,1.5346197943862825,0.557718238280142
2026-05-11,1.2233249819322038,0.7417150278782463,2.6453466451431216,1.445628063643015,1.7373153187694481,2.436093167488849,0.8417327194505353,1.538474429798499,0.5524412710211956
2026-05-12,1.2395702916103304,0.7281094369368117,2.7118383980715777,1.4577728728417287,1.7637339678001946,2.497396279168738,0.8804198898874943,1.5383094980514862,0.543517379421646
2026-05-13,1.251239337568415,0.7230566013504941,2.717915969495625,1.4491421093926038,1.751601670317854,2.4613773540739783,0.8803735840311563,1.51926834864965,0.5443208623333655
2026-05-14,1.2300144822660268,0.7044919790681503,2.7834349684755755,1.4760393690350069,1.7753205087978057,2.444180341337672,0.8964813042503319,1.525419885842506,0.5475073372198146
2026-05-15,1.2081847265952927,0.6993283674445827,2.8285683820468384,1.4927500587415727,1.79531281943273,2.4595803808962318,0.8956010412687279,1.5349076889288769,0.5385700637074459
2026-05-16,1.2091585664174107,0.6999458570962189,2.8196193936795053,1.5095712292597918,1.819332442749869,2.4380098252707167,0.9037679471847272,1.533125413406583,0.5362164293724737
2026-05-17,1.2379271384401487,0.7002932936268942,2.746494241256541,1.4860016265629319,1.7894304594968269,2.466937776265437,0.9241392785171963,1.5370696779777384,0.5217960673337843
2026-05-18,1.2361324298919616,0.7050591235462748,2.7608599055319707,1.491369316338863,1.7960731286992528,2.43050892621236,0.9152414172126976,1.520588643817539,0.5237748403419692
2026-05-19,1.267701777703179,0.6824217950858354,2.709536439402466,1.4871294884146886,1.7909670554271995,2.3714086217878756,0.9340170212750954,1.5116694277517375,0.5372818060060893
2026-05-20,1.2571739978968925,0.6783854056145715,2.7211880953944347,1.4950299720094649,1.7934263786028024,2.4309457660415035,0.9487368397307628,1.524834126275368,0.5260033327782073
2026-05-21,1.2370582941920416,0.6900453421372709,2.747916463005092,1.4981692937207316,1.7945701041151552,2.407212559525137,0.9653417023729668,1.5186109299548542,0.5178777604474087
2026-05-22,1.2019449185212823,0.6844118098153025,2.746713645889493,1.4983648425975755,1.806663841473319,2.4110677555722173,0.9959429193586176,1.5277151395866904,0.5185978362704996
2026-05-23,1.19941397799833,0.6862859247518077,2.7839743740654086,1.4936382360140494,1.8046161253535213,2.415280679201238,1.0015061375597398,1.501305053619907,0.5152858353901482
2026-05-24,1.216316814767332,0.6882105177407295,2.6763584709409094,1.545354471361518,1.8658612141745408,2.40952835119281,1.030420199948748,1.5295985105249539,0.5017261511475183
2026-05-25,1.1921003330432873,0.7051605893476918,2.655861316490335,1.527332032814092,1.8362476806933483,2.4128360547010197,1.0333875970557114,1.5443544121978736,0.5000157834431067
2026-05-26,1.1934433921400625,0.7049160602532502,2.6851676605767167,1.4692184882096895,1.7580921145681223,2.40794449907041,1.0368218011889203,1.5734937956931125,0.4916456997467747
2026-05-27,1.1558734730434295,0.7042481520744059,2.8398841372801007,1.4024545778190585,1.6860968367532503,2.374299493967818,1.109517515396418,1.625229093577195,0.4708392544093355
2026-05-28,1.1093241664988576,0.740049305567728,2.8394085890951657,1.3097808760233747,1.6026505264802442,2.459805687589851,1.1329477337776703,1.6979703405727804,0.4297491217093698
2026-05-29,1.1315678561191271,0.7396982118768534,2.8112651881419612,1.2837995711252723,1.553506136952641,2.5048085934594733,1.1160075718830933,1.5992018247250384,0.4414437517731817
2026-05-30,1.13981795292198,0.7320088966823581,2.806049588748071,1.287134601979441,1.5570757547093699,2.477849022821601,1.1449350751588165,1.6531091530996247,0.42475558612059316
2026-05-31,1.1936479819683077,0.7314918858565975,2.6984246648507937,1.2856484631720886,1.5552779390795963,2.427797767735816,1.1011235212005077,1.6497286612625246,0.42974262537586705
2026-06-01,1.186704900130078,0.7190011095126703,2.693897477651053,1.2851681876745804,1.5643692573473658,2.4186344125080077,1.1086890190128864,1.6812520752841817,0.42267652795243
2026-06-02,1.1872193395014088,0.7434661251060103,2.53055343506635,1.2343189384833781,1.502473076787647,2.3590427492397525,1.132387785907904,1.7197350469113177,0.4448116280107887
2026-06-03,1.2153741263052291,0.7056569057415252,2.6350762224068722,1.257204391511419,1.4820531497409428,2.2955841600206344,1.070670514418509,1.7000532482451,0.4423495449313629
2026-06-04,1.2114654537586662,0.7117808103136275,2.660144342795448,1.2654050430951558,1.4937213247797645,2.226404071838301,1.0213925120083096,1.7598536951904087,0.4247422200474833
2026-06-05,1.2071383359757974,0.701445897773297,2.71075812902069,1.2735819032768605,1.5220595271500197,2.2296535743888253,1.0066143011878395,1.7749166485703622,0.41014435582996717
2026-06-06,1.2159991900462237,0.6969111349527984,2.665120233310518,1.2462854285132623,1.4791697369754597,2.2241429842866727,0.9826884412750709,1.7023135418983117,0.41602754988191926
2026-06-07,1.2234465867864277,0.7026857053117435,2.654202734573854,1.21605933878693,1.454178340636447,2.2269724621519456,1.0163848856161268,1.7023430886465474,0.42471815356232845
2026-06-08,1.2135739892173776,0.7103514696322446,2.674478555045411,1.2221813610243835,1.461499128244953,2.2340078121078597,1.0279379751869346,1.7345434000071942,0.428197721491157
2026-06-09,1.1806527821011465,0.7103409702936841,2.7672837467878226,1.2234733702557934,1.4661830547628532,2.2552782362142034,1.0352321387508798,1.7211182808739243,0.427907219629043
2026-06-10,1.1976335712772697,0.7109722884401397,2.7682469950848327,1.206852351347104,1.447778235141688,2.3235551332195303,1.0398105394444088,1.7453389414968727,0.42723962493257184
2026-06-11,1.184472028314948,0.6955006275875946,2.7824847549086402,1.2070445183124838,1.4494054546123825,2.339437851604554,1.0589616949863838,1.7326778745136924,0.42567935130873924
2026-06-12,1.2126796472515804,0.6857055205145549,2.7318062027860264,1.2156268920991637,1.4377646693797097,2.3499537160200594,1.0397954860374352,1.7551875030193627,0.4309348425769457
2026-06-13,1.2065976762176485,0.687190870446436,2.7439712871693036,1.2076364755260822,1.4450590793193494,2.340598048844161,1.0351292663233767,1.7347471803423875,0.4294128040948154
2026-06-14,1.2114993850984126,0.6749506625864985,2.7109220283551942,1.1675457964577431,1.4024645305923842,2.340159692208378,1.0173554893018328,1.781178002728165,0.43603018016803285
2026-06-15,1.1965714202794073,0.684723765088407,2.6931534803855635,1.1349490210228137,1.3428190814023049,2.2841148058966834,1.0487374095251882,1.796534267831986,0.4483577476419759
2026-06-16,1.2080728891162684,0.6643152738569693,2.7393636695187937,1.136114033642796,1.3518521787013633,2.3490065443708024,1.046417226449607,1.8435036960784805,0.43915962470146014
2026-06-17,1.196979767626844,0.6782817434254544,2.6772342138643728,1.1651989003708525,1.392822236837353,2.3445561619450297,1.070936256925323,1.8892713067712517,0.4363205340390136
2026-06-18,1.1838102719787005,0.6674038021007586,2.721413926239891,1.149929669566479,1.3770443265349983,2.2786698433849475,1.027955079700104,1.8620400797328174,0.4394948660219937
2026-06-19,1.1776177874787321,0.6495530090073731,2.8542831836506517,1.1412628598577474,1.3637080962138188,2.3256597642721935,1.0322931885433095,1.8292283586470093,0.43867954433166734
2026-06-20,1.159635517515285,0.6507938701826378,2.821163547747882,1.1340567084563464,1.3485390436079567,2.3145080330246888,1.0265388361116892,1.8149865864799708,0.4453660092904088
2026-06-21,1.1612647635601496,0.64968104187264,2.8129576618706102,1.1459884768622792,1.3644765043811433,2.337885475776357,1.0397502737911284,1.8218812136133116,0.44570519417441234
2026-06-22,1.1475855828486643,0.6480479696343145,2.8320734351427688,1.1624465825955537,1.3868630034362028,2.343653031525167,1.021246338137207,1.8077904313609727,0.43888162999390523
2026-06-23,1.1595453337071755,0.6560674735045425,2.795370893634239,1.194135028715377,1.4290859093360533,2.241924122192817,0.9950978741679367,1.7912559966122081,0.4357320527845278
2026-06-24,1.1395058423189441,0.6748349784188058,2.7708706930234257,1.2201554388100946,1.448948335672345,2.2278083929745627,0.998611174336381,1.7740390910284316,0.43399038169005844
2026-06-25,1.1195654096799388,0.6566076601135831,2.624456842905608,1.2182785533174458,1.4541170000005,2.2254658647187737,1.0194183872061058,1.7773353949543162,0.43790419617164494
2026-06-26,1.1364516448609543,0.6364298032146525,2.7000116740005926,1.2262664086781547,1.4516382454081784,2.225252524532796,1.0301119928984608,1.7782165516445996,0.43686590734147907
2026-06-27,1.142611754794832,0.633051045786144,2.713729325706775,1.228972084808148,1.4461411594159022,2.237362992059994,1.0346801281543978,1.769460041673273,0.4385754231186356
2026-06-28,1.1107385911725085,0.6404383245513436,2.689422838493881,1.2305468899508842,1.4478496309502553,2.227060363821197,1.0382858665253947,1.7610000634000025,0.43376709274385317
2026-06-29,1.1229499422211005,0.6324738660352968,2.714666288219814,1.2649546588321783,1.4894464784594768,2.279186606206063,1.0313745447194231,1.7901443561947454,0.4212264916401594
2026-06-30,1.132675927219629,0.6249025554247082,2.844974124611318,1.2831527451357656,1.511023128337962,2.2662656810591564,1.0512467459026615,1.7798749375771494,0.41161970036553147
2026-07-01,1.1471719677016436,0.602634655587771,2.7996111181377983,1.2767535762404585,1.4987091305519247,2.2662656810591564,1.0546285379586726,1.7916684943653751,0.42308385421859673
2026-07-02,1.1535106429556343,0.5835324880631794,2.8596344415940327,1.2691215148855535,1.4719038989167035,2.2662656810591564,1.0408542942877508,1.825287753044048,0.4186239663201371
2026-07-03,1.1595224273328473,0.5755847971355282,2.8849893718327646,1.2699852651712826,1.470184788978914,2.2662656810591564,1.0463451667871293,1.80345096514974,0.4053609814313569
2026-07-04,1.146614549305167,0.5743325431521745,2.8971133175214043,1.275864613675002,1.485064031054987,2.2662656810591564,1.0523001015099092,1.793144491527066,0.4059760244312171
2026-07-05,1.1414472291913136,0.5852473214310037,2.854891554261535,1.2989716138315552,1.5121083181156005,2.2662656810591564,1.040158853011781,1.8070107898085586,0.4150988029744574
2026-07-06,1.1485112012924832,0.5777252055473774,2.8816892232477946,1.3273435975158976,1.5451356083763848,2.2662656810591564,1.0394068659365059,1.8085788467853463,0.4202882192491698
2026-07-07,1.1460934944151366,0.5841116417812046,2.9508435684252516,1.3391571874148283,1.5669464095659482,2.2662656810591564,1.0542616897947419,1.8086952471722033,0.42451297143222916
2026-07-08,1.1558116731690775,0.5755397345100975,2.988311021768561,1.3576970579615755,1.5812095162616828,2.2662656810591564,1.0801653054697637,1.826505149927302,0.4157394640545008
2026-07-09,1.1540940046071082,0.5821984839260254,2.9634089446900718,1.3742568194816438,1.6071042719038993,2.2662656810591564,1.0931287580167692,1.8196584826683977,0.4143258185904876
2026-07-10,1.1405817672000194,0.5822612497561567,3.0079096451502543,1.3936597333007306,1.629791068747715,2.2662656810591564,1.1142912853997182,1.8147833548621233,0.4134183340385982
2026-07-11,1.1484616643364947,0.5747177001294425,2.9707145035558873,1.3887651395877618,1.6180751184101303,2.2662656810591564,1.113404970442996,1.8218024705380294,0.4134715401339059
2026-07-12,1.1534308447434258,0.5720159577848781,2.98646809700443,1.3887533212437486,1.6222446119899625,2.2662656810591564,1.1256883817241488,1.825880659488455,0.42123165372491933
2026-07-13,1.153971144090745,0.5697384468397952,2.994743050952534,1.3709374290780232,1.6106295263994153,2.2662656810591564,1.1249766360038682,1.8318810765802498,0.4303723887911757
2026-07-14,1.1706395928476259,0.5687078464711284,3.0027096249260503,1.3511443600631374,1.585864927318004,2.2662656810591564,1.1645602866239757,1.8605491897966508,0.43827027748629016
2026-07-15,1.157441359331979,0.5727553678159667,3.0050836843316264,1.352341954175597,1.5746044310345761,2.2662656810591564,1.1417968157481215,1.8383538635621448,0.4301365187400654
2026-07-16,1.1474989507918743,0.5817149453946364,3.037420474294154,1.3493687505969345,1.5740685905838352,2.2662656810591564,1.1486650181891895,1.8558178803911696,0.4283815653774488
2026-07-17,1.1396917638288817,0.5778843502826364,3.0907658376369778,1.3480751954233043,1.5788442954315152,2.2662656810591564,1.1443874102620077,1.8412400066153292,0.4282492352896893
2026-07-18,1.1464111240550812,0.5714610470905637,3.0826629164360213,1.351091807213827,1.591411070793847,2.2662656810591564,1.1481781114905802,1.8261729749633833,0.4226645724517132
2026-07-19,1.1444767426590545,0.5767460844167974,2.9663409267440013,1.3287861406226023,1.5649787448704722,2.2662656810591564,1.1323971374546282,1.8173620684250567,0.42286288573943004
2026-07-20,1.1652090571324407,0.5641305757024059,3.0014685866973747,1.3424487539790655,1.5664649707155835,2.2662656810591564,1.1460665672203507,1.8541076928618547,0.42355379747615735
2026-07-21,1.1688010364542563,0.5646349721548926,2.9635072039252064,1.345518900535202,1.5700474367284545,2.2662656810591564,1.1459317421546902,1.8569676856642852,0.42269962263017835
2026-07-22,1.179275878027742,0.5683961198498421,2.981349110654079,1.3153391326662223,1.55811142373113,2.2662656810591564,1.1504597820010374,1.845021710587109,0.42745071419442887
2026-07-23,1.169866412704832,0.5641573809616546,2.922007238359777,1.326186157993752,1.565543743232971,2.2662656810591564,1.1410756378489597,1.8334319881928012,0.4224654504880989
2026-07-24,1.2054270253128188,0.5541287827900684,2.9540649529944285,1.3197057853605056,1.5619841399852583,2.2662656810591564,1.1645554621371117,1.8241772138136776,0.42731995363246134
2026-07-25,1.1993717874019576,0.5614315116534785,2.904566293044389,1.3356677992866357,1.5832511648092173,2.2662656810591564,1.1235930800221279,1.8698163064860656,0.43139337877789635
2026-07-26,1.1958832738724081,0.5653102189736976,2.931327903239016,1.3492061668257835,1.6066576155065866,2.2662656810591564,1.1304510324762118,1.8208729431069248,0.4256779981113836
2026-07-27,1.2028223325525844,0.5560972007579907,2.956284509557882,1.3810685229755981,1.6217761582822874,2.2662656810591564,1.1189758905605183,1.8107717187758312,0.41781613274917445
